# Resource object code (Python 3)
# Created by: object code
# Created by: The Resource Compiler for Qt version 6.5.0
# WARNING! All changes made in this file will be lost!

from PySide6 import QtCore

qt_resource_data = b"\
\x00\x00\x0aD\
\x89\
PNG\x0d\x0a\x1a\x0a\x00\x00\x00\x0dIHDR\x00\
\x00\x00,\x00\x00\x00,\x08\x06\x00\x00\x00\x1e\x84Z\x01\
\x00\x00\x00\x09pHYs\x00\x00\x0b\x13\x00\x00\x0b\x13\
\x01\x00\x9a\x9c\x18\x00\x00\x06\x0eiTXtXML\
:com.adobe.xmp\x00\x00\
\x00\x00\x00<?xpacket beg\
in=\x22\xef\xbb\xbf\x22 id=\x22W5M\
0MpCehiHzreSzNTc\
zkc9d\x22?> <x:xmpm\
eta xmlns:x=\x22ado\
be:ns:meta/\x22 x:x\
mptk=\x22Adobe XMP \
Core 5.6-c145 79\
.163499, 2018/08\
/13-16:40:22    \
    \x22> <rdf:RDF \
xmlns:rdf=\x22http:\
//www.w3.org/199\
9/02/22-rdf-synt\
ax-ns#\x22> <rdf:De\
scription rdf:ab\
out=\x22\x22 xmlns:xmp\
=\x22http://ns.adob\
e.com/xap/1.0/\x22 \
xmlns:dc=\x22http:/\
/purl.org/dc/ele\
ments/1.1/\x22 xmln\
s:photoshop=\x22htt\
p://ns.adobe.com\
/photoshop/1.0/\x22\
 xmlns:xmpMM=\x22ht\
tp://ns.adobe.co\
m/xap/1.0/mm/\x22 x\
mlns:stEvt=\x22http\
://ns.adobe.com/\
xap/1.0/sType/Re\
sourceEvent#\x22 xm\
p:CreatorTool=\x22A\
dobe Photoshop C\
C 2019 (Macintos\
h)\x22 xmp:CreateDa\
te=\x222020-07-15T1\
8:38:16+09:00\x22 x\
mp:ModifyDate=\x222\
021-01-18T11:21:\
23+09:00\x22 xmp:Me\
tadataDate=\x222021\
-01-18T11:21:23+\
09:00\x22 dc:format\
=\x22image/png\x22 pho\
toshop:ColorMode\
=\x223\x22 photoshop:I\
CCProfile=\x22sRGB \
IEC61966-2.1\x22 xm\
pMM:DocumentID=\x22\
adobe:docid:phot\
oshop:e1368171-2\
595-004e-8d12-b3\
746fc126fe\x22 xmpM\
M:InstanceID=\x22xm\
p.iid:efb00b68-5\
fc3-4cc3-8dc2-dc\
bb20ee6981\x22 xmpM\
M:OriginalDocume\
ntID=\x22adobe:doci\
d:photoshop:b317\
4471-6a56-ec44-b\
c92-8c2516524b9f\
\x22> <xmpMM:Histor\
y> <rdf:Seq> <rd\
f:li stEvt:actio\
n=\x22created\x22 stEv\
t:instanceID=\x22xm\
p.iid:89457940-3\
ce1-461a-af8a-44\
98cdc2e3ac\x22 stEv\
t:when=\x222020-07-\
15T18:38:16+09:0\
0\x22 stEvt:softwar\
eAgent=\x22Adobe Ph\
otoshop CC 2019 \
(Macintosh)\x22/> <\
rdf:li stEvt:act\
ion=\x22saved\x22 stEv\
t:instanceID=\x22xm\
p.iid:efb00b68-5\
fc3-4cc3-8dc2-dc\
bb20ee6981\x22 stEv\
t:when=\x222021-01-\
18T11:21:23+09:0\
0\x22 stEvt:softwar\
eAgent=\x22Adobe Ph\
otoshop CC 2019 \
(Macintosh)\x22 stE\
vt:changed=\x22/\x22/>\
 </rdf:Seq> </xm\
pMM:History> </r\
df:Description> \
</rdf:RDF> </x:x\
mpmeta> <?xpacke\
t end=\x22r\x22?>\xeb\xc9\xbe\xf9\x00\
\x00\x03\xdcIDATX\x85\xed\xd9_\x88UU\x14\
\xc7\xf1\xcf4c3R\x90\x89Y\x10\xbd4ddN\
\x82\x11\x16LA\x7f \x09\x8az)\x9b D\x1f\x8a\
()\x1c\x84\x12\xa6&\xad\x17\xa9\xa1^\xa2H\xb2$\
\xec\xc1\x87$b\xc2\xb2\x97\x92\xf2%\xcd\xb1!5\xfa\
3\x12T4\x95aX6u{X\xfb6\xc7\xd3\xfd\
?\xf7\xdeA\xe8\x07\x97u\xee\xde\xfb\xec\xfd=\xe7\xac\
\xbd\xcf^\xebt\x14\x0a\x05\xa7\x93\xce\x98m\x80zu\
\xda\x01w\x15\x0f\xc6\x1f\x99Q?\xe7\xa0\x13?Uh\
S\xab\xefu\xe4\x0b\x16\x8fL\x1f\xcf\xe4\x0e_\x86\xa7\
p\x00?c\xcd\x0c\xfa\xaaY\x8d\x00\xf7\xe3=|\x86\
\xc7\xd0\x87\xdf1\xb7\xce~\xde\xc1\xe5\xe2\x8ef\x7f\x15\
U\x0f\xf0\xf9x\x03\x1f\xe0F\xfc\x86\x17q\x93p\x89\
'\xeb\xe3\xb5\x02\x9f\xe0\xe1zN\xaa\x15\xf8z\xec\xc7\
]8\x8ea\x5c\x88\xfb\xb1\x1b\x7f\xd61\xe6\xcd\xd8\x97\
\x8e\xbb1\x82-8\xb3\x96\x93k\x01\xbe\x17\xbbp\x81\
p\x85%x\x02\xbf\xd6\x01\x99\xd5.\x5c\x89\xfb\xc4\xc5\
\xc3j\xecT\x03t5\xe05\xd8*V\x93g\xc4c\
\xfc\xa6A\xd0\xac\x0ax\x09W\xe1H*[\x81WT\
\xf1\xe3J\xc07\x08\x1f\xed\xc0\xd3\x18\xc4_3%\xcd\
\xe9s\x5c\x87\xb1\xf4\x7f\x00\xeb+\x9dP\x0ex!\xb6\
\x8b\xb5u364\x09\xb0\x94\xbe\x13s\xa4x\xa77\
bi\xb9\xc6\xe5\x80\x9f\x17\xd0\xbb\xf1h3\xe9\xcah\
\x12\xb7\x8by1\x07/(\xe3\x1a\xa5\x80\xfbM\xaf\x06\
\xab5\xcf\x0d\xaa\xad\xb3\xe3x \x1d_\x83;J5\
*\x05<\x9c\xecfL4J\xd7\xa0^\xc7\xbb\xe9\xb8\
\xa4/\xe7\x81\x17\x0b\x7f:\x8e\xe7Z\xc7UQ\xeb\xc5\
*\xb2\x1c\xcb\xf2\x95y\xe0\x01\xf1\xd8\xb6\xe1X\xcb\xd1\
Jk\xbfX\xefae\xbe2\x0f|[\xb2;Z\x08\
T\x8b\xb6&{K\xbe\x22\x0b<_\xbc\xc5N\xe0\xc3\
\xd63U\xd4\xdb\x98\x12.\xba [\x91\x05\xee\x13\xee\
\xb0\x0f'\xdb\x86VZ\xc7pP\xf0,\xc9Vd\x81\
/N\xf6\x8b6AU\xd3x\xb2\x17e\x0b\xb3\xc0\xc5\
[\xffC[p\xaa\xeb\xdbd\xcf\xcd\x16f\x81;\x93\
\x9dj\x0bNu\x159\xce\xca\x16f\x81\x8b~;\xa7\
-8\xd5U\xdcj\x9e2\x9f\xb2\xc0\xc5uwa[\
p\xaa\xeb\xbcd\x7f\xc9\x16f\x81\xbfL\xf6\x92v\xd0\
\xd4\xa0E\xc9~\x95-\xcc\x02\x1f\x10\xaf\xc4\xa5\x22t\
\x99Mu'\x8e\x02>\xcdVd\x81'\xc5\xda7W\
\xec\xd8fS\xfd\x89\xe3\xa0\xe0\xfaW\xf9W\xf3\x9b\xc9\
\x0e\xb4\x9e\xa9\xa2\xeeNvg\xbe\x22\x0f\xbcM<\x86\
;1\xaf\xb5Le5O\xec\xc7\x0b\x89\xe7\x14\xe5\x81\
\x8f`\x14gc]\xab\xc9\xcah]\x1a\x7f\x14\x87\xf3\
\x95\xa56\xf0\x1b\xc5\xd5\x0d\xa2\xb7\xa5h\xffUo\x1a\
\xb7\x80M\xa5\x1a\x94\x02\xfe\x18\xaf\xa2\xc7t\x88\xdf\x0e\
u\xa5\xf1z\xf0\x1a>*\xd5\xa8\x5c\x10:\x88\xa3b\
\xb6\x8e\x94i\xd3l=\x9b\xc6;\xaa\x82;\x96\x03\x9e\
\x143\xf5$\x1e\xc4P\xb3\xe9r\x1a\xc2Ci\xbc\x01\
\xb9\xa5,\xabJ\x89\x94=X%\xa2\xe6a\x11\xe35\
\xdb=\xbaR\xbf\xc3i\x9cU\xaa\x04\x0f\xd5RU\xdb\
E\x5c\xf5\x07\xd6\xe2}\xcd\x9b\x88\xbd\xa9\xbf\xb5\xa9\xff\
\x95i\xbc\x8a\xaa%\x19\xb8C\xa4W'p\xadH+\
m\x12!U#\x9a\x9f\xce\x1fK\xfdM\x88\x94mM\
qd\xad\xe9\xd6=\x22\xe4.\xae\x1e\x1bDRp\x8b\
\xb8\x98\x9e*\xe7w\xa7v/\xe3\xebt~O\xeao\
\x99:b\xc8\x8e\xe2g\xaf:\xbeq,\xc7\xe3\x22\xdb\
X\xcc\xe4\x9c\x10\x9b\x94\xc3\xf8^\xf8c\xa7H\x82/\
\x12\x1b\x99l\x86~T\xf8\xed\xdeZ\x06\xcc~\xe3h\
d\x12\xed\x15\xe1\xf7\xa5\xb8\x07\xb7\xe2\x0a\x5c\x9d~\xa5\
\xf4\xb7\xc87\xbc%\xb2;\x87\x1a\x18\x173\x9b\xf5\x87\
\xc4r4$\xe2\xae>\x11\xc8.H\xfdN\xe1G\xb1\
\xcf\x1e\x13\x1fnf\xac\x8e\xff\xbf\x84\xb6X\xff\x00\xdd\
\x13\xbb\xa3\x13\xd8\xbaf\x00\x00\x00\x00IEND\xae\
B`\x82\
\x00\x00\x09\xb2\
\x89\
PNG\x0d\x0a\x1a\x0a\x00\x00\x00\x0dIHDR\x00\
\x00\x00(\x00\x00\x00(\x08\x06\x00\x00\x00\x8c\xfe\xb8m\
\x00\x00\x00\x09pHYs\x00\x00\x0b\x13\x00\x00\x0b\x13\
\x01\x00\x9a\x9c\x18\x00\x00\x06\xd4iTXtXML\
:com.adobe.xmp\x00\x00\
\x00\x00\x00<?xpacket beg\
in=\x22\xef\xbb\xbf\x22 id=\x22W5M\
0MpCehiHzreSzNTc\
zkc9d\x22?> <x:xmpm\
eta xmlns:x=\x22ado\
be:ns:meta/\x22 x:x\
mptk=\x22Adobe XMP \
Core 5.6-c145 79\
.163499, 2018/08\
/13-16:40:22    \
    \x22> <rdf:RDF \
xmlns:rdf=\x22http:\
//www.w3.org/199\
9/02/22-rdf-synt\
ax-ns#\x22> <rdf:De\
scription rdf:ab\
out=\x22\x22 xmlns:xmp\
MM=\x22http://ns.ad\
obe.com/xap/1.0/\
mm/\x22 xmlns:stRef\
=\x22http://ns.adob\
e.com/xap/1.0/sT\
ype/ResourceRef#\
\x22 xmlns:stEvt=\x22h\
ttp://ns.adobe.c\
om/xap/1.0/sType\
/ResourceEvent#\x22\
 xmlns:xmp=\x22http\
://ns.adobe.com/\
xap/1.0/\x22 xmlns:\
dc=\x22http://purl.\
org/dc/elements/\
1.1/\x22 xmlns:phot\
oshop=\x22http://ns\
.adobe.com/photo\
shop/1.0/\x22 xmpMM\
:DocumentID=\x22ado\
be:docid:photosh\
op:7d74b13e-2446\
-6e43-8ad4-fca55\
024f631\x22 xmpMM:I\
nstanceID=\x22xmp.i\
id:4fd4f488-eeed\
-433e-bcb4-7e452\
03b67e3\x22 xmpMM:O\
riginalDocumentI\
D=\x22xmp.did:4ABBD\
274B78C11EA94D48\
23B7F3EEAC7\x22 xmp\
:CreatorTool=\x22Ad\
obe Photoshop CC\
 2015 (Windows)\x22\
 xmp:CreateDate=\
\x222020-08-04T11:0\
1:13+09:00\x22 xmp:\
ModifyDate=\x222021\
-01-18T11:34:01+\
09:00\x22 xmp:Metad\
ataDate=\x222021-01\
-18T11:34:01+09:\
00\x22 dc:format=\x22i\
mage/png\x22 photos\
hop:ColorMode=\x223\
\x22 photoshop:ICCP\
rofile=\x22sRGB IEC\
61966-2.1\x22> <xmp\
MM:DerivedFrom s\
tRef:instanceID=\
\x22xmp.iid:C064296\
0681411E9A748DA2\
A207B8175\x22 stRef\
:documentID=\x22xmp\
.did:C0642961681\
411E9A748DA2A207\
B8175\x22/> <xmpMM:\
History> <rdf:Se\
q> <rdf:li stEvt\
:action=\x22saved\x22 \
stEvt:instanceID\
=\x22xmp.iid:2c4639\
57-3ea4-45fe-ba3\
7-f479303ba3cb\x22 \
stEvt:when=\x222021\
-01-18T11:34:01+\
09:00\x22 stEvt:sof\
twareAgent=\x22Adob\
e Photoshop CC 2\
019 (Macintosh)\x22\
 stEvt:changed=\x22\
/\x22/> <rdf:li stE\
vt:action=\x22saved\
\x22 stEvt:instance\
ID=\x22xmp.iid:4fd4\
f488-eeed-433e-b\
cb4-7e45203b67e3\
\x22 stEvt:when=\x2220\
21-01-18T11:34:0\
1+09:00\x22 stEvt:s\
oftwareAgent=\x22Ad\
obe Photoshop CC\
 2019 (Macintosh\
)\x22 stEvt:changed\
=\x22/\x22/> </rdf:Seq\
> </xmpMM:Histor\
y> </rdf:Descrip\
tion> </rdf:RDF>\
 </x:xmpmeta> <?\
xpacket end=\x22r\x22?\
>\xf9\xb9S\x85\x00\x00\x02\x84IDATX\x85\xed\
\x98\xbfK\x1cA\x14\xc7?\xa7\xe1\x0a\x05\xc5\xe2\xc0\xc2\
\xc2\xc2\xc6\x80\x95\x85U\x0c\x98J\x0b!D\xb1\xc8%\
\xd8XXX\xf8\x97X\xa4\xb0\xb0\x09\xc9\xa5\x90$\x08\
\x16\x97*B\xb4\xb2\xb0\x12\xb4\xb1\xb0\xb0\x10,\xe4\x04\
-\x0e\xf4,\xe6-\xec=\xe7fgvVbq_\
\xd8b\xbf\xf7~|og\xef\xcd\xf7\xa6\xd4j\xb5x\
\xc9\xe8\xf9\xdf\x02\xb2\xd0\x15\x18\x8bW\x9a8Y\x07\xa0\
\x04|\x01\xca\xc0*p\xffL\xfd{\x81M\xa0\x09\xac\
\x01\xad\xd7\x1b\x19\x02%\xe9+P\x95\xfb\x01\xe0\xb3\x14\
)\x12e\xe0\x1b\xb0$\xf7\x83\xc02\xeaa\xd8\x96\xf8\
wJ\x1cR`\x07\xe8+P\x5c\x9f\xd4\x5cJqU\
\xe9\xdd\x06\x9b\xc0_\xc0\x83\xe2\xe6\x80?\x98o\x19\x8b\
A\xa95\xa7\xf8\x07\xe9\x9d)\xb0\x06\xbc\xe7\xe9\x92N\
\x03\x7f\x81J\x84\xb8\x8a\xd4\x98V|Sz\xd6|\x04\
\x02\xec\x02\xb3\xc0\xad\xe2'\x81\x7f\xc0H\x0eq#\x92\
;\xa9\xf8[\xe9\xb5kKr\x8d\x99=\xe0\x1dp\xad\
\xf8q\xe0\x00\x18\x0b\x107&9\xe3\x8a\xbf\x96\x1e{\
\x9d\x12\xb3\xe6\xe0!\xf0\x16\xb8T\xfc\xa84\x9c\xf0\x10\
7!\xb1\xa3\x8a\xbf\x94\xda\x87\xaed\x9fA}\x0c\xbc\
\x01\xce\x15?\x8cY\xb2)G\xee\x94\xc4\x0c+\xfe\x5c\
j\x1eg5\xf7\xddI\xce\xa4\xe0\xa9\xe2\x870/\xfd\
\x8c%gF>\x1bR\xfc\xa9\xd4:\xf3i\x1c\xb2\xd5\
]`\x96\xe4H\xf1\xfd\x98\xb11\x9f\xe2\xe6\x85\xebW\
\xb1GR\xe3\xc2\xb7i\xe8^|\x85y\xa9\xf7\x15_\
\xc6\x0c\xde\xaa\x5c;\xc2\xa5\xb1/\xb9W!\x0dm[\
]\x16\x1a\x98\xb1\xf0\x93\xf6a\xdb\x03|\xef\x90S\x07\
\x16\x81\xbb\xd0fy\xdd\xcc\x1df\xb0n{\xc4nK\
l\xb08\x88\xb3[M\xe0#\xb0\xe5\x88\xd9\x92\x98\xdc\
F\xe3\xc5\xfb\xc1\x18\x81e\xe0\x07\xb0\xe2\x88Y\x91\x18\
\xfd\x83\xf1F^\x816\xbb\xd4\x09Qv-\x8f@\x97\
]\xfa$Wav-t\xccT\xa4\x91v$M\xcc\
\x18I\x1c\xc9\x0df\x0c\xa5\x976\xb1k\xb3\x04\xcc\xc2\
\x90'\x18b\x97\x0a\xb3k\xbe\x02\xf3\xd8\xa5B\xec\x9a\
\x8f\xc0\x18\xbb\x14m\xd7\xb2\x04F\xdb%\xe2\xec\x9aS\
`!vI\x90\xc7\xae9\x05\x16f\x97R\x08\xb1k\
N\x81\x85\xda%\x05\x1f\xbb\x96)p\xc1\xc2\xd71c\
\xa3\x11!.Ab\xd7\xea\x16-\x0b>\x02?\xd0\xfe\
\xff4\xca.u\x80\xcd\xae\xd5\xa4w\x1bl;\xc9=\
\xe6,\xa6\xc1\xf3\x1e\x1e%v\xed\x86\xd4\xe1\x91\x0e*\
uOX#\xd1\x15\x18\x8b\xae\xc0X<\x02_T\xa5\
\x07`\x8e\x94\xb7\x00\x00\x00\x00IEND\xaeB`\
\x82\
\x00\x00\x8b\xd7\
\x00\
\x00\x01\x00\x05\x00\x10\x10\x00\x00\x01\x00 \x00h\x04\x00\
\x00V\x00\x00\x00\x18\x18\x00\x00\x01\x00 \x00\x88\x09\x00\
\x00\xbe\x04\x00\x00  \x00\x00\x01\x00 \x00\xa8\x10\x00\
\x00F\x0e\x00\x0000\x00\x00\x01\x00 \x00\xa8%\x00\
\x00\xee\x1e\x00\x00\x00\x00\x00\x00\x01\x00 \x00AG\x00\
\x00\x96D\x00\x00(\x00\x00\x00\x10\x00\x00\x00 \x00\x00\
\x00\x01\x00 \x00\x00\x00\x00\x00\x00\x04\x00\x00\x00\x00\x00\
\x00\x00\x00\x00\x00\x00\x00\x00\x00\x00\x00\x00\x004$\x1e\
\x004$\x1e\x014$\x1eK4$\x1e\xbc4$\x1e\
\xf44$\x1e\xff4$\x1e\xff4$\x1e\xff4$\x1e\
\xff4$\x1e\xff4$\x1e\xff4$\x1e\xf54$\x1e\
\xbf4$\x1eN4$\x1e\x024$\x1e\x004$\x1e\
\x014$\x1ef4$\x1e\xeb4$\x1e\xff4$\x1e\
\xff4$\x1e\xff4$\x1e\xff4$\x1e\xff4$\x1e\
\xff4$\x1e\xff4$\x1e\xff4$\x1e\xff4$\x1e\
\xff4$\x1e\xed4$\x1ek4$\x1e\x024$\x1e\
H4$\x1e\xea4$\x1e\xff4$\x1e\xff4$\x1e\
\xff4$\x1e\xff4$\x1e\xff4$\x1e\xff4$\x1e\
\xff4$\x1e\xff4$\x1e\xff3$\x1e\xff2\x22\x1d\
\xff3#\x1e\xff4$\x1e\xed4$\x1eN4$\x1e\
\xb84$\x1e\xff4$\x1e\xff4$\x1e\xff4$\x1e\
\xff4$\x1e\xff2$\x1e\xff2$\x1e\xff2$\x1e\
\xff2$\x1e\xff2\x22\x1d\xff?' \xffrQ6\
\xffR:&\xff3#\x1e\xff4$\x1e\xbf4$\x1e\
\xf04$\x1e\xff4$\x1e\xff4$\x1e\xff4$\x1e\
\xff;& \xffW,&\xffZ-&\xffX,%\
\xffR+#\xffmD2\xff\xc0\x95`\xff\xf2\xcc|\
\xff{W4\xff1\x22\x1d\xff4$\x1e\xf54$\x1e\
\xff4$\x1e\xff4$\x1e\xff3$\x1e\xff1\x22\x1d\
\xff[D0\xff\xda\xa8m\xff\xdd\xa8k\xff\xdd\xa8i\
\xff\xdd\xa9i\xff\xe5\xb7r\xff\xc3\x95a\xff\xe2\xbcu\
\xff\x81[6\xff1\x22\x1d\xff4$\x1e\xff4$\x1e\
\xff4$\x1e\xff7$\x1e\xff@#\x1f\xff9\x1f\x1d\
\xffkT9\xff\xd1\xb2n\xffkV9\xffgT8\
\xffnW;\xffeH3\xffI1'\xff\xcd\xadm\
\xff\x82\x5c7\xff1\x22\x1d\xff4$\x1e\xff4$\x1e\
\xff2#\x1d\xffX4*\xff\xbdsX\xff\xb5sV\
\xff\x97oL\xff\xc3\xa1e\xff9&\x1f\xff/!\x1c\
\xff0!\x1c\xff/!\x1c\xff>-%\xff\xcf\xaen\
\xff~Z6\xff1\x22\x1d\xff4$\x1e\xff4$\x1e\
\xff1\x22\x1d\xfftJ8\xff\xcb\xa9l\xff\x7fjD\
\xff\x97sN\xff\xcc\xa5i\xffT0'\xffJ+$\
\xffI,#\xffG+#\xffP5+\xff\xd3\xb1p\
\xffzX5\xff1\x22\x1d\xff4$\x1e\xff4$\x1e\
\xff1\x22\x1c\xff\x84Q>\xff\xaf\x90^\xff.\x1f\x1b\
\xff\x80]A\xff\xec\xc6{\xff\xd8\xa9m\xff\xd5\xa8k\
\xff\xd3\xa6i\xff\xd2\xa7j\xff\xd5\xacn\xff\xec\xc6{\
\xffrR2\xff1\x22\x1d\xff4$\x1e\xff4$\x1e\
\xff2\x22\x1c\xff\x92WD\xff\xb2\x91`\xff2\x22\x1d\
\xffC.#\xffbJ1\xfffO4\xffhN5\
\xff\x98rL\xff\x8chE\xffqT<\xfftS:\
\xffG0#\xff3#\x1e\xff4$\x1e\xff4$\x1e\
\xef3\x22\x1d\xff\x97ZG\xff\xda\xabq\xff\x96_F\
\xff\x8c[B\xff\x84X?\xff\x7fX>\xffzW>\
\xff\xc2\x9dh\xffx\x5c;\xff.\x1e\x1b\xff1\x22\x1d\
\xff3#\x1e\xff4$\x1e\xff4$\x1e\xf44$\x1e\
\xb53#\x1d\xffW;,\xff\x91xM\xff\x96{P\
\xff\x9b}P\xff\xa0\x80R\xff\xa4\x82T\xff\xa5\x83U\
\xff\xa6\x84U\xffY@-\xff2\x22\x1d\xff4$\x1e\
\xff4$\x1e\xff4$\x1e\xff4$\x1e\xbc4$\x1e\
E4$\x1e\xe83#\x1d\xff1!\x1c\xff1\x22\x1c\
\xff2\x22\x1d\xff3\x22\x1d\xff3#\x1d\xff4#\x1d\
\xff4#\x1d\xff4$\x1e\xff4$\x1e\xff4$\x1e\
\xff4$\x1e\xff4$\x1e\xeb4$\x1eK4$\x1e\
\x004$\x1ea4$\x1e\xe84$\x1e\xff4$\x1e\
\xff4$\x1e\xff4$\x1e\xff4$\x1e\xff4$\x1e\
\xff4$\x1e\xff4$\x1e\xff4$\x1e\xff4$\x1e\
\xff4$\x1e\xea4$\x1ef4$\x1e\x014$\x1e\
\x004$\x1e\x004$\x1eE4$\x1e\xb54$\x1e\
\xef4$\x1e\xff4$\x1e\xff4$\x1e\xff4$\x1e\
\xff4$\x1e\xff4$\x1e\xff4$\x1e\xf04$\x1e\
\xb74$\x1eH4$\x1e\x014$\x1e\x00\x00\x00\x00\
\x00\x00\x00\x00\x00\x00\x00\x00\x00\x00\x00\x00\x00\x00\x00\x00\
\x00\x00\x00\x00\x00\x00\x00\x00\x00\x00\x00\x00\x00\x00\x00\x00\
\x00\x00\x00\x00\x00\x00\x00\x00\x00\x00\x00\x00\x00\x00\x00\x00\
\x00\x00\x00\x00\x00\x00\x00\x00\x00\x00\x00\x00\x00(\x00\x00\
\x00\x18\x00\x00\x000\x00\x00\x00\x01\x00 \x00\x00\x00\x00\
\x00\x00\x09\x00\x00\x00\x00\x00\x00\x00\x00\x00\x00\x00\x00\x00\
\x00\x00\x00\x00\x004$\x1e\x004$\x1e\x004$\x1e\
\x004$\x1e\x064$\x1eN4$\x1e\xae4$\x1e\
\xe84$\x1e\xfd4$\x1e\xff4$\x1e\xff4$\x1e\
\xff4$\x1e\xff4$\x1e\xff4$\x1e\xff4$\x1e\
\xff4$\x1e\xff4$\x1e\xfd4$\x1e\xea4$\x1e\
\xb14$\x1eR4$\x1e\x084$\x1e\x004$\x1e\
\x004$\x1e\x004$\x1e\x004$\x1e\x004$\x1e\
\x194$\x1e\x964$\x1e\xf14$\x1e\xff4$\x1e\
\xff4$\x1e\xff4$\x1e\xff4$\x1e\xff4$\x1e\
\xff4$\x1e\xff4$\x1e\xff4$\x1e\xff4$\x1e\
\xff4$\x1e\xff4$\x1e\xff4$\x1e\xff4$\x1e\
\xff4$\x1e\xf24$\x1e\x9c4$\x1e\x1d4$\x1e\
\x004$\x1e\x004$\x1e\x004$\x1e\x184$\x1e\
\xb34$\x1e\xff4$\x1e\xff4$\x1e\xff4$\x1e\
\xff4$\x1e\xff4$\x1e\xff4$\x1e\xff4$\x1e\
\xff4$\x1e\xff4$\x1e\xff4$\x1e\xff4$\x1e\
\xff4$\x1e\xff4$\x1e\xff4$\x1e\xff4$\x1e\
\xff4$\x1e\xff4$\x1e\xff4$\x1e\xbb4$\x1e\
\x1d4$\x1e\x004$\x1e\x054$\x1e\x944$\x1e\
\xff4$\x1e\xff4$\x1e\xff4$\x1e\xff4$\x1e\
\xff4$\x1e\xff4$\x1e\xff4$\x1e\xff4$\x1e\
\xff4$\x1e\xff4$\x1e\xff4$\x1e\xff4$\x1e\
\xff4$\x1e\xff4$\x1e\xff4$\x1e\xff4$\x1e\
\xff4$\x1e\xff4$\x1e\xff4$\x1e\xff4$\x1e\
\x9d4$\x1e\x084$\x1eI4$\x1e\xef4$\x1e\
\xff4$\x1e\xff4$\x1e\xff4$\x1e\xff4$\x1e\
\xff4$\x1e\xff4$\x1e\xff4$\x1e\xff4$\x1e\
\xff4$\x1e\xff4$\x1e\xff4$\x1e\xff4$\x1e\
\xff4$\x1e\xff4$\x1e\xff3$\x1e\xff3\x22\x1d\
\xff8%\x1e\xff5%\x1e\xff4$\x1e\xff4$\x1e\
\xf24$\x1eR4$\x1e\xa64$\x1e\xff4$\x1e\
\xff4$\x1e\xff4$\x1e\xff4$\x1e\xff4$\x1e\
\xff4$\x1e\xff4$\x1e\xff3$\x1e\xff3$\x1e\
\xff3$\x1e\xff4$\x1e\xff4$\x1e\xff4$\x1e\
\xff3$\x1e\xff2\x22\x1d\xffA& \xff\x7fT:\
\xff\x98pB\xffC.\x1f\xff3$\x1e\xff4$\x1e\
\xff4$\x1e\xb14$\x1e\xe14$\x1e\xff4$\x1e\
\xff4$\x1e\xff4$\x1e\xff4$\x1e\xff4$\x1e\
\xff4$\x1e\xff5$\x1e\xff<#\x1e\xff<#\x1e\
\xff<#\x1e\xff:#\x1e\xff8\x22\x1e\xff5\x22\x1d\
\xff=#\x1e\xffm>.\xff\xbf\x8dZ\xff\xf9\xd8\x84\
\xff\xda\xade\xffQ3!\xff2#\x1e\xff4$\x1e\
\xff4$\x1e\xea4$\x1e\xfa4$\x1e\xff4$\x1e\
\xff4$\x1e\xff4$\x1e\xff4$\x1e\xff4$\x1e\
\xff2#\x1d\xffO1'\xff\xa2QA\xff\xa7SA\
\xff\xa7R>\xff\xa6R<\xff\xa2R:\xff\x9bP9\
\xff\xb4tM\xff\xee\xc5z\xff\xf9\xd4\x85\xff\xfa\xda\x88\
\xff\xdf\xaff\xffT5\x22\xff2#\x1e\xff4$\x1e\
\xff4$\x1e\xfd4$\x1e\xff4$\x1e\xff4$\x1e\
\xff4$\x1e\xff4$\x1e\xff4$\x1e\xff4$\x1e\
\xff1!\x1c\xffoY;\xff\xf7\xd5\x85\xff\xf9\xd6\x84\
\xff\xf7\xd5\x82\xff\xf8\xd5\x81\xff\xfa\xd5\x81\xff\xfb\xd6\x82\
\xff\xfc\xd9\x85\xff\xdc\xabl\xff\x94^C\xff\xd2\xb2s\
\xff\xe4\xb3g\xffU6\x22\xff2#\x1e\xff4$\x1e\
\xff4$\x1e\xff4$\x1e\xff4$\x1e\xff4$\x1e\
\xff4$\x1e\xff3$\x1e\xff2$\x1d\xff2$\x1d\
\xff0!\x1c\xffu_>\xff\xf4\xd7\x83\xff\x95vK\
\xffn[<\xfft^>\xffza@\xff\x82eC\
\xff\x81[>\xffV4&\xff;'!\xff\xc4\xacp\
\xff\xe5\xb4h\xffT5\x22\xff2#\x1e\xff4$\x1e\
\xff4$\x1e\xff4$\x1e\xff4$\x1e\xff4$\x1e\
\xff6$\x1e\xffa*(\xffn+,\xfff))\
\xffO$\x22\xff\x80bB\xff\xf2\xd2\x81\xffhG1\
\xff.\x1f\x1b\xff1!\x1c\xff1!\x1c\xff1!\x1c\
\xff1!\x1d\xff2#\x1d\xff:(#\xff\xc7\xadq\
\xff\xe4\xb3h\xffR4\x22\xff2#\x1e\xff4$\x1e\
\xff4$\x1e\xff4$\x1e\xff4$\x1e\xff3$\x1e\
\xff=&\x1f\xff\xb6lT\xff\xe9\x9fs\xff\xe7\x9dq\
\xff\xb7\x7fZ\xff\x95nJ\xff\xf3\xd2\x81\xffgH2\
\xff1\x22\x1d\xff4$\x1e\xff4$\x1e\xff4$\x1e\
\xff4$\x1e\xff3$\x1e\xff;(#\xff\xc8\xaer\
\xff\xe2\xb3g\xffO3!\xff2#\x1e\xff4$\x1e\
\xff4$\x1e\xff4$\x1e\xff4$\x1e\xff3$\x1e\
\xffE(!\xff\xd3\x9bj\xff\xd0\xbbr\xff\xa3\x8dW\
\xff\x8dwJ\xff\xa0tO\xff\xf3\xd2\x82\xffdE0\
\xff2 \x1c\xff4\x22\x1d\xff3\x22\x1d\xff3\x22\x1d\
\xff3\x22\x1d\xff2!\x1c\xff:'#\xff\xc9\xaes\
\xff\xdf\xb2f\xffL1 \xff2#\x1e\xff4$\x1e\
\xff4$\x1e\xff4$\x1e\xff4$\x1e\xff3$\x1e\
\xffN*$\xff\xdf\xa2o\xff\x95\x82S\xff/\x1f\x1b\
\xff3!\x1c\xff\xa5sR\xff\xfa\xd8\x86\xff\xadmN\
\xff\x90R?\xff\x8dR>\xff\x8aR<\xff\x88R;\
\xff\x86S;\xff\x82R9\xff\x83V>\xff\xdd\xbdz\
\xff\xdb\xb0e\xffI0 \xff3#\x1e\xff4$\x1e\
\xff4$\x1e\xff4$\x1e\xff4$\x1e\xff2$\x1d\
\xffX-'\xff\xe7\xa7t\xff\x95\x83T\xff1!\x1c\
\xff5#\x1d\xff\xa2tP\xff\xfb\xdc\x86\xff\xf9\xd7\x84\
\xff\xf9\xd5\x83\xff\xf9\xd5\x83\xff\xf9\xd5\x83\xff\xf7\xd4\x83\
\xff\xf8\xd5\x84\xff\xf9\xd5\x84\xff\xf9\xd6\x85\xff\xff\xdf\x8b\
\xff\xd5\xa8b\xffF.\x1f\xff3#\x1e\xff4$\x1e\
\xff4$\x1e\xff4$\x1e\xff4$\x1e\xff2$\x1d\
\xffb0*\xff\xed\xacw\xff\x94\x83S\xff0!\x1c\
\xff4$\x1e\xffS;(\xffrW7\xffvZ8\
\xffy[9\xff{[:\xff}\x5c<\xff\x9clH\
\xff\x90fD\xff\x82^B\xff\x87aE\xff\x8edI\
\xff|R6\xff;(\x1f\xff4$\x1e\xff4$\x1e\
\xff4$\x1e\xff4$\x1e\xfa4$\x1e\xff2#\x1d\
\xffn3.\xff\xf1\xafz\xff\x9b\x82T\xff:\x1f\x1d\
\xff9!\x1e\xff5 \x1d\xff2\x1e\x1b\xff1\x1e\x1b\
\xff0\x1e\x1b\xff/\x1e\x1a\xff='$\xff\xc2\x9ci\
\xff\x8bg@\xff/\x1f\x1b\xff2\x22\x1c\xff2\x22\x1d\
\xff3#\x1d\xff4$\x1e\xff4$\x1e\xff4$\x1e\
\xff4$\x1e\xfd4$\x1e\xdf4$\x1e\xff2#\x1d\
\xffs61\xff\xf2\xb2|\xff\xe1\xaes\xff\xbbqU\
\xff\xb5pR\xff\xaenO\xff\xa8mM\xff\xa3lL\
\xff\x9elK\xff\x98kI\xff\xa0sQ\xff\xec\xc9\x81\
\xff\x95sG\xff1!\x1c\xff4$\x1e\xff4$\x1e\
\xff4$\x1e\xff4$\x1e\xff4$\x1e\xff4$\x1e\
\xff4$\x1e\xe84$\x1e\xa24$\x1e\xff3$\x1e\
\xffJ.$\xff\xa2|R\xff\xbd\xa7g\xff\xc0\xa6g\
\xff\xc4\xa7h\xff\xc9\xa9i\xff\xcd\xack\xff\xd1\xaem\
\xff\xd3\xafn\xff\xd4\xafn\xff\xd6\xb0o\xff\xd7\xb1o\
\xff{Y:\xff2\x22\x1d\xff4$\x1e\xff4$\x1e\
\xff4$\x1e\xff4$\x1e\xff4$\x1e\xff4$\x1e\
\xff4$\x1e\xae4$\x1eD4$\x1e\xec4$\x1e\
\xff5%\x1e\xff6&\x1e\xff7'\x1f\xff8'\x1f\
\xff:(\x1f\xff<) \xff>* \xff@,!\
\xffB-\x22\xffD-\x22\xffE.#\xffE.#\
\xff;'\x1f\xff4$\x1e\xff4$\x1e\xff4$\x1e\
\xff4$\x1e\xff4$\x1e\xff4$\x1e\xff4$\x1e\
\xf04$\x1eM4$\x1e\x044$\x1e\x8d4$\x1e\
\xff4$\x1e\xff4$\x1e\xff4$\x1e\xff4$\x1e\
\xff4$\x1e\xff4$\x1e\xff3$\x1e\xff3$\x1e\
\xff3#\x1e\xff3#\x1e\xff3#\x1e\xff3#\x1e\
\xff4$\x1e\xff4$\x1e\xff4$\x1e\xff4$\x1e\
\xff4$\x1e\xff4$\x1e\xff4$\x1e\xff4$\x1e\
\x964$\x1e\x064$\x1e\x004$\x1e\x154$\x1e\
\xac4$\x1e\xff4$\x1e\xff4$\x1e\xff4$\x1e\
\xff4$\x1e\xff4$\x1e\xff4$\x1e\xff4$\x1e\
\xff4$\x1e\xff4$\x1e\xff4$\x1e\xff4$\x1e\
\xff4$\x1e\xff4$\x1e\xff4$\x1e\xff4$\x1e\
\xff4$\x1e\xff4$\x1e\xff4$\x1e\xb34$\x1e\
\x194$\x1e\x004$\x1e\x004$\x1e\x004$\x1e\
\x154$\x1e\x8d4$\x1e\xec4$\x1e\xff4$\x1e\
\xff4$\x1e\xff4$\x1e\xff4$\x1e\xff4$\x1e\
\xff4$\x1e\xff4$\x1e\xff4$\x1e\xff4$\x1e\
\xff4$\x1e\xff4$\x1e\xff4$\x1e\xff4$\x1e\
\xff4$\x1e\xef4$\x1e\x934$\x1e\x184$\x1e\
\x004$\x1e\x004$\x1e\x004$\x1e\x004$\x1e\
\x004$\x1e\x044$\x1eD4$\x1e\xa24$\x1e\
\xdf4$\x1e\xfa4$\x1e\xff4$\x1e\xff4$\x1e\
\xff4$\x1e\xff4$\x1e\xff4$\x1e\xff4$\x1e\
\xff4$\x1e\xff4$\x1e\xfa4$\x1e\xe14$\x1e\
\xa64$\x1eH4$\x1e\x054$\x1e\x004$\x1e\
\x004$\x1e\x00\x00\x00\x00\x00\x00\x00\x00\x00\x00\x00\x00\
\x00\x00\x00\x00\x00\x00\x00\x00\x00\x00\x00\x00\x00\x00\x00\x00\
\x00\x00\x00\x00\x00\x00\x00\x00\x00\x00\x00\x00\x00\x00\x00\x00\
\x00\x00\x00\x00\x00\x00\x00\x00\x00\x00\x00\x00\x00\x00\x00\x00\
\x00\x00\x00\x00\x00\x00\x00\x00\x00\x00\x00\x00\x00\x00\x00\x00\
\x00\x00\x00\x00\x00\x00\x00\x00\x00\x00\x00\x00\x00\x00\x00\x00\
\x00\x00\x00\x00\x00(\x00\x00\x00 \x00\x00\x00@\x00\x00\
\x00\x01\x00 \x00\x00\x00\x00\x00\x00\x10\x00\x00\x00\x00\x00\
\x00\x00\x00\x00\x00\x00\x00\x00\x00\x00\x00\x00\x00\x00\x00\x00\
\x00\x00\x00\x00\x004$\x1e\x004$\x1e\x004$\x1e\
\x004$\x1e\x084$\x1eG4$\x1e\x9d4$\x1e\
\xda4$\x1e\xf74$\x1e\xff4$\x1e\xff4$\x1e\
\xff4$\x1e\xff4$\x1e\xff4$\x1e\xff4$\x1e\
\xff4$\x1e\xff4$\x1e\xff4$\x1e\xff4$\x1e\
\xff4$\x1e\xff4$\x1e\xf84$\x1e\xdd4$\x1e\
\xa14$\x1eL4$\x1e\x0a4$\x1e\x004$\x1e\
\x004$\x1e\x00\x00\x00\x00\x00\x00\x00\x00\x00\x00\x00\x00\
\x004$\x1e\x004$\x1e\x004$\x1e\x004$\x1e\
/4$\x1e\xa54$\x1e\xef4$\x1e\xff4$\x1e\
\xff4$\x1e\xff4$\x1e\xff4$\x1e\xff4$\x1e\
\xff4$\x1e\xff4$\x1e\xff4$\x1e\xff4$\x1e\
\xff4$\x1e\xff4$\x1e\xff4$\x1e\xff4$\x1e\
\xff4$\x1e\xff4$\x1e\xff4$\x1e\xff4$\x1e\
\xff4$\x1e\xf14$\x1e\xab4$\x1e64$\x1e\
\x004$\x1e\x004$\x1e\x00\x00\x00\x00\x004$\x1e\
\x004$\x1e\x004$\x1e\x004$\x1eR4$\x1e\
\xdd4$\x1e\xff4$\x1e\xff4$\x1e\xff4$\x1e\
\xff4$\x1e\xff4$\x1e\xff4$\x1e\xff4$\x1e\
\xff4$\x1e\xff4$\x1e\xff4$\x1e\xff4$\x1e\
\xff4$\x1e\xff4$\x1e\xff4$\x1e\xff4$\x1e\
\xff4$\x1e\xff4$\x1e\xff4$\x1e\xff4$\x1e\
\xff4$\x1e\xff4$\x1e\xff4$\x1e\xe34$\x1e\
\x5c4$\x1e\x014$\x1e\x004$\x1e\x004$\x1e\
\x004$\x1e\x004$\x1eQ4$\x1e\xea4$\x1e\
\xff4$\x1e\xff4$\x1e\xff4$\x1e\xff4$\x1e\
\xff4$\x1e\xff4$\x1e\xff4$\x1e\xff4$\x1e\
\xff4$\x1e\xff4$\x1e\xff4$\x1e\xff4$\x1e\
\xff4$\x1e\xff4$\x1e\xff4$\x1e\xff4$\x1e\
\xff4$\x1e\xff4$\x1e\xff4$\x1e\xff4$\x1e\
\xff4$\x1e\xff4$\x1e\xff4$\x1e\xff4$\x1e\
\xef4$\x1e\x5c4$\x1e\x004$\x1e\x004$\x1e\
\x004$\x1e-4$\x1e\xdb4$\x1e\xff4$\x1e\
\xff4$\x1e\xff4$\x1e\xff4$\x1e\xff4$\x1e\
\xff4$\x1e\xff4$\x1e\xff4$\x1e\xff4$\x1e\
\xff4$\x1e\xff4$\x1e\xff4$\x1e\xff4$\x1e\
\xff4$\x1e\xff4$\x1e\xff4$\x1e\xff4$\x1e\
\xff4$\x1e\xff4$\x1e\xff4$\x1e\xff4$\x1e\
\xff4$\x1e\xff4$\x1e\xff4$\x1e\xff4$\x1e\
\xff4$\x1e\xe34$\x1e64$\x1e\x004$\x1e\
\x064$\x1e\x9f4$\x1e\xff4$\x1e\xff4$\x1e\
\xff4$\x1e\xff4$\x1e\xff4$\x1e\xff4$\x1e\
\xff4$\x1e\xff4$\x1e\xff4$\x1e\xff4$\x1e\
\xff4$\x1e\xff4$\x1e\xff4$\x1e\xff4$\x1e\
\xff4$\x1e\xff4$\x1e\xff4$\x1e\xff4$\x1e\
\xff4$\x1e\xff4$\x1e\xff4$\x1e\xff4$\x1e\
\xff3$\x1e\xff3$\x1e\xff4$\x1e\xff4$\x1e\
\xff4$\x1e\xff4$\x1e\xab4$\x1e\x0a4$\x1e\
@4$\x1e\xec4$\x1e\xff4$\x1e\xff4$\x1e\
\xff4$\x1e\xff4$\x1e\xff4$\x1e\xff4$\x1e\
\xff4$\x1e\xff4$\x1e\xff4$\x1e\xff4$\x1e\
\xff4$\x1e\xff4$\x1e\xff4$\x1e\xff4$\x1e\
\xff4$\x1e\xff4$\x1e\xff4$\x1e\xff4$\x1e\
\xff4$\x1e\xff4$\x1e\xff3$\x1e\xff4\x22\x1d\
\xffE* \xffC.\x1f\xff5%\x1e\xff4$\x1e\
\xff4$\x1e\xff4$\x1e\xf14$\x1eL4$\x1e\
\x924$\x1e\xff4$\x1e\xff4$\x1e\xff4$\x1e\
\xff4$\x1e\xff4$\x1e\xff4$\x1e\xff4$\x1e\
\xff4$\x1e\xff4$\x1e\xff4$\x1e\xff4$\x1e\
\xff4$\x1e\xff4$\x1e\xff4$\x1e\xff4$\x1e\
\xff4$\x1e\xff4$\x1e\xff4$\x1e\xff4$\x1e\
\xff3$\x1e\xff3#\x1d\xffE& \xff\x81M6\
\xff\xc7\x98]\xff\x84^2\xff:(\x1d\xff4$\x1e\
\xff4$\x1e\xff4$\x1e\xff4$\x1e\xa14$\x1e\
\xcf4$\x1e\xff4$\x1e\xff4$\x1e\xff4$\x1e\
\xff4$\x1e\xff4$\x1e\xff4$\x1e\xff4$\x1e\
\xff4$\x1e\xff4$\x1e\xff4$\x1e\xff4$\x1e\
\xff4$\x1e\xff4$\x1e\xff3$\x1e\xff3$\x1e\
\xff2$\x1e\xff2$\x1e\xff2$\x1e\xff3#\x1e\
\xff@#\x1f\xffp:-\xff\xbd\x84U\xff\xf4\xd1\x80\
\xff\xff\xe0\x87\xff\xa7p>\xff>)\x1e\xff3$\x1e\
\xff4$\x1e\xff4$\x1e\xff4$\x1e\xdd4$\x1e\
\xf04$\x1e\xff4$\x1e\xff4$\x1e\xff4$\x1e\
\xff4$\x1e\xff4$\x1e\xff4$\x1e\xff4$\x1e\
\xff4$\x1e\xff3$\x1e\xffA% \xffl('\
\xffo('\xffp('\xffp)&\xffn)&\
\xffj)%\xffc($\xff['#\xffk0(\
\xff\xadhG\xff\xea\xbdu\xff\xff\xe6\x8c\xff\xff\xe6\x8d\
\xff\xfd\xde\x86\xff\xaet?\xff?*\x1e\xff3$\x1e\
\xff4$\x1e\xff4$\x1e\xff4$\x1e\xf84$\x1e\
\xfe4$\x1e\xff4$\x1e\xff4$\x1e\xff4$\x1e\
\xff4$\x1e\xff4$\x1e\xff4$\x1e\xff4$\x1e\
\xff4$\x1e\xff2#\x1d\xffhH3\xff\xd8\x8bc\
\xff\xdc\x8cb\xff\xda\x8b_\xff\xda\x8a[\xff\xda\x8aX\
\xff\xda\x89W\xff\xd9\x88V\xff\xd7\x88V\xff\xe4\xa9j\
\xff\xfe\xe0\x89\xff\xfd\xdf\x8a\xff\xe2\xa9p\xff\xe9\xbdz\
\xff\xfe\xe0\x87\xff\xb4w@\xff?*\x1e\xff3$\x1e\
\xff4$\x1e\xff4$\x1e\xff4$\x1e\xff4$\x1e\
\xff4$\x1e\xff4$\x1e\xff4$\x1e\xff4$\x1e\
\xff4$\x1e\xff4$\x1e\xff4$\x1e\xff4$\x1e\
\xff4$\x1e\xff1!\x1c\xff\x80kD\xff\xff\xe6\x8c\
\xff\xff\xe7\x8d\xff\xfe\xe6\x8c\xff\xff\xe6\x8c\xff\xff\xe7\x8c\
\xff\xff\xe7\x8c\xff\xff\xe7\x8c\xff\xff\xe7\x8d\xff\xff\xe5\x8c\
\xff\xed\xbex\xff\xb7vO\xffo>.\xff\xbd\x9ei\
\xff\xff\xe2\x88\xff\xb7yA\xff>)\x1e\xff3$\x1e\
\xff4$\x1e\xff4$\x1e\xff4$\x1e\xff4$\x1e\
\xff4$\x1e\xff4$\x1e\xff4$\x1e\xff4$\x1e\
\xff4$\x1e\xff3$\x1e\xff3$\x1e\xff4$\x1e\
\xff4$\x1e\xff1\x22\x1c\xff\x83kE\xff\xff\xe6\x8c\
\xff\xc8\xa3d\xff~fB\xff~hC\xff\x83kD\
\xff\x89mF\xff\x90pI\xff\x98uM\xff\x9boJ\
\xffyG1\xffD) \xff5$ \xff\xb5\x9ch\
\xff\xff\xe2\x88\xff\xb8zA\xff=)\x1e\xff3$\x1e\
\xff4$\x1e\xff4$\x1e\xff4$\x1e\xff4$\x1e\
\xff4$\x1e\xff4$\x1e\xff4$\x1e\xff4$\x1e\
\xff9$\x1f\xffB$ \xff>$\x1f\xff;$\x1f\
\xff9$\x1e\xff4\x22\x1c\xff\x8cnH\xff\xff\xe6\x8c\
\xff\xa9~O\xff5!\x1c\xff0!\x1c\xff1!\x1c\
\xff1!\x1c\xff1!\x1c\xff2!\x1c\xff3\x22\x1d\
\xff3#\x1d\xff3#\x1e\xff7%!\xff\xb7\x9dj\
\xff\xff\xe2\x88\xff\xb6yA\xff<(\x1e\xff3$\x1e\
\xff4$\x1e\xff4$\x1e\xff4$\x1e\xff4$\x1e\
\xff4$\x1e\xff4$\x1e\xff4$\x1e\xff3$\x1e\
\xff`,(\xff\xa7;?\xff\xa2:=\xff\x9b7:\
\xff\x9257\xffS(%\xff\x96rL\xff\xff\xe6\x8d\
\xff\xa9\x7fP\xff8$\x1d\xff4$\x1e\xff4$\x1e\
\xff4$\x1e\xff4$\x1e\xff4$\x1e\xff4$\x1e\
\xff4$\x1e\xff4$\x1e\xff7%!\xff\xb9\x9dk\
\xff\xff\xe2\x88\xff\xb3xA\xff:'\x1e\xff4$\x1e\
\xff4$\x1e\xff4$\x1e\xff4$\x1e\xff4$\x1e\
\xff4$\x1e\xff4$\x1e\xff4$\x1e\xff4%\x1d\
\xff\x82F8\xff\xef\xacz\xff\xf3\xb9~\xff\xf3\xb8~\
\xff\xf3\xb8}\xff\x8fjH\xff\xa2uP\xff\xff\xe7\x8d\
\xff\xa6~O\xff7#\x1d\xff4$\x1e\xff4$\x1e\
\xff4$\x1e\xff4$\x1e\xff4$\x1e\xff4$\x1e\
\xff4$\x1e\xff4$\x1e\xff8&\x22\xff\xba\x9el\
\xff\xff\xe2\x88\xff\xafv@\xff9&\x1d\xff4$\x1e\
\xff4$\x1e\xff4$\x1e\xff4$\x1e\xff4$\x1e\
\xff4$\x1e\xff4$\x1e\xff4$\x1e\xff5$\x1d\
\xff\x94RA\xff\xfd\xda\x88\xff\xd4\xbes\xff\xc0\xa9f\
\xff\xc4\xadh\xff\x80gB\xff\xae{V\xff\xff\xe7\x8d\
\xff\xa2|O\xff4#\x1d\xff3$\x1e\xff3$\x1e\
\xff3$\x1e\xff3$\x1e\xff3$\x1e\xff3$\x1e\
\xff3$\x1e\xff3$\x1e\xff8&#\xff\xbc\x9em\
\xff\xff\xe2\x88\xff\xabt>\xff8&\x1d\xff4$\x1e\
\xff4$\x1e\xff4$\x1e\xff4$\x1e\xff4$\x1e\
\xff4$\x1e\xff4$\x1e\xff4$\x1e\xff8%\x1d\
\xff\xa4XH\xff\xfc\xd9\x88\xffxfB\xff5$\x1d\
\xff9'\x1f\xff='\x1f\xff\xbb\x83\x5c\xff\xff\xe7\x8d\
\xff\xaf{R\xffU$\x22\xffQ%\x22\xffN%\x22\
\xffL%!\xffK%!\xffJ% \xffI% \
\xffG% \xffC$\x1f\xffG'$\xff\xc0\x9fn\
\xff\xff\xe2\x88\xff\xa7r=\xff7%\x1d\xff4$\x1e\
\xff4$\x1e\xff4$\x1e\xff4$\x1e\xff4$\x1e\
\xff4$\x1e\xff4$\x1e\xff3$\x1e\xff<%\x1e\
\xff\xb1_N\xff\xfd\xda\x89\xffucB\xff0 \x1c\
\xff3#\x1e\xff@' \xff\xc6\x89a\xff\xff\xe7\x8d\
\xff\xeb\xb7w\xff\xd5\x90e\xff\xd2\x90d\xff\xd0\x90b\
\xff\xcd\x8f`\xff\xcc\x8f^\xff\xcb\x8f^\xff\xca\x90]\
\xff\xc8\x90]\xff\xc4\x90\x5c\xff\xc3\x91^\xff\xea\xc7\x7f\
\xff\xff\xe1\x87\xff\xa2p<\xff6%\x1d\xff4$\x1e\
\xff4$\x1e\xff4$\x1e\xff4$\x1e\xff4$\x1e\
\xff4$\x1e\xff4$\x1e\xff3$\x1e\xffA&\x1f\
\xff\xbdeT\xff\xfd\xdb\x89\xffudB\xff1!\x1c\
\xff3$\x1e\xff@)!\xff\xbe\x89]\xff\xfe\xe1\x89\
\xff\xfe\xe3\x89\xff\xff\xe4\x8a\xff\xff\xe4\x8a\xff\xff\xe4\x8b\
\xff\xff\xe4\x8b\xff\xff\xe4\x8b\xff\xff\xe4\x8b\xff\xff\xe4\x8c\
\xff\xff\xe4\x8d\xff\xff\xe5\x8d\xff\xff\xe5\x8d\xff\xff\xe4\x8c\
\xff\xfe\xdb\x85\xff\x9dl:\xff5$\x1d\xff4$\x1e\
\xff4$\x1e\xff4$\x1e\xff4$\x1e\xff4$\x1e\
\xff4$\x1e\xff4$\x1e\xff3$\x1e\xffH' \
\xff\xc7jY\xff\xfd\xdc\x89\xffudB\xff1!\x1c\
\xff4$\x1e\xff8'\x1e\xffcG-\xff\x81b;\
\xff\x85d<\xff\x88e>\xff\x8bf?\xff\x8cg@\
\xff\x8df@\xff\x8fgB\xff\x9dhF\xff\x98iG\
\xff\x94iI\xff\x98lL\xff\x9enP\xff\xa4rT\
\xff\xa6oM\xffmD*\xff4$\x1e\xff4$\x1e\
\xff4$\x1e\xff4$\x1e\xff4$\x1e\xff4$\x1e\
\xfd4$\x1e\xff4$\x1e\xff2$\x1e\xffO)\x22\
\xff\xd0o]\xff\xfc\xdc\x89\xfftcB\xff/!\x1c\
\xff2$\x1e\xff2$\x1e\xff1#\x1d\xff0!\x1c\
\xff1\x22\x1c\xff1\x22\x1c\xff2\x22\x1c\xff2\x22\x1c\
\xff1!\x1c\xffO6.\xff\xbf\x90_\xff\x89`=\
\xff4#\x1c\xff4#\x1d\xff5$\x1d\xff6%\x1e\
\xff7%\x1e\xff5%\x1e\xff4$\x1e\xff4$\x1e\
\xff4$\x1e\xff4$\x1e\xff4$\x1e\xff4$\x1e\
\xef4$\x1e\xff4$\x1e\xff2$\x1e\xffX*$\
\xff\xd7tb\xff\xfd\xdc\x89\xff\x8fdF\xffR!!\
\xffO$\x22\xffI# \xffE\x22\x1f\xffB\x22\x1f\
\xff?\x22\x1f\xff<\x22\x1e\xff;\x22\x1e\xff9!\x1d\
\xff6 \x1c\xffiF>\xff\xf2\xd4\x87\xff\xb3\x89R\
\xff6#\x1d\xff4$\x1e\xff4$\x1e\xff4$\x1e\
\xff4$\x1e\xff4$\x1e\xff4$\x1e\xff4$\x1e\
\xff4$\x1e\xff4$\x1e\xff4$\x1e\xf74$\x1e\
\xcc4$\x1e\xff4$\x1e\xff2$\x1e\xff[+&\
\xff\xd6xd\xff\xff\xdf\x8b\xff\xe6\xa8r\xff\xd4\x83b\
\xff\xd1\x82_\xff\xcc\x80\x5c\xff\xc7\x7fY\xff\xc3~X\
\xff\xbf~W\xff\xba}V\xff\xb6}V\xff\xb2|T\
\xff\xae{S\xff\xc3\x91e\xff\xfb\xdd\x8a\xff\xad\x85Q\
\xff4#\x1d\xff4$\x1e\xff4$\x1e\xff4$\x1e\
\xff4$\x1e\xff4$\x1e\xff4$\x1e\xff4$\x1e\
\xff4$\x1e\xff4$\x1e\xff4$\x1e\xda4$\x1e\
\x8d4$\x1e\xff4$\x1e\xff4$\x1e\xff?) \
\xff\x94`E\xff\xda\xbdu\xff\xde\xc7z\xff\xe0\xc8{\
\xff\xe3\xc9{\xff\xe6\xca|\xff\xea\xcc}\xff\xec\xcd~\
\xff\xef\xce\x7f\xff\xf0\xcf\x80\xff\xf1\xcf\x80\xff\xf2\xd0\x80\
\xff\xf2\xd0\x81\xff\xf3\xd0\x82\xff\xf4\xd0\x81\xff\x9fvI\
\xff3\x22\x1d\xff4$\x1e\xff4$\x1e\xff4$\x1e\
\xff4$\x1e\xff4$\x1e\xff4$\x1e\xff4$\x1e\
\xff4$\x1e\xff4$\x1e\xff4$\x1e\x9c4$\x1e\
;4$\x1e\xe94$\x1e\xff4$\x1e\xff6&\x1e\
\xff<*\x1f\xffF5%\xffG6&\xffJ7'\
\xffL8'\xffP:(\xffT<)\xffX>*\
\xff\x5c@,\xff`B.\xffbC/\xffeD/\
\xfffE0\xffgE1\xffiF1\xffO3%\
\xff4$\x1e\xff4$\x1e\xff4$\x1e\xff4$\x1e\
\xff4$\x1e\xff4$\x1e\xff4$\x1e\xff4$\x1e\
\xff4$\x1e\xff4$\x1e\xef4$\x1eG4$\x1e\
\x044$\x1e\x984$\x1e\xff4$\x1e\xff4$\x1e\
\xff3$\x1e\xff3#\x1e\xff3#\x1d\xff3#\x1d\
\xff3#\x1d\xff2#\x1d\xff2#\x1d\xff2#\x1d\
\xff2#\x1d\xff2#\x1d\xff2#\x1d\xff2#\x1d\
\xff2#\x1d\xff2#\x1d\xff3#\x1d\xff3#\x1e\
\xff4$\x1e\xff4$\x1e\xff4$\x1e\xff4$\x1e\
\xff4$\x1e\xff4$\x1e\xff4$\x1e\xff4$\x1e\
\xff4$\x1e\xff4$\x1e\xa44$\x1e\x084$\x1e\
\x004$\x1e'4$\x1e\xd54$\x1e\xff4$\x1e\
\xff4$\x1e\xff4$\x1e\xff4$\x1e\xff4$\x1e\
\xff4$\x1e\xff4$\x1e\xff4$\x1e\xff4$\x1e\
\xff4$\x1e\xff4$\x1e\xff4$\x1e\xff4$\x1e\
\xff4$\x1e\xff4$\x1e\xff4$\x1e\xff4$\x1e\
\xff4$\x1e\xff4$\x1e\xff4$\x1e\xff4$\x1e\
\xff4$\x1e\xff4$\x1e\xff4$\x1e\xff4$\x1e\
\xff4$\x1e\xdd4$\x1e/4$\x1e\x004$\x1e\
\x004$\x1e\x004$\x1eH4$\x1e\xe54$\x1e\
\xff4$\x1e\xff4$\x1e\xff4$\x1e\xff4$\x1e\
\xff4$\x1e\xff4$\x1e\xff4$\x1e\xff4$\x1e\
\xff4$\x1e\xff4$\x1e\xff4$\x1e\xff4$\x1e\
\xff4$\x1e\xff4$\x1e\xff4$\x1e\xff4$\x1e\
\xff4$\x1e\xff4$\x1e\xff4$\x1e\xff4$\x1e\
\xff4$\x1e\xff4$\x1e\xff4$\x1e\xff4$\x1e\
\xea4$\x1eR4$\x1e\x004$\x1e\x004$\x1e\
\x004$\x1e\x004$\x1e\x004$\x1eH4$\x1e\
\xd54$\x1e\xff4$\x1e\xff4$\x1e\xff4$\x1e\
\xff4$\x1e\xff4$\x1e\xff4$\x1e\xff4$\x1e\
\xff4$\x1e\xff4$\x1e\xff4$\x1e\xff4$\x1e\
\xff4$\x1e\xff4$\x1e\xff4$\x1e\xff4$\x1e\
\xff4$\x1e\xff4$\x1e\xff4$\x1e\xff4$\x1e\
\xff4$\x1e\xff4$\x1e\xff4$\x1e\xdb4$\x1e\
Q4$\x1e\x004$\x1e\x004$\x1e\x00\x00\x00\x00\
\x004$\x1e\x004$\x1e\x004$\x1e\x004$\x1e\
'4$\x1e\x984$\x1e\xe94$\x1e\xff4$\x1e\
\xff4$\x1e\xff4$\x1e\xff4$\x1e\xff4$\x1e\
\xff4$\x1e\xff4$\x1e\xff4$\x1e\xff4$\x1e\
\xff4$\x1e\xff4$\x1e\xff4$\x1e\xff4$\x1e\
\xff4$\x1e\xff4$\x1e\xff4$\x1e\xff4$\x1e\
\xff4$\x1e\xec4$\x1e\x9f4$\x1e-4$\x1e\
\x004$\x1e\x004$\x1e\x00\x00\x00\x00\x00\x00\x00\x00\
\x00\x00\x00\x00\x004$\x1e\x004$\x1e\x004$\x1e\
\x004$\x1e\x044$\x1e;4$\x1e\x8d4$\x1e\
\xcc4$\x1e\xef4$\x1e\xfe4$\x1e\xff4$\x1e\
\xff4$\x1e\xff4$\x1e\xff4$\x1e\xff4$\x1e\
\xff4$\x1e\xff4$\x1e\xff4$\x1e\xff4$\x1e\
\xff4$\x1e\xfe4$\x1e\xf04$\x1e\xcf4$\x1e\
\x924$\x1e?4$\x1e\x064$\x1e\x004$\x1e\
\x004$\x1e\x00\x00\x00\x00\x00\x00\x00\x00\x00\xc0\x00\x00\
\x03\x80\x00\x00\x01\x00\x00\x00\x00\x00\x00\x00\x00\x00\x00\x00\
\x00\x00\x00\x00\x00\x00\x00\x00\x00\x00\x00\x00\x00\x00\x00\x00\
\x00\x00\x00\x00\x00\x00\x00\x00\x00\x00\x00\x00\x00\x00\x00\x00\
\x00\x00\x00\x00\x00\x00\x00\x00\x00\x00\x00\x00\x00\x00\x00\x00\
\x00\x00\x00\x00\x00\x00\x00\x00\x00\x00\x00\x00\x00\x00\x00\x00\
\x00\x00\x00\x00\x00\x00\x00\x00\x00\x00\x00\x00\x00\x00\x00\x00\
\x00\x00\x00\x00\x00\x00\x00\x00\x00\x00\x00\x00\x00\x00\x00\x00\
\x00\x00\x00\x00\x00\x80\x00\x00\x01\xc0\x00\x00\x03(\x00\x00\
\x000\x00\x00\x00`\x00\x00\x00\x01\x00 \x00\x00\x00\x00\
\x00\x00$\x00\x00\x00\x00\x00\x00\x00\x00\x00\x00\x00\x00\x00\
\x00\x00\x00\x00\x00\x00\x00\x00\x00\x00\x00\x00\x00\x00\x00\x00\
\x00\x00\x00\x00\x00\x00\x00\x00\x004$\x1e\x004$\x1e\
\x004$\x1e\x004$\x1e\x004$\x1e\x054$\x1e\
24$\x1ex4$\x1e\xb84$\x1e\xe24$\x1e\
\xf74$\x1e\xfe4$\x1e\xff4$\x1e\xff4$\x1e\
\xff4$\x1e\xff4$\x1e\xff4$\x1e\xff4$\x1e\
\xff4$\x1e\xff4$\x1e\xff4$\x1e\xff4$\x1e\
\xff4$\x1e\xff4$\x1e\xff4$\x1e\xff4$\x1e\
\xff4$\x1e\xff4$\x1e\xfe4$\x1e\xf84$\x1e\
\xe54$\x1e\xbd4$\x1e\x7f4$\x1e84$\x1e\
\x074$\x1e\x004$\x1e\x004$\x1e\x004$\x1e\
\x00\x00\x00\x00\x00\x00\x00\x00\x00\x00\x00\x00\x00\x00\x00\x00\
\x00\x00\x00\x00\x00\x00\x00\x00\x00\x00\x00\x00\x00\x00\x00\x00\
\x00\x00\x00\x00\x004$\x1e\x004$\x1e\x004$\x1e\
\x004$\x1e\x044$\x1e@4$\x1e\xa14$\x1e\
\xe54$\x1e\xfd4$\x1e\xff4$\x1e\xff4$\x1e\
\xff4$\x1e\xff4$\x1e\xff4$\x1e\xff4$\x1e\
\xff4$\x1e\xff4$\x1e\xff4$\x1e\xff4$\x1e\
\xff4$\x1e\xff4$\x1e\xff4$\x1e\xff4$\x1e\
\xff4$\x1e\xff4$\x1e\xff4$\x1e\xff4$\x1e\
\xff4$\x1e\xff4$\x1e\xff4$\x1e\xff4$\x1e\
\xff4$\x1e\xff4$\x1e\xfe4$\x1e\xe84$\x1e\
\xa94$\x1eH4$\x1e\x064$\x1e\x004$\x1e\
\x004$\x1e\x00\x00\x00\x00\x00\x00\x00\x00\x00\x00\x00\x00\
\x00\x00\x00\x00\x00\x00\x00\x00\x00\x00\x00\x00\x00\x00\x00\x00\
\x004$\x1e\x004$\x1e\x004$\x1e\x004$\x1e\
\x1e4$\x1e\x934$\x1e\xee4$\x1e\xff4$\x1e\
\xff4$\x1e\xff4$\x1e\xff4$\x1e\xff4$\x1e\
\xff4$\x1e\xff4$\x1e\xff4$\x1e\xff4$\x1e\
\xff4$\x1e\xff4$\x1e\xff4$\x1e\xff4$\x1e\
\xff4$\x1e\xff4$\x1e\xff4$\x1e\xff4$\x1e\
\xff4$\x1e\xff4$\x1e\xff4$\x1e\xff4$\x1e\
\xff4$\x1e\xff4$\x1e\xff4$\x1e\xff4$\x1e\
\xff4$\x1e\xff4$\x1e\xff4$\x1e\xff4$\x1e\
\xff4$\x1e\xf34$\x1e\x9e4$\x1e&4$\x1e\
\x004$\x1e\x004$\x1e\x00\x00\x00\x00\x00\x00\x00\x00\
\x00\x00\x00\x00\x00\x00\x00\x00\x00\x00\x00\x00\x004$\x1e\
\x004$\x1e\x004$\x1e\x004$\x1e;4$\x1e\
\xc84$\x1e\xff4$\x1e\xff4$\x1e\xff4$\x1e\
\xff4$\x1e\xff4$\x1e\xff4$\x1e\xff4$\x1e\
\xff4$\x1e\xff4$\x1e\xff4$\x1e\xff4$\x1e\
\xff4$\x1e\xff4$\x1e\xff4$\x1e\xff4$\x1e\
\xff4$\x1e\xff4$\x1e\xff4$\x1e\xff4$\x1e\
\xff4$\x1e\xff4$\x1e\xff4$\x1e\xff4$\x1e\
\xff4$\x1e\xff4$\x1e\xff4$\x1e\xff4$\x1e\
\xff4$\x1e\xff4$\x1e\xff4$\x1e\xff4$\x1e\
\xff4$\x1e\xff4$\x1e\xff4$\x1e\xd34$\x1e\
G4$\x1e\x004$\x1e\x004$\x1e\x00\x00\x00\x00\
\x00\x00\x00\x00\x00\x00\x00\x00\x004$\x1e\x004$\x1e\
\x004$\x1e\x004$\x1eF4$\x1e\xde4$\x1e\
\xff4$\x1e\xff4$\x1e\xff4$\x1e\xff4$\x1e\
\xff4$\x1e\xff4$\x1e\xff4$\x1e\xff4$\x1e\
\xff4$\x1e\xff4$\x1e\xff4$\x1e\xff4$\x1e\
\xff4$\x1e\xff4$\x1e\xff4$\x1e\xff4$\x1e\
\xff4$\x1e\xff4$\x1e\xff4$\x1e\xff4$\x1e\
\xff4$\x1e\xff4$\x1e\xff4$\x1e\xff4$\x1e\
\xff4$\x1e\xff4$\x1e\xff4$\x1e\xff4$\x1e\
\xff4$\x1e\xff4$\x1e\xff4$\x1e\xff4$\x1e\
\xff4$\x1e\xff4$\x1e\xff4$\x1e\xff4$\x1e\
\xe74$\x1eV4$\x1e\x004$\x1e\x004$\x1e\
\x00\x00\x00\x00\x004$\x1e\x004$\x1e\x004$\x1e\
\x004$\x1e94$\x1e\xdd4$\x1e\xff4$\x1e\
\xff4$\x1e\xff4$\x1e\xff4$\x1e\xff4$\x1e\
\xff4$\x1e\xff4$\x1e\xff4$\x1e\xff4$\x1e\
\xff4$\x1e\xff4$\x1e\xff4$\x1e\xff4$\x1e\
\xff4$\x1e\xff4$\x1e\xff4$\x1e\xff4$\x1e\
\xff4$\x1e\xff4$\x1e\xff4$\x1e\xff4$\x1e\
\xff4$\x1e\xff4$\x1e\xff4$\x1e\xff4$\x1e\
\xff4$\x1e\xff4$\x1e\xff4$\x1e\xff4$\x1e\
\xff4$\x1e\xff4$\x1e\xff4$\x1e\xff4$\x1e\
\xff4$\x1e\xff4$\x1e\xff4$\x1e\xff4$\x1e\
\xff4$\x1e\xe64$\x1eG4$\x1e\x004$\x1e\
\x004$\x1e\x004$\x1e\x004$\x1e\x004$\x1e\
\x1b4$\x1e\xc54$\x1e\xff4$\x1e\xff4$\x1e\
\xff4$\x1e\xff4$\x1e\xff4$\x1e\xff4$\x1e\
\xff4$\x1e\xff4$\x1e\xff4$\x1e\xff4$\x1e\
\xff4$\x1e\xff4$\x1e\xff4$\x1e\xff4$\x1e\
\xff4$\x1e\xff4$\x1e\xff4$\x1e\xff4$\x1e\
\xff4$\x1e\xff4$\x1e\xff4$\x1e\xff4$\x1e\
\xff4$\x1e\xff4$\x1e\xff4$\x1e\xff4$\x1e\
\xff4$\x1e\xff4$\x1e\xff4$\x1e\xff4$\x1e\
\xff4$\x1e\xff4$\x1e\xff4$\x1e\xff4$\x1e\
\xff4$\x1e\xff4$\x1e\xff4$\x1e\xff4$\x1e\
\xff4$\x1e\xff4$\x1e\xd34$\x1e&4$\x1e\
\x004$\x1e\x004$\x1e\x004$\x1e\x024$\x1e\
\x8c4$\x1e\xff4$\x1e\xff4$\x1e\xff4$\x1e\
\xff4$\x1e\xff4$\x1e\xff4$\x1e\xff4$\x1e\
\xff4$\x1e\xff4$\x1e\xff4$\x1e\xff4$\x1e\
\xff4$\x1e\xff4$\x1e\xff4$\x1e\xff4$\x1e\
\xff4$\x1e\xff4$\x1e\xff4$\x1e\xff4$\x1e\
\xff4$\x1e\xff4$\x1e\xff4$\x1e\xff4$\x1e\
\xff4$\x1e\xff4$\x1e\xff4$\x1e\xff4$\x1e\
\xff4$\x1e\xff4$\x1e\xff4$\x1e\xff4$\x1e\
\xff4$\x1e\xff4$\x1e\xff4$\x1e\xff4$\x1e\
\xff4$\x1e\xff4$\x1e\xff4$\x1e\xff4$\x1e\
\xff4$\x1e\xff4$\x1e\xff4$\x1e\x9e4$\x1e\
\x064$\x1e\x004$\x1e\x004$\x1e84$\x1e\
\xea4$\x1e\xff4$\x1e\xff4$\x1e\xff4$\x1e\
\xff4$\x1e\xff4$\x1e\xff4$\x1e\xff4$\x1e\
\xff4$\x1e\xff4$\x1e\xff4$\x1e\xff4$\x1e\
\xff4$\x1e\xff4$\x1e\xff4$\x1e\xff4$\x1e\
\xff4$\x1e\xff4$\x1e\xff4$\x1e\xff4$\x1e\
\xff4$\x1e\xff4$\x1e\xff4$\x1e\xff4$\x1e\
\xff4$\x1e\xff4$\x1e\xff4$\x1e\xff4$\x1e\
\xff4$\x1e\xff4$\x1e\xff4$\x1e\xff4$\x1e\
\xff4$\x1e\xff4$\x1e\xff4$\x1e\xff4$\x1e\
\xff4$\x1e\xff4$\x1e\xff4$\x1e\xff4$\x1e\
\xff4$\x1e\xff4$\x1e\xff4$\x1e\xf34$\x1e\
H4$\x1e\x004$\x1e\x024$\x1e\x964$\x1e\
\xff4$\x1e\xff4$\x1e\xff4$\x1e\xff4$\x1e\
\xff4$\x1e\xff4$\x1e\xff4$\x1e\xff4$\x1e\
\xff4$\x1e\xff4$\x1e\xff4$\x1e\xff4$\x1e\
\xff4$\x1e\xff4$\x1e\xff4$\x1e\xff4$\x1e\
\xff4$\x1e\xff4$\x1e\xff4$\x1e\xff4$\x1e\
\xff4$\x1e\xff4$\x1e\xff4$\x1e\xff4$\x1e\
\xff4$\x1e\xff4$\x1e\xff4$\x1e\xff4$\x1e\
\xff4$\x1e\xff4$\x1e\xff4$\x1e\xff4$\x1e\
\xff4$\x1e\xff4$\x1e\xff3$\x1e\xff5#\x1d\
\xff:(\x1e\xff6%\x1e\xff4$\x1e\xff4$\x1e\
\xff4$\x1e\xff4$\x1e\xff4$\x1e\xff4$\x1e\
\xa94$\x1e\x074$\x1e(4$\x1e\xdd4$\x1e\
\xff4$\x1e\xff4$\x1e\xff4$\x1e\xff4$\x1e\
\xff4$\x1e\xff4$\x1e\xff4$\x1e\xff4$\x1e\
\xff4$\x1e\xff4$\x1e\xff4$\x1e\xff4$\x1e\
\xff4$\x1e\xff4$\x1e\xff4$\x1e\xff4$\x1e\
\xff4$\x1e\xff4$\x1e\xff4$\x1e\xff4$\x1e\
\xff4$\x1e\xff4$\x1e\xff4$\x1e\xff4$\x1e\
\xff4$\x1e\xff4$\x1e\xff4$\x1e\xff4$\x1e\
\xff4$\x1e\xff4$\x1e\xff4$\x1e\xff4$\x1e\
\xff3$\x1e\xff8#\x1e\xffW+#\xff\x84S5\
\xffjJ'\xffB.\x1d\xff4$\x1e\xff4$\x1e\
\xff4$\x1e\xff4$\x1e\xff4$\x1e\xff4$\x1e\
\xe94$\x1e84$\x1eh4$\x1e\xfb4$\x1e\
\xff4$\x1e\xff4$\x1e\xff4$\x1e\xff4$\x1e\
\xff4$\x1e\xff4$\x1e\xff4$\x1e\xff4$\x1e\
\xff4$\x1e\xff4$\x1e\xff4$\x1e\xff4$\x1e\
\xff4$\x1e\xff4$\x1e\xff4$\x1e\xff4$\x1e\
\xff4$\x1e\xff4$\x1e\xff4$\x1e\xff4$\x1e\
\xff4$\x1e\xff4$\x1e\xff4$\x1e\xff4$\x1e\
\xff4$\x1e\xff4$\x1e\xff4$\x1e\xff4$\x1e\
\xff4$\x1e\xff4$\x1e\xff3$\x1e\xff7$\x1e\
\xffN&!\xff\x86C1\xff\xcc\x8f[\xff\xf3\xce}\
\xff\xa5u=\xffS8\x1f\xff5%\x1e\xff4$\x1e\
\xff4$\x1e\xff4$\x1e\xff4$\x1e\xff4$\x1e\
\xfe4$\x1e\x7f4$\x1e\xa64$\x1e\xff4$\x1e\
\xff4$\x1e\xff4$\x1e\xff4$\x1e\xff4$\x1e\
\xff4$\x1e\xff4$\x1e\xff4$\x1e\xff4$\x1e\
\xff4$\x1e\xff4$\x1e\xff4$\x1e\xff4$\x1e\
\xff4$\x1e\xff4$\x1e\xff4$\x1e\xff4$\x1e\
\xff3$\x1e\xff3$\x1e\xff3$\x1e\xff3$\x1e\
\xff4$\x1e\xff4$\x1e\xff4$\x1e\xff4$\x1e\
\xff4$\x1e\xff4$\x1e\xff4$\x1e\xff4$\x1e\
\xff3$\x1e\xff6$\x1e\xffI% \xffx5*\
\xff\xbasL\xff\xee\xc3x\xff\xff\xe7\x8c\xff\xff\xe2\x89\
\xff\xbf~E\xff^;\x22\xff4$\x1e\xff4$\x1e\
\xff4$\x1e\xff4$\x1e\xff4$\x1e\xff4$\x1e\
\xff4$\x1e\xbd4$\x1e\xd24$\x1e\xff4$\x1e\
\xff4$\x1e\xff4$\x1e\xff4$\x1e\xff4$\x1e\
\xff4$\x1e\xff4$\x1e\xff4$\x1e\xff4$\x1e\
\xff4$\x1e\xff4$\x1e\xff4$\x1e\xff4$\x1e\
\xff4$\x1e\xff4$\x1e\xff8$\x1f\xff=%\x1f\
\xff>% \xff>% \xff=%\x1f\xff<%\x1f\
\xff;$\x1f\xff9$\x1f\xff7$\x1e\xff5$\x1e\
\xff3$\x1e\xff3$\x1e\xff2$\x1e\xff5$\x1e\
\xffF% \xffn-'\xff\xaaZ?\xff\xe3\xacl\
\xff\xfe\xe1\x89\xff\xff\xe8\x8d\xff\xff\xe6\x8c\xff\xfe\xe0\x88\
\xff\xc5\x81F\xffc?\x22\xff3$\x1e\xff4$\x1e\
\xff4$\x1e\xff4$\x1e\xff4$\x1e\xff4$\x1e\
\xff4$\x1e\xe54$\x1e\xee4$\x1e\xff4$\x1e\
\xff4$\x1e\xff4$\x1e\xff4$\x1e\xff4$\x1e\
\xff4$\x1e\xff4$\x1e\xff4$\x1e\xff4$\x1e\
\xff4$\x1e\xff4$\x1e\xff4$\x1e\xff4$\x1e\
\xff4$\x1e\xff3$\x1e\xffJ%!\xff\x80)*\
\xff\x83**\xff\x83**\xff\x83**\xff\x85**\
\xff\x86+*\xff\x85+*\xff\x83+*\xff~+)\
\xffw*(\xffo*'\xffg)%\xffp+&\
\xff\x9fG6\xff\xd7\x92^\xff\xf9\xd6\x83\xff\xff\xe9\x8d\
\xff\xff\xe8\x8d\xff\xfe\xe3\x8b\xff\xff\xe6\x8c\xff\xfe\xe0\x88\
\xff\xca\x84G\xfff@#\xff3#\x1e\xff4$\x1e\
\xff4$\x1e\xff4$\x1e\xff4$\x1e\xff4$\x1e\
\xff4$\x1e\xf84$\x1e\xfc4$\x1e\xff4$\x1e\
\xff4$\x1e\xff4$\x1e\xff4$\x1e\xff4$\x1e\
\xff4$\x1e\xff4$\x1e\xff4$\x1e\xff4$\x1e\
\xff4$\x1e\xff4$\x1e\xff4$\x1e\xff4$\x1e\
\xff4$\x1e\xff3$\x1d\xffoC2\xff\xceiV\
\xff\xd0iT\xff\xcehQ\xff\xcdgM\xff\xccgJ\
\xff\xccfG\xff\xccfD\xff\xccfB\xff\xccfB\
\xff\xcceA\xff\xccdA\xff\xcbdA\xff\xd5\x80R\
\xff\xf2\xc5z\xff\xff\xe7\x8c\xff\xff\xe9\x8d\xff\xfd\xe1\x8b\
\xff\xec\xb7z\xff\xea\xb2y\xff\xff\xe7\x8c\xff\xfe\xe0\x88\
\xff\xcf\x87H\xffhA$\xff2#\x1e\xff4$\x1e\
\xff4$\x1e\xff4$\x1e\xff4$\x1e\xff4$\x1e\
\xff4$\x1e\xfe4$\x1e\xff4$\x1e\xff4$\x1e\
\xff4$\x1e\xff4$\x1e\xff4$\x1e\xff4$\x1e\
\xff4$\x1e\xff4$\x1e\xff4$\x1e\xff4$\x1e\
\xff4$\x1e\xff4$\x1e\xff4$\x1e\xff4$\x1e\
\xff4$\x1e\xff4$\x1c\xff\x98\x80P\xff\xff\xe0\x8b\
\xff\xfe\xde\x8a\xff\xfd\xde\x8a\xff\xfd\xde\x89\xff\xfd\xde\x88\
\xff\xfc\xdd\x88\xff\xfc\xdd\x87\xff\xfc\xdd\x86\xff\xfb\xdc\x85\
\xff\xfb\xdc\x85\xff\xfb\xdb\x85\xff\xfb\xdb\x85\xff\xfe\xe3\x8a\
\xff\xff\xe9\x8d\xff\xff\xe6\x8d\xff\xf4\xca\x81\xff\xd6\x8eb\
\xff\xa6X?\xff\xbd\x8b`\xff\xff\xe7\x8d\xff\xfd\xe0\x88\
\xff\xd3\x89I\xffiB$\xff2#\x1e\xff4$\x1e\
\xff4$\x1e\xff4$\x1e\xff4$\x1e\xff4$\x1e\
\xff4$\x1e\xff4$\x1e\xff4$\x1e\xff4$\x1e\
\xff4$\x1e\xff4$\x1e\xff4$\x1e\xff4$\x1e\
\xff4$\x1e\xff4$\x1e\xff4$\x1e\xff4$\x1e\
\xff4$\x1e\xff4$\x1e\xff4$\x1e\xff4$\x1e\
\xff4$\x1e\xff5$\x1c\xff\x9c\x86S\xff\xff\xe9\x8e\
\xff\xff\xe7\x8c\xff\xff\xe8\x8d\xff\xff\xe9\x8d\xff\xff\xe9\x8d\
\xff\xff\xe9\x8e\xff\xff\xe9\x8e\xff\xff\xe9\x8e\xff\xff\xe9\x8e\
\xff\xff\xe9\x8e\xff\xff\xe9\x8e\xff\xff\xe9\x8e\xff\xff\xe8\x8e\
\xff\xfa\xd8\x86\xff\xe1\xa1j\xff\xb5eE\xffy@,\
\xffD)!\xff\x98{Y\xff\xff\xe8\x8d\xff\xfd\xe0\x88\
\xff\xd5\x8aJ\xffhA$\xff2#\x1e\xff4$\x1e\
\xff4$\x1e\xff4$\x1e\xff4$\x1e\xff4$\x1e\
\xff4$\x1e\xff4$\x1e\xff4$\x1e\xff4$\x1e\
\xff4$\x1e\xff4$\x1e\xff4$\x1e\xff4$\x1e\
\xff4$\x1e\xff4$\x1e\xff4$\x1e\xff4$\x1e\
\xff4$\x1e\xff4$\x1e\xff4$\x1e\xff4$\x1e\
\xff4$\x1e\xff6%\x1d\xff\xa0\x86T\xff\xff\xe9\x8e\
\xff\xfc\xe0\x88\xff\xc2\x9b_\xff\x99\x81Q\xff\x99\x82Q\
\xff\x9d\x85R\xff\xa2\x87S\xff\xa8\x89T\xff\xae\x8cV\
\xff\xb4\x8eY\xff\xbb\x92]\xff\xc1\x95a\xff\xc6\x95a\
\xff\xb4pI\xff\x85F/\xffN.\x22\xff4$\x1e\
\xff2!\x1e\xff\x98|Z\xff\xff\xe8\x8d\xff\xfd\xe0\x88\
\xff\xd7\x8bJ\xffgA$\xff2#\x1e\xff4$\x1e\
\xff4$\x1e\xff4$\x1e\xff4$\x1e\xff4$\x1e\
\xff4$\x1e\xff4$\x1e\xff4$\x1e\xff4$\x1e\
\xff4$\x1e\xff4$\x1e\xff4$\x1e\xff4$\x1e\
\xff4$\x1e\xff4$\x1e\xff3$\x1e\xff3$\x1e\
\xff3$\x1e\xff4$\x1e\xff4$\x1e\xff4$\x1e\
\xff4$\x1e\xff8&\x1d\xff\xa7\x88V\xff\xff\xe9\x8e\
\xff\xf9\xdb\x85\xff\x8aW8\xff7\x22\x1c\xff2!\x1c\
\xff2\x22\x1c\xff3\x22\x1d\xff4#\x1d\xff5#\x1d\
\xff7$\x1d\xff9%\x1e\xff;&\x1f\xff?( \
\xff@(\x1f\xff7%\x1e\xff3#\x1e\xff4$\x1e\
\xff3\x22\x1e\xff\x99}[\xff\xff\xe8\x8d\xff\xfd\xe0\x88\
\xff\xd7\x8cJ\xffd?#\xff2#\x1e\xff4$\x1e\
\xff4$\x1e\xff4$\x1e\xff4$\x1e\xff4$\x1e\
\xff4$\x1e\xff4$\x1e\xff4$\x1e\xff4$\x1e\
\xff4$\x1e\xff4$\x1e\xff4$\x1e\xff4$\x1e\
\xff4$\x1e\xff;%\x1f\xffD% \xff@% \
\xff=%\x1f\xff:$\x1f\xff8$\x1f\xff7$\x1e\
\xff5$\x1e\xff;'\x1e\xff\xaf\x8aZ\xff\xff\xe9\x8e\
\xff\xf9\xda\x85\xff\x8aX9\xff9%\x1e\xff4$\x1e\
\xff4$\x1e\xff4$\x1e\xff4$\x1e\xff4$\x1e\
\xff4$\x1e\xff4$\x1e\xff3$\x1e\xff3$\x1e\
\xff3$\x1e\xff4$\x1e\xff4$\x1e\xff4$\x1e\
\xff4\x22\x1f\xff\x9b}]\xff\xff\xe8\x8d\xff\xfd\xe0\x88\
\xff\xd7\x8cJ\xffa=#\xff2#\x1e\xff4$\x1e\
\xff4$\x1e\xff4$\x1e\xff4$\x1e\xff4$\x1e\
\xff4$\x1e\xff4$\x1e\xff4$\x1e\xff4$\x1e\
\xff4$\x1e\xff4$\x1e\xff4$\x1e\xff4$\x1e\
\xff3$\x1e\xffj)(\xff\x9f05\xff\x98.3\
\xff\x92-1\xff\x8d,/\xff\x86+-\xff\x80*+\
\xffT&$\xff>(\x1f\xff\xb9\x8e^\xff\xff\xe9\x8e\
\xff\xf8\xda\x85\xff\x89W9\xff8%\x1e\xff4$\x1e\
\xff4$\x1e\xff4$\x1e\xff4$\x1e\xff4$\x1e\
\xff4$\x1e\xff4$\x1e\xff4$\x1e\xff4$\x1e\
\xff4$\x1e\xff4$\x1e\xff4$\x1e\xff4$\x1e\
\xff5# \xff\x9c~^\xff\xff\xe8\x8d\xff\xfd\xe0\x88\
\xff\xd6\x8bJ\xff^<\x22\xff2#\x1e\xff4$\x1e\
\xff4$\x1e\xff4$\x1e\xff4$\x1e\xff4$\x1e\
\xff4$\x1e\xff4$\x1e\xff4$\x1e\xff4$\x1e\
\xff4$\x1e\xff4$\x1e\xff4$\x1e\xff4$\x1e\
\xff9(\x1e\xff\x8c<6\xff\xd5e`\xff\xd3fa\
\xff\xd1d^\xff\xd0a\x5c\xff\xce_Y\xff\xcb]W\
\xff\x80D<\xffF+ \xff\xc3\x92b\xff\xff\xe9\x8e\
\xff\xf8\xd9\x84\xff\x87V8\xff7$\x1e\xff4$\x1e\
\xff4$\x1e\xff4$\x1e\xff4$\x1e\xff4$\x1e\
\xff4$\x1e\xff4$\x1e\xff4$\x1e\xff4$\x1e\
\xff4$\x1e\xff4$\x1e\xff4$\x1e\xff4$\x1e\
\xff5# \xff\x9e\x7f_\xff\xff\xe8\x8d\xff\xfe\xe0\x88\
\xff\xd4\x8bI\xffZ:!\xff2#\x1e\xff4$\x1e\
\xff4$\x1e\xff4$\x1e\xff4$\x1e\xff4$\x1e\
\xff4$\x1e\xff4$\x1e\xff4$\x1e\xff4$\x1e\
\xff4$\x1e\xff4$\x1e\xff4$\x1e\xff4$\x1e\
\xff>)\x1e\xff\xa1QE\xff\xfa\xcd\x85\xff\xfc\xd9\x89\
\xff\xfd\xd9\x89\xff\xfd\xd9\x89\xff\xfd\xd9\x89\xff\xff\xdc\x8a\
\xff\xc1\xa3g\xffS2$\xff\xcc\x96f\xff\xff\xe9\x8e\
\xff\xf7\xd9\x84\xff\x84U8\xff6$\x1e\xff4$\x1e\
\xff4$\x1e\xff4$\x1e\xff4$\x1e\xff4$\x1e\
\xff4$\x1e\xff4$\x1e\xff4$\x1e\xff4$\x1e\
\xff4$\x1e\xff4$\x1e\xff4$\x1e\xff4$\x1e\
\xff6#!\xff\xa0\x80`\xff\xff\xe8\x8d\xff\xfe\xe0\x88\
\xff\xd2\x8aI\xffW8!\xff2#\x1e\xff4$\x1e\
\xff4$\x1e\xff4$\x1e\xff4$\x1e\xff4$\x1e\
\xff4$\x1e\xff4$\x1e\xff4$\x1e\xff4$\x1e\
\xff4$\x1e\xff4$\x1e\xff4$\x1e\xff4$\x1e\
\xffB)\x1e\xff\xb1YL\xff\xfe\xdc\x8a\xff\xfc\xe5\x8b\
\xff\xed\xd5\x81\xff\xec\xd4\x80\xff\xee\xd5\x80\xff\xf2\xd8\x82\
\xff\xb7\xa0c\xffY5'\xff\xd4\x9bj\xff\xff\xe9\x8e\
\xff\xf7\xd9\x84\xff\x80T8\xff5#\x1d\xff4$\x1e\
\xff4$\x1e\xff4$\x1e\xff4$\x1e\xff4$\x1e\
\xff4$\x1e\xff4$\x1e\xff4$\x1e\xff4$\x1e\
\xff4$\x1e\xff4$\x1e\xff4$\x1e\xff4$\x1e\
\xff7$!\xff\xa2\x80a\xff\xff\xe8\x8d\xff\xfe\xe0\x88\
\xff\xd0\x89H\xffT7 \xff2#\x1e\xff4$\x1e\
\xff4$\x1e\xff4$\x1e\xff4$\x1e\xff4$\x1e\
\xff4$\x1e\xff4$\x1e\xff4$\x1e\xff4$\x1e\
\xff4$\x1e\xff4$\x1e\xff4$\x1e\xff4%\x1e\
\xffI) \xff\xbe`R\xff\xff\xde\x8b\xff\xe5\xce~\
\xfffR5\xffWB,\xff[E,\xff]F-\
\xffJ8(\xffZ3(\xff\xdc\x9fn\xff\xff\xe9\x8e\
\xff\xf6\xd9\x84\xff|R7\xff5#\x1d\xff4$\x1e\
\xff5$\x1e\xff5$\x1e\xff5$\x1e\xff4$\x1e\
\xff4$\x1e\xff4$\x1e\xff4$\x1e\xff4$\x1e\
\xff3$\x1e\xff3$\x1e\xff3$\x1e\xff3$\x1e\
\xff7$\x22\xff\xa2\x80b\xff\xff\xe8\x8d\xff\xfe\xe0\x88\
\xff\xcd\x88G\xffQ5\x1f\xff3#\x1e\xff4$\x1e\
\xff4$\x1e\xff4$\x1e\xff4$\x1e\xff4$\x1e\
\xff4$\x1e\xff4$\x1e\xff4$\x1e\xff4$\x1e\
\xff4$\x1e\xff4$\x1e\xff4$\x1e\xff4%\x1e\
\xffQ+!\xff\xc9fX\xff\xff\xdf\x8b\xff\xdf\xc9{\
\xffE4'\xff1!\x1c\xff2\x22\x1d\xff2\x22\x1d\
\xff1\x22\x1d\xffb6+\xff\xe2\xa3r\xff\xff\xe9\x8d\
\xff\xf8\xd9\x85\xff\x97R<\xff_$$\xff[%#\
\xffX%#\xffU%\x22\xffS$\x22\xffQ$!\
\xffP$!\xffO%!\xffO%!\xffN%!\
\xffL% \xffJ% \xffH$ \xffD$\x1f\
\xffF%$\xff\xa8\x81c\xff\xff\xe8\x8d\xff\xfe\xe0\x88\
\xff\xca\x87F\xffO4\x1f\xff3#\x1e\xff4$\x1e\
\xff4$\x1e\xff4$\x1e\xff4$\x1e\xff4$\x1e\
\xff4$\x1e\xff4$\x1e\xff4$\x1e\xff4$\x1e\
\xff4$\x1e\xff4$\x1e\xff4$\x1e\xff4%\x1e\
\xffZ+$\xff\xd2m]\xff\xff\xe0\x8c\xff\xdf\xc9|\
\xffF6(\xff3#\x1d\xff4$\x1e\xff4$\x1e\
\xff2#\x1d\xffl:/\xff\xe8\xa7u\xff\xff\xe8\x8d\
\xff\xfc\xdd\x88\xff\xda\x88b\xff\xc8lU\xff\xc5mT\
\xff\xc3lS\xff\xc0kP\xff\xbejO\xff\xbcjL\
\xff\xbbjK\xff\xbajJ\xff\xb9kJ\xff\xb8kJ\
\xff\xb6kI\xff\xb3kI\xff\xb0kH\xff\xadkG\
\xff\xablK\xff\xd5\xa6s\xff\xff\xe7\x8d\xff\xfe\xe0\x88\
\xff\xc7\x86E\xffL2\x1e\xff3#\x1e\xff4$\x1e\
\xff4$\x1e\xff4$\x1e\xff4$\x1e\xff4$\x1e\
\xff4$\x1e\xff4$\x1e\xff4$\x1e\xff4$\x1e\
\xff4$\x1e\xff4$\x1e\xff4$\x1e\xff4&\x1e\
\xffd-&\xff\xd9sb\xff\xff\xe1\x8c\xff\xdf\xc9|\
\xffF6(\xff3#\x1d\xff4$\x1e\xff4$\x1e\
\xff2$\x1d\xfft>3\xff\xea\xaaw\xff\xff\xe8\x8d\
\xff\xff\xe6\x8c\xff\xff\xe4\x8c\xff\xff\xe4\x8c\xff\xff\xe4\x8c\
\xff\xff\xe4\x8c\xff\xff\xe4\x8c\xff\xff\xe4\x8b\xff\xff\xe4\x8b\
\xff\xff\xe3\x8b\xff\xff\xe3\x8b\xff\xff\xe3\x8b\xff\xff\xe3\x8b\
\xff\xff\xe3\x8b\xff\xff\xe3\x8b\xff\xff\xe3\x8b\xff\xff\xe3\x8b\
\xff\xff\xe3\x8b\xff\xff\xe5\x8c\xff\xff\xe7\x8c\xff\xfe\xe1\x88\
\xff\xc3\x84D\xffJ1\x1e\xff3#\x1e\xff4$\x1e\
\xff4$\x1e\xff4$\x1e\xff4$\x1e\xff4$\x1e\
\xff4$\x1e\xff4$\x1e\xff4$\x1e\xff4$\x1e\
\xff4$\x1e\xff4$\x1e\xff4$\x1e\xff4&\x1d\
\xffo/)\xff\xdexf\xff\xff\xe1\x8c\xff\xdf\xc9|\
\xffF6(\xff3#\x1d\xff4$\x1e\xff4$\x1e\
\xff3$\x1d\xfff@0\xff\xde\xa8p\xff\xff\xe6\x8b\
\xff\xff\xe4\x8b\xff\xff\xe5\x8b\xff\xff\xe5\x8b\xff\xff\xe5\x8b\
\xff\xff\xe5\x8b\xff\xff\xe5\x8b\xff\xff\xe5\x8b\xff\xff\xe5\x8b\
\xff\xff\xe5\x8c\xff\xff\xe5\x8c\xff\xff\xe5\x8c\xff\xff\xe5\x8c\
\xff\xff\xe5\x8c\xff\xff\xe5\x8c\xff\xff\xe5\x8c\xff\xff\xe5\x8c\
\xff\xff\xe5\x8c\xff\xff\xe5\x8c\xff\xff\xe5\x8c\xff\xff\xdf\x87\
\xff\xbf\x82C\xffH/\x1e\xff3#\x1e\xff4$\x1e\
\xff4$\x1e\xff4$\x1e\xff4$\x1e\xff4$\x1e\
\xff4$\x1e\xff4$\x1e\xff4$\x1e\xff4$\x1e\
\xff4$\x1e\xff4$\x1e\xff4$\x1e\xff5&\x1d\
\xffz0-\xff\xe2}i\xff\xff\xe1\x8b\xff\xdf\xc9|\
\xffF6(\xff3#\x1d\xff4$\x1e\xff4$\x1e\
\xff4$\x1e\xffL4\x22\xff\x86_7\xff\x9dxE\
\xff\xa0xF\xff\xa4{G\xff\xa6{H\xff\xa9|J\
\xff\xab}J\xff\xac|K\xff\xad}L\xff\xad|L\
\xff\xaf|N\xff\xaf|O\xff\xb1{R\xff\xb3}T\
\xff\xb5~X\xff\xb9\x80[\xff\xbc\x82^\xff\xbf\x84a\
\xff\xc4\x86c\xff\xc8\x89f\xff\xcc\x8bi\xff\xca\x83Y\
\xff\x9b[4\xff=)\x1e\xff3$\x1e\xff4$\x1e\
\xff4$\x1e\xff4$\x1e\xff4$\x1e\xff4$\x1e\
\xff4$\x1e\xff4$\x1e\xff4$\x1e\xff4$\x1e\
\xff4$\x1e\xff4$\x1e\xff4$\x1e\xff7'\x1e\
\xff\x8530\xff\xe5\x81l\xff\xff\xe1\x8b\xff\xdf\xc9|\
\xffF6(\xff3#\x1d\xff4$\x1e\xff4$\x1e\
\xff4$\x1e\xff4$\x1e\xff4$\x1d\xff5$\x1c\
\xff6$\x1d\xff8%\x1d\xff9&\x1d\xff:'\x1d\
\xff;'\x1d\xff<(\x1e\xff=(\x1e\xff=(\x1e\
\xff=)\x1e\xffZ3&\xff\x84B1\xffi9)\
\xff@*\x1e\xff@+\x1f\xffA+ \xffD-!\
\xffF.#\xffI/%\xffN2'\xffN1$\
\xffG. \xff4$\x1e\xff4$\x1e\xff4$\x1e\
\xff4$\x1e\xff4$\x1e\xff4$\x1e\xff4$\x1e\
\xff4$\x1e\xff4$\x1e\xfc4$\x1e\xff4$\x1e\
\xff4$\x1e\xff4$\x1e\xff4$\x1e\xff9'\x1e\
\xff\x9054\xff\xe8\x85n\xff\xff\xe1\x8b\xff\xdf\xc9|\
\xffF6(\xff2#\x1d\xff4$\x1e\xff4$\x1e\
\xff4$\x1e\xff4$\x1e\xff4$\x1e\xff4$\x1e\
\xff4$\x1e\xff4$\x1e\xff4$\x1e\xff3$\x1e\
\xff3$\x1e\xff3$\x1e\xff3$\x1e\xff3#\x1d\
\xff>('\xff\xa1{[\xff\xf6\xcf\x81\xff\xc5\x93Y\
\xffF-\x1f\xff2#\x1e\xff3$\x1e\xff3$\x1e\
\xff3$\x1e\xff3$\x1e\xff3$\x1d\xff3$\x1e\
\xff3$\x1e\xff4$\x1e\xff4$\x1e\xff4$\x1e\
\xff4$\x1e\xff4$\x1e\xff4$\x1e\xff4$\x1e\
\xff4$\x1e\xfe4$\x1e\xec4$\x1e\xff4$\x1e\
\xff4$\x1e\xff4$\x1e\xff3$\x1e\xff<(\x1e\
\xff\x9a78\xff\xea\x88p\xff\xff\xe1\x8b\xff\xe1\xc9|\
\xffP7)\xff:#\x1e\xff9$\x1f\xff7$\x1e\
\xff5$\x1e\xff4$\x1e\xff3$\x1e\xff3$\x1e\
\xff3$\x1e\xff3$\x1e\xff3$\x1e\xff3$\x1e\
\xff3$\x1e\xff3$\x1e\xff3$\x1e\xff1#\x1d\
\xffG.-\xff\xb5\x8fk\xff\xff\xec\x8f\xff\xde\xadf\
\xffO1\x22\xff2#\x1e\xff4$\x1e\xff4$\x1e\
\xff4$\x1e\xff4$\x1e\xff4$\x1e\xff4$\x1e\
\xff4$\x1e\xff4$\x1e\xff4$\x1e\xff4$\x1e\
\xff4$\x1e\xff4$\x1e\xff4$\x1e\xff4$\x1e\
\xff4$\x1e\xf74$\x1e\xce4$\x1e\xff4$\x1e\
\xff4$\x1e\xff4$\x1e\xff3$\x1e\xffA)\x1f\
\xff\xa4:<\xff\xeb\x8br\xff\xff\xe0\x8b\xff\xf0\xcc\x7f\
\xff\xa8C>\xff\x98/3\xff\x93.1\xff\x8c-/\
\xff\x85+-\xff}*+\xffv*)\xffq)(\
\xffl)'\xfff('\xffa(&\xff](%\
\xffZ'$\xffV'#\xffS&#\xffO&\x22\
\xffa23\xff\xbf\x8fl\xff\xff\xea\x8e\xff\xda\xaae\
\xffK/!\xff3#\x1e\xff4$\x1e\xff4$\x1e\
\xff4$\x1e\xff4$\x1e\xff4$\x1e\xff4$\x1e\
\xff4$\x1e\xff4$\x1e\xff4$\x1e\xff4$\x1e\
\xff4$\x1e\xff4$\x1e\xff4$\x1e\xff4$\x1e\
\xff4$\x1e\xe24$\x1e\xa14$\x1e\xff4$\x1e\
\xff4$\x1e\xff4$\x1e\xff3$\x1e\xffB)\x1f\
\xff\x9c<>\xff\xe9\x8dr\xff\xfe\xdf\x8a\xff\xfc\xde\x89\
\xff\xeb\xafy\xff\xe8\xa7u\xff\xe7\xa5t\xff\xe6\xa4r\
\xff\xe5\xa2o\xff\xe3\xa1m\xff\xe2\xa0l\xff\xe1\x9fk\
\xff\xe1\xa0j\xff\xdf\xa0j\xff\xde\xa0j\xff\xdc\xa0j\
\xff\xda\x9fi\xff\xd8\x9fh\xff\xd6\x9fh\xff\xd5\x9eg\
\xff\xda\xa3m\xff\xf0\xc6\x81\xff\xff\xe9\x8e\xff\xd6\xa8d\
\xffH- \xff3#\x1e\xff4$\x1e\xff4$\x1e\
\xff4$\x1e\xff4$\x1e\xff4$\x1e\xff4$\x1e\
\xff4$\x1e\xff4$\x1e\xff4$\x1e\xff4$\x1e\
\xff4$\x1e\xff4$\x1e\xff4$\x1e\xff4$\x1e\
\xff4$\x1e\xb84$\x1eb4$\x1e\xf94$\x1e\
\xff4$\x1e\xff4$\x1e\xff4$\x1e\xff:)\x1d\
\xffX3.\xff\xcb\x81]\xff\xfc\xdd\x88\xff\xff\xe7\x8d\
\xff\xff\xe9\x8d\xff\xff\xe9\x8d\xff\xff\xe9\x8e\xff\xff\xea\x8e\
\xff\xff\xea\x8e\xff\xff\xea\x8e\xff\xff\xea\x8e\xff\xff\xea\x8e\
\xff\xff\xea\x8f\xff\xff\xeb\x8f\xff\xff\xea\x8f\xff\xff\xea\x8e\
\xff\xff\xea\x8e\xff\xff\xea\x8e\xff\xff\xea\x8f\xff\xff\xea\x8f\
\xff\xff\xea\x8e\xff\xff\xe9\x8e\xff\xff\xea\x8e\xff\xd3\xa6c\
\xffD+ \xff3#\x1e\xff4$\x1e\xff4$\x1e\
\xff4$\x1e\xff4$\x1e\xff4$\x1e\xff4$\x1e\
\xff4$\x1e\xff4$\x1e\xff4$\x1e\xff4$\x1e\
\xff4$\x1e\xff4$\x1e\xff4$\x1e\xff4$\x1e\
\xfd4$\x1ex4$\x1e#4$\x1e\xd94$\x1e\
\xff4$\x1e\xff4$\x1e\xff4$\x1e\xff9)\x1e\
\xff@-\x1f\xffcA+\xff\x82nE\xff\x85sH\
\xff\x86rH\xff\x8buI\xff\x8duI\xff\x93wJ\
\xff\x98yK\xff\x9d{M\xff\xa2~O\xff\xa7\x80Q\
\xff\xad\x84T\xff\xb0\x85U\xff\xb4\x87W\xff\xb6\x88X\
\xff\xb8\x89Y\xff\xb9\x89Z\xff\xba\x89Z\xff\xbb\x8a[\
\xff\xbd\x8a]\xff\xbf\x8b_\xff\xc2\x8d[\xff\x9fiA\
\xff=(\x1f\xff3$\x1e\xff4$\x1e\xff4$\x1e\
\xff4$\x1e\xff4$\x1e\xff4$\x1e\xff4$\x1e\
\xff4$\x1e\xff4$\x1e\xff4$\x1e\xff4$\x1e\
\xff4$\x1e\xff4$\x1e\xff4$\x1e\xff4$\x1e\
\xe54$\x1e24$\x1e\x004$\x1e\x8e4$\x1e\
\xff4$\x1e\xff4$\x1e\xff4$\x1e\xff4$\x1e\
\xff5&\x1e\xff4$\x1d\xff3#\x1c\xff3#\x1c\
\xff3#\x1c\xff4$\x1c\xff4$\x1c\xff5%\x1c\
\xff5%\x1c\xff6%\x1c\xff8&\x1c\xff9&\x1d\
\xff;(\x1d\xff<(\x1d\xff?*\x1e\xff@+\x1f\
\xffB+\x1f\xffD- \xffD, \xffF. \
\xffE- \xffF-!\xffG. \xff='\x1f\
\xff4$\x1e\xff4$\x1e\xff4$\x1e\xff4$\x1e\
\xff4$\x1e\xff4$\x1e\xff4$\x1e\xff4$\x1e\
\xff4$\x1e\xff4$\x1e\xff4$\x1e\xff4$\x1e\
\xff4$\x1e\xff4$\x1e\xff4$\x1e\xff4$\x1e\
\xa14$\x1e\x054$\x1e\x004$\x1e04$\x1e\
\xe54$\x1e\xff4$\x1e\xff4$\x1e\xff4$\x1e\
\xff4$\x1e\xff4$\x1e\xff4$\x1e\xff4$\x1e\
\xff4$\x1e\xff4$\x1e\xff4$\x1e\xff4$\x1e\
\xff4$\x1e\xff4$\x1e\xff4$\x1e\xff4$\x1e\
\xff4$\x1e\xff4$\x1e\xff3$\x1e\xff3$\x1e\
\xff3$\x1e\xff3$\x1e\xff3$\x1e\xff4$\x1e\
\xff4$\x1e\xff4$\x1e\xff4$\x1e\xff4$\x1e\
\xff4$\x1e\xff4$\x1e\xff4$\x1e\xff4$\x1e\
\xff4$\x1e\xff4$\x1e\xff4$\x1e\xff4$\x1e\
\xff4$\x1e\xff4$\x1e\xff4$\x1e\xff4$\x1e\
\xff4$\x1e\xff4$\x1e\xff4$\x1e\xee4$\x1e\
?4$\x1e\x004$\x1e\x004$\x1e\x004$\x1e\
\x804$\x1e\xff4$\x1e\xff4$\x1e\xff4$\x1e\
\xff4$\x1e\xff4$\x1e\xff4$\x1e\xff4$\x1e\
\xff4$\x1e\xff4$\x1e\xff4$\x1e\xff4$\x1e\
\xff4$\x1e\xff4$\x1e\xff4$\x1e\xff4$\x1e\
\xff4$\x1e\xff4$\x1e\xff4$\x1e\xff4$\x1e\
\xff4$\x1e\xff4$\x1e\xff4$\x1e\xff4$\x1e\
\xff4$\x1e\xff4$\x1e\xff4$\x1e\xff4$\x1e\
\xff4$\x1e\xff4$\x1e\xff4$\x1e\xff4$\x1e\
\xff4$\x1e\xff4$\x1e\xff4$\x1e\xff4$\x1e\
\xff4$\x1e\xff4$\x1e\xff4$\x1e\xff4$\x1e\
\xff4$\x1e\xff4$\x1e\xff4$\x1e\x924$\x1e\
\x034$\x1e\x004$\x1e\x004$\x1e\x004$\x1e\
\x154$\x1e\xba4$\x1e\xff4$\x1e\xff4$\x1e\
\xff4$\x1e\xff4$\x1e\xff4$\x1e\xff4$\x1e\
\xff4$\x1e\xff4$\x1e\xff4$\x1e\xff4$\x1e\
\xff4$\x1e\xff4$\x1e\xff4$\x1e\xff4$\x1e\
\xff4$\x1e\xff4$\x1e\xff4$\x1e\xff4$\x1e\
\xff4$\x1e\xff4$\x1e\xff4$\x1e\xff4$\x1e\
\xff4$\x1e\xff4$\x1e\xff4$\x1e\xff4$\x1e\
\xff4$\x1e\xff4$\x1e\xff4$\x1e\xff4$\x1e\
\xff4$\x1e\xff4$\x1e\xff4$\x1e\xff4$\x1e\
\xff4$\x1e\xff4$\x1e\xff4$\x1e\xff4$\x1e\
\xff4$\x1e\xff4$\x1e\xc94$\x1e\x1e4$\x1e\
\x004$\x1e\x00\x00\x00\x00\x004$\x1e\x004$\x1e\
\x004$\x1e.4$\x1e\xd24$\x1e\xff4$\x1e\
\xff4$\x1e\xff4$\x1e\xff4$\x1e\xff4$\x1e\
\xff4$\x1e\xff4$\x1e\xff4$\x1e\xff4$\x1e\
\xff4$\x1e\xff4$\x1e\xff4$\x1e\xff4$\x1e\
\xff4$\x1e\xff4$\x1e\xff4$\x1e\xff4$\x1e\
\xff4$\x1e\xff4$\x1e\xff4$\x1e\xff4$\x1e\
\xff4$\x1e\xff4$\x1e\xff4$\x1e\xff4$\x1e\
\xff4$\x1e\xff4$\x1e\xff4$\x1e\xff4$\x1e\
\xff4$\x1e\xff4$\x1e\xff4$\x1e\xff4$\x1e\
\xff4$\x1e\xff4$\x1e\xff4$\x1e\xff4$\x1e\
\xff4$\x1e\xdd4$\x1e;4$\x1e\x004$\x1e\
\x004$\x1e\x00\x00\x00\x00\x004$\x1e\x004$\x1e\
\x004$\x1e\x004$\x1e:4$\x1e\xd24$\x1e\
\xff4$\x1e\xff4$\x1e\xff4$\x1e\xff4$\x1e\
\xff4$\x1e\xff4$\x1e\xff4$\x1e\xff4$\x1e\
\xff4$\x1e\xff4$\x1e\xff4$\x1e\xff4$\x1e\
\xff4$\x1e\xff4$\x1e\xff4$\x1e\xff4$\x1e\
\xff4$\x1e\xff4$\x1e\xff4$\x1e\xff4$\x1e\
\xff4$\x1e\xff4$\x1e\xff4$\x1e\xff4$\x1e\
\xff4$\x1e\xff4$\x1e\xff4$\x1e\xff4$\x1e\
\xff4$\x1e\xff4$\x1e\xff4$\x1e\xff4$\x1e\
\xff4$\x1e\xff4$\x1e\xff4$\x1e\xff4$\x1e\
\xdd4$\x1eF4$\x1e\x004$\x1e\x004$\x1e\
\x00\x00\x00\x00\x00\x00\x00\x00\x00\x00\x00\x00\x004$\x1e\
\x004$\x1e\x004$\x1e\x004$\x1e.4$\x1e\
\xb94$\x1e\xff4$\x1e\xff4$\x1e\xff4$\x1e\
\xff4$\x1e\xff4$\x1e\xff4$\x1e\xff4$\x1e\
\xff4$\x1e\xff4$\x1e\xff4$\x1e\xff4$\x1e\
\xff4$\x1e\xff4$\x1e\xff4$\x1e\xff4$\x1e\
\xff4$\x1e\xff4$\x1e\xff4$\x1e\xff4$\x1e\
\xff4$\x1e\xff4$\x1e\xff4$\x1e\xff4$\x1e\
\xff4$\x1e\xff4$\x1e\xff4$\x1e\xff4$\x1e\
\xff4$\x1e\xff4$\x1e\xff4$\x1e\xff4$\x1e\
\xff4$\x1e\xff4$\x1e\xff4$\x1e\xc54$\x1e\
94$\x1e\x004$\x1e\x004$\x1e\x00\x00\x00\x00\
\x00\x00\x00\x00\x00\x00\x00\x00\x00\x00\x00\x00\x00\x00\x00\x00\
\x004$\x1e\x004$\x1e\x004$\x1e\x004$\x1e\
\x144$\x1e\x804$\x1e\xe54$\x1e\xff4$\x1e\
\xff4$\x1e\xff4$\x1e\xff4$\x1e\xff4$\x1e\
\xff4$\x1e\xff4$\x1e\xff4$\x1e\xff4$\x1e\
\xff4$\x1e\xff4$\x1e\xff4$\x1e\xff4$\x1e\
\xff4$\x1e\xff4$\x1e\xff4$\x1e\xff4$\x1e\
\xff4$\x1e\xff4$\x1e\xff4$\x1e\xff4$\x1e\
\xff4$\x1e\xff4$\x1e\xff4$\x1e\xff4$\x1e\
\xff4$\x1e\xff4$\x1e\xff4$\x1e\xff4$\x1e\
\xff4$\x1e\xea4$\x1e\x8c4$\x1e\x1b4$\x1e\
\x004$\x1e\x004$\x1e\x00\x00\x00\x00\x00\x00\x00\x00\
\x00\x00\x00\x00\x00\x00\x00\x00\x00\x00\x00\x00\x00\x00\x00\x00\
\x00\x00\x00\x00\x004$\x1e\x004$\x1e\x004$\x1e\
\x004$\x1e\x004$\x1e04$\x1e\x8e4$\x1e\
\xd84$\x1e\xf94$\x1e\xff4$\x1e\xff4$\x1e\
\xff4$\x1e\xff4$\x1e\xff4$\x1e\xff4$\x1e\
\xff4$\x1e\xff4$\x1e\xff4$\x1e\xff4$\x1e\
\xff4$\x1e\xff4$\x1e\xff4$\x1e\xff4$\x1e\
\xff4$\x1e\xff4$\x1e\xff4$\x1e\xff4$\x1e\
\xff4$\x1e\xff4$\x1e\xff4$\x1e\xff4$\x1e\
\xff4$\x1e\xff4$\x1e\xfa4$\x1e\xdd4$\x1e\
\x964$\x1e84$\x1e\x024$\x1e\x004$\x1e\
\x004$\x1e\x00\x00\x00\x00\x00\x00\x00\x00\x00\x00\x00\x00\
\x00\x00\x00\x00\x00\x00\x00\x00\x00\x00\x00\x00\x00\x00\x00\x00\
\x00\x00\x00\x00\x00\x00\x00\x00\x00\x00\x00\x00\x004$\x1e\
\x004$\x1e\x004$\x1e\x004$\x1e\x004$\x1e\
#4$\x1eb4$\x1e\xa14$\x1e\xce4$\x1e\
\xed4$\x1e\xfc4$\x1e\xff4$\x1e\xff4$\x1e\
\xff4$\x1e\xff4$\x1e\xff4$\x1e\xff4$\x1e\
\xff4$\x1e\xff4$\x1e\xff4$\x1e\xff4$\x1e\
\xff4$\x1e\xff4$\x1e\xff4$\x1e\xff4$\x1e\
\xff4$\x1e\xff4$\x1e\xfc4$\x1e\xef4$\x1e\
\xd24$\x1e\xa64$\x1eh4$\x1e(4$\x1e\
\x024$\x1e\x004$\x1e\x004$\x1e\x00\x00\x00\x00\
\x00\x00\x00\x00\x00\x00\x00\x00\x00\x00\x00\x00\x00\x00\x00\x00\
\x00\x00\x00\x00\x00\xf8\x00\x00\x00\x00\x1f\x00\x00\xf0\x00\x00\
\x00\x00\x0f\x00\x00\xe0\x00\x00\x00\x00\x07\x00\x00\xc0\x00\x00\
\x00\x00\x03\x00\x00\x80\x00\x00\x00\x00\x01\x00\x00\x00\x00\x00\
\x00\x00\x00\x00\x00\x00\x00\x00\x00\x00\x00\x00\x00\x00\x00\x00\
\x00\x00\x00\x00\x00\x00\x00\x00\x00\x00\x00\x00\x00\x00\x00\x00\
\x00\x00\x00\x00\x00\x00\x00\x00\x00\x00\x00\x00\x00\x00\x00\x00\
\x00\x00\x00\x00\x00\x00\x00\x00\x00\x00\x00\x00\x00\x00\x00\x00\
\x00\x00\x00\x00\x00\x00\x00\x00\x00\x00\x00\x00\x00\x00\x00\x00\
\x00\x00\x00\x00\x00\x00\x00\x00\x00\x00\x00\x00\x00\x00\x00\x00\
\x00\x00\x00\x00\x00\x00\x00\x00\x00\x00\x00\x00\x00\x00\x00\x00\
\x00\x00\x00\x00\x00\x00\x00\x00\x00\x00\x00\x00\x00\x00\x00\x00\
\x00\x00\x00\x00\x00\x00\x00\x00\x00\x00\x00\x00\x00\x00\x00\x00\
\x00\x00\x00\x00\x00\x00\x00\x00\x00\x00\x00\x00\x00\x00\x00\x00\
\x00\x00\x00\x00\x00\x00\x00\x00\x00\x00\x00\x00\x00\x00\x00\x00\
\x00\x00\x00\x00\x00\x00\x00\x00\x00\x00\x00\x00\x00\x00\x00\x00\
\x00\x00\x00\x00\x00\x00\x00\x00\x00\x00\x00\x00\x00\x00\x00\x00\
\x00\x00\x00\x00\x00\x00\x00\x00\x00\x00\x00\x00\x00\x00\x00\x00\
\x00\x00\x00\x00\x00\x00\x00\x00\x00\x00\x00\x00\x00\x00\x00\x00\
\x00\x00\x00\x00\x00\x00\x00\x00\x00\x00\x00\x00\x00\x00\x00\x00\
\x00\x00\x00\x00\x00\x00\x00\x00\x00\x00\x00\x00\x00\x00\x00\x00\
\x00\x00\x00\x00\x00\x00\x00\x00\x00\x00\x00\x00\x00\x00\x00\x00\
\x00\x00\x00\x00\x00\x80\x00\x00\x00\x00\x00\x00\x00\x80\x00\x00\
\x00\x00\x01\x00\x00\xc0\x00\x00\x00\x00\x03\x00\x00\xe0\x00\x00\
\x00\x00\x07\x00\x00\xf0\x00\x00\x00\x00\x0f\x00\x00\xfc\x00\x00\
\x00\x00?\x00\x00\x89PNG\x0d\x0a\x1a\x0a\x00\x00\x00\
\x0dIHDR\x00\x00\x01\x00\x00\x00\x01\x00\x08\x06\x00\
\x00\x00\x5cr\xa8f\x00\x00G\x08IDATx\xda\
\xed\xbd{\x94$\xdbU\xde\xf9;'\x22\xb3\x9e]\xdd\
\xd5}\xdf\xba\xef{A\xba\xba6\x92\x85@\x08\x04\x18\
\x90\xccC\x12\xd8\x80x\xd8x\x8cm\x96\x19\xc6\xd83\
\x9e\x19\xaf\xe5\xb5X\x9e\x995\xb6g\x86Y\x8c\x0d\x86\
e{\xc06\x0b\x83\x01\xdb`\xfc\x1c\xf3\x12B\xe8\x05\
B\xd2\x95\x04\xe8u\xaf\xee\xc3\xba\xeawWW\xd73\
3#\xce\xd9\xf3\xc7>'\x222\xab\xaa\xbb*+\xab\
2\xaa\xfb|\xbd\xaa#\xe3\x91\x11'\x22c\xef\xb3\xcf\
>{\x7f\xdb<\xfc\xe4\xebI\xb8%\xee\x01^\x01\xdc\
\x0f<\x08<\x0a<\x0c\xdc\x17\xf6\x9d\x01\x16\x81\xd9\xf0\
g\xa6\xdd\xe0\xdb\x14\x1e\xd8\x0e\x7f\xbd\xb0\xbc\x06\x5c\x02\
\xce\x03/\x86\xbf\x8ba\xfds@\x7f\xda\x8dn3\xf2\
i7\xa0e\x98A\x85\xfbQ\xe0i\xe0\xd5\xc0c\xc0\
\xdd\xc09\xe0,*\xe0\x09\xd3\x81\x05\x16\xc2_\xc4\x17\
\x8c\x1c\xe3\x815T1\x5c\x01.\x00\x9f\x01\xfe ,\
?\x87*\x88\x04\x92\x028\x0d<\x05|)\xf0\x95\xc0\
\xabP\x81_8\xccI\x13\xa6\x0a\x8bZdg\x80'\
v\xd9\xffy\xe0\x05\xe0C\xc0\xef\x00\x7f\x08<;\xed\
FO\x0b\xe6\x0e\x1c\x02\xbc\x12x#\xf0\x8d\xc0\xeb\x80\
'\xa7\xdd\xa0\x84\xa9\xe2\x06\xf0\x09\xe0\xdd\xc0\xaf\x01\xcf\
\x84mw\x04\xee\x14\x05\xf0*\xe0-\xc0\xb7\x02\xafG\
\xc7\xeb\x09\x09\xbb\xe1Y\xe0]\xc0/\x03\xbf\x8b\x0e'\
n[\xdc\xce\x0a\xe0~\xe0\xad\xc0w\x01o \x09}\
\xc2\xc1\xf1\x19\xd4*\xf8yT\x19\xdcv\xb8\x1d\x15\xc0\
\x97\x03\xdf\x03|3\xea\xb9OH8,\x04x?\xf0\
\xb3\xc0\x7f@\x1d\x8b\xb7\x05n\x17\x05\xb0\x00|\x0b\xf0\
W\x80\xaf\x9evc\x12nk\x9c\x07~\x11\xf8g\xa8\
\xef\xe0D\xe3\xa4+\x80e\xb4\xb7\xff~t\xda.!\
\xe1\xb8\xb0\x89\xfa\x09~\x02\xf8\xfdi7f\x5c\x9cT\
\x05\xb0\x04\xfcE\xe0\x07I^\xfc\x84\xe9b\x00\xfc[\
\xe0\xffA\xa7\x16O\x14\xec\xb4\x1bp@d\xc0\xf7\xa2\
\x0e\x99\x1f%\x09\x7f\xc2\xf4\xd1E\x1d\xcd\xef\x05\xfe)\
;\x03\x93Z\x8d\xec\xf4\xd9\x07\xa6\xdd\x86\xfd\xe2\xeb\x80\
\x9f\x06\xfe:\x1a\x99\x97\x90\xd0&\xe4h\x5c\xc9\xf7\x00\
\xa7\x80\x8f\xa1\xa1\xca\xad\xc6I\xb0\x00\x1eB5\xeb\xaf\
\xa1\xd1z\x09\x09m\xc62\xf0C\xa8\x95\xfa=\xd3n\
\xcc\xad\xd0f\x05`\x81\x1f\x00>\x08\xfce\xd4\xfcO\
H8)x\x12\x9d6\xfce\xe0\x0b\xa7\xdd\x98\xbd\xd0\
V\x05\xf0J\xe0\xdf\x03\xff\x08\xcd\xb8KH8\xa9\xf8\
V4\x86\xe0\x07ia\x96h\x1b\x15\xc0_\x02\xde\x07\
\xbcm\xda\x0dIH\x98\x10\xce\x01?\x0e\xfc\x12\x9aF\
\xde\x1a\xb4I\x01\xdc\x85:\xf9\xfe\x19\xfa\xc0\x12\x12n\
7|+\xda\xb9}\xfb\xb4\x1b\x12\xd1\x96Y\x80/\x07\
~\x05M\xd8IH\xb8\x9d\xb1\x04\xbc\x03\xcdM\xf9\x1d\
\xc0M\xb31m\xb0\x00\xbe\x0f\xf5\xf0?5\xed\x86$\
$\x1c\x13\x0c\xf0?\x03\xff\x0ee\x98\x9a\x1a\xa6\xa9\x00\
f\x80\x7f\x08\xfc\x14)S/\xe1\xce\xc47\xa0<\x04\
\x7frZ\x0d\x98\x96\x02X\x06\xfe\x0d\xf0\xd7\xa6u\xe3\
\x09\x09-\xc1\xe3\xc0\x7f\x02\xfe\xfc4.>\x0d\x1f\xc0\
\x93\xe8x\xffk\xa7q\xc3\x09\x09-D\x17\xf8\xd3h\
^\xc1{\x8f\xf3\xc2\xc7\xad\x00\xbe\x14\xcd\xa7N\x99{\
\x09\x09\xc30h\xb8\xfb\x19\xe07P\x0e\x82#\xc7q\
\x0e\x01\xbe\x06\xf8\xcf(\xe3nBB\xc2\xee\xf8\x1f\xd0\
\xa9\xf0\xceq\x5c\xec\xb8\x14\xc0[P\xb3\xff\xaec\xba\
^B\xc2I\xc6\xf7\x02?\x83\x0e\x0d\x8e\x14\xc7\xa1\x00\
\xde\x82\xc6C\x9f>\x86k%$\xdc.\xf8n\xe0_\
p\xc4J\xe0\xa8\x15\xc0\x9fD\xc3\x1fO\x1d\xf1u\x12\
\x12nG|':\x1c8\xb2\xfa\x1dG\xe9\x04\xfc\x12\
4\xd0\xe1\xecQ] !\xe1\x0e\xc0\x17\xa1\xe5\xe7\xfe\
\xbf\xa38\xf9Q)\x80'\x81\xffHb\xe5MH\x98\
\x04^\x8fZ\xeb\xef\x9a\xf4\x89\x8fB\x01,\xa3S}\
\xaf>\xfa\xe7\x92\x90p\xc7\xe0\xabQF\xe2\x8fL\xf2\
\xa4\x93\xf6\x01t\x81\x9f\x03\xbe\xf8\x98\x1eJB\xc2\x9d\
\x84\x9f\x00\xbei\x92'\x9c\xb4\x02\xf8\xfb\x93n`B\
BB\x85.\xca2\xf4E\x93:\xe1$\x15\xc0\x0f\x00\
\x7f\xf5\xb8\x9fHB\xc2\x1d\x86\xb3\xa8\x12\x98\x88s}\
R\x0a\xe0\xcb\xd1\xde?!!\xe1\xe8\xf1E\xc0?f\
\x02\x14c\x93p\x02\xde\x8d\xf2\xf7%\xee\xbe\x84\x84\xe3\
\xc3\xd3h\xe5\xe2\x0f\x1c\xe6$\x87\xb5\x00\x0c\xf0c(\
\x89gBB\xc2\xf1\xe2\xef\xa1\x95\xaf\xc7\xc6a\x15\xc0\
\xf7\xa1!\x8b\x09\x09\x09\xc7\x8fY\x94Pg\xecH\xdb\
\xc3\x0c\x01^\x09\xfc\x0207\xed\xa7\x90\x90p\x07\xe3\
^\xb4:\xf6\xaf\x8e\xf3\xe5q-\x00\x8b\x9a\xfe)\xcc\
7!a\xfa\xf8\xab\xc0\x9b\xc7\xf9\xe2\xb8\x0a\xe0\xfb\x80\
\xaf\x9f\xf6]'$$\x00Z5\xeb\xc7\x18c(0\
\xce\x10\xe0a\xe0\xe7ID\x9e\x09\x09m\xc2\xdd(\x8b\
\xd0o\x1d\xe4K\xe3X\x00\xff\x1b:\xeeHHHh\
\x17\xfe\x06\xf0\xc7\x0e\xf2\x85\x83*\x8071%\xf6\xd2\
\x84\x84\x84[b\x0e\x9d\x1a\xdcw\x80\xd0A\x14@\x06\
\xfc]\x8e\x90\x9c !!\xe1\xd0x;\xf0\xd6\xfd\x1e\
|\x10\x05\xf0\xddhJbBBB{a\x80\xbf\x83\
\xc6\x08\xdc\x12\xfbU\x00\x0b\xc0\x0fM\xfb\xce\x12\x12\x12\
\xf6\x85\xd7\x02\x7fn?\x07\xeeW\x01|/\xf0\xaai\
\xdfUBB\xc2\xbe\xf17\xd9\xc7L\xdd~\x14\xc0i\
\xd4\xbb\x98\x90\x90pr\xf0J\xf6\xe1\xb0\xdf\x8f\x02\xf8\
\xb3\xc0\x13\xd3\xbe\x9b\x84\x13\x0a\x91\xe1?\xef\xeb?9\
\x96\xe27w2\xfeGn\x11\x1ct+\x8f\xfe<\xf0\
\x83\xd3\xbe\x8b\x84#\xc2\xa8\x00V\xeb\xb2\xff\xc2T\xc6\
\x84?\xa8f\x9fLci\xac.\xad\x01\x9b\x81\xb5\x90\
Y=vs\x13\x5cY\x1f\x9f0i<\x09\xbc\x03\xf8\
\xe7{\x1dp+\x05\xf0-$r\xcf\xe9`H8\x1b\
\x02y\x90^\xb3\x12N3\xbc\x8d \x90q\x9f\xb5*\
\xa8\x99\x0dB\x9a\x05!\xa5\x16\xe0\xcc\xeaq6\x83,\
\x08\xb21u\xdb\xbc\xd7\xcfM\x817\xf1;\xb6\xbe\xae\
+\xa1\x18\x80\xf3\xb0\xb0\x08\xe7_N\x0a\xe0h\xf1\x83\
(O\xe7`\xb7\x9d7S\x00\x19\xf0\xdfN\xbb\xf5\xad\
\xc3\x9e\xbd&\xfb\x17\xce\xd8[\x0e\x09g\xe8E\xcd.\
\x82\x19\x85(\x0a^\x14(\xd3\x10\xb2!\x01\x0d=\xac\
\x08\x10\xcc\xee\xea\xfc6\xf4\xc6\xe1\xd8(\x98\x08\x94A\
8\xfb\x03]\xeaM\xe9yJ\x01\xe3\xc0\x94A\x19\x85\
\xf3\x96%\x14\x05\x0c\x8a\xba7\x97\xfa\x94\xc6\x84v\x84\
\xf5\xea9\xe5\x1dx\xf8\x11\xc8:\xda&\x04\xf1\x8ec\
\xaa\x89y'\xe1O\xa0\x89B\xbb\xd6\x15\xb8\x99\x02x\
\x03\xf0\x15\xd3n\xfd\x810I\x936~\x1e]\x0e\x99\
\xb4\xb6a\xd6f#\x82iF\x04\xb7!\xbc\xb1mQ\
@\x85\xfa\xbb\xa3='\x80\x17(\x0b\x18\xf4a0\xd0\
\xcf\xd5\xad9\x10\x0f\xce\xd4B\x16\xc7\xdaE\xa1\x7fe\
\x01\xdec\x08\xc2\x1e\xefG\xa8\x15\x80\x88\x0a+\x80T\
\xd2\x8b\x91\xdd\xcc{\x03h{\xad1`f!\x9fE\
:\x86\x86:\xa3jPP\x00\x22\x82\x97\xc6\xd8?\x9b\
E\xf2y\x10\x87\x88\x07\xc2\xbd\x98\xe3\xacY{G\xe0\
\xfb\x19C\x01\xfc%\xd4\x0a8^x\xb7\xb7\xb0N\xca\
\xa4\xb5\x0d\xe1\x1c5ic\xef\x16\x05\xb4:\xa7\xa9{\
\xccx\x0e\x8c\xb6w0\x08\x7f}5m\xe3\x0d\xb8\xe0\
\xecr\x1e\x18\xd4\xc2\x19{\xcd2\x08h\xf3\x16\xe3\xff\
\xf1\xda\x8d\xde\x94\xd04\xbdg\x1bzWm\x9b\xa1\xa1\
\x9cL\x86\x0ah\x07c\xe7`\xc6`\xb0a;\x18\xa3\
\xcf\xc7\x18\x831\x99\xae\x13\x85\xb9q\xee\x1d\xed\x1a\xd9\
\x22\xa2M\x8c\x8a\x0c\x8f\x88 \xe20\x02\x88G\x10\xbc\
\xf7`\x04\x11\x1fzyt\xff\xeci\xfd+K@\xf0\
\xae\x0f\xe2p\xe56Hy\xec\xaf\xdem\x8c7\x03O\
\x01\x9f\x1c\xdd\xb1\x97\x02\xb8\x0f\xf8\xe6co\xa61p\
\xf6.\x98\x9d\x1bv\x1aE\x81\x8e\xbdG\xecAF{\
\xdax\x5c4;]Y\x0bg1h\x98\xc4\xe1\x1c\xce\
\x01\xf1E\x8b\xbdf\x09\xe5\xa06i\xa3\xe45\xac\x0b\
\x09\xeb*\x97u{\xaa\xfeoHh\xe3\xf7F,\x8b\
po\xc6\xe4`2\x8c\xcdti\xb2j\xdd\x98\x1c\x15\
d\xabBj\x1b\xfb\xe31\xb6\x83\xad>gX\xdb\xa9\
\x84\xda\x18\x8b\xb5\xb6\x12xkl\x18\x09\x04\xe1\xc7 \
\xe1Y\x19Le\xae\xc7\x7fz/>l\x0b\x9f1x\
\xf1\xd5\xbd\xc6;\x97p\xcf\xf5\xf6\xa8PT\xb9\x18k\
\xc9L\x0e\xc6\xe2$\xa3\xf0\x02\xaf\xb8\x0fc^\x03\x85\
\xc7X\x8b8G\xd9\xbf\xc2\xda\xe7\x7f\x037XM\x96\
\xc0\xe40\x8f\xce\xe6\xfd\xed\xd1\x1d{)\x80\xb7\xa3\xe9\
\x85\xc7\x07\xef\xe0\xde\xfbaf\x16\xb66\x83\xf9\xdb0\
!\x9dW\xc1,\x0a\x15h\xf1\xe1\x85\x19\xd4\xddS%\
\xa3\xd2X\xc8\xce\xed{\xa21\x0e\xaf\xc6\xe86\x08T\
\x14\xcc \xb0\xc6\x8e,u\x9f\xb1\x1d\xfd3y\xb5\x8e\
\xc91YW\xb7\xc5sd]\x8c\xb5X\xdb\xc1f]\
=\xd6d\x98\xac\x13\xb6gX\x9b\x93\x19\x8b\xb16\x18\
!\xf1\xb3U\x83\x07\x83\xb1\xdac[\x13?\x1bLC\
\xe9\xc8\x90\x02\x93\xea\x19\x88\x98zo\x14\xf0\xa8\xd2\xa2\
\x02\x03\x90x\x94QeB\xb4\x16\xc2s\xb1\xaaX\xac\
\xb5dA\xc9\xe8z\x865\xa6^\x0f\x16\x875\x96\xb5\
~\xc1\xe7\xd76\x90\xc5%8\xb5\x05\x83\x12\x11G&\
%\xe2\x07$\x1c\x09\xbe\x1d\xf8\xbf\x80\xcd\xe6\xc6\xdd\x14\
\x80\x01\xbe\xeb\xd8\x9b'\xa8\xf0oo\xc1\xc5\xf3\x90\x0d\
7\xad\x1a#\x86\xdeN\x04f\xcf\x9c\xe3\x9e/|R\
;\xa6[\xc0\x98\x1cl\x1e\x04\xb33\xfc\xd7\x10V\x15\
\xf4\x5c{dL\xf8^\x861\x9dpL}\x0eB/\
ml<\xa6\xd9K\xab\x02\xd1\x1e8\x8c\xbe\xad\x19q\
\x11X,\x82\xb1\xda[\x1a#\xdasCX\xa7\x12N\
c$\xf4\xae\xa2f6\x82\x11*\xe1\x1c\x9d5\x18\x9e\
4\x88G\x09\xcd\xc3\xd5\x02\xa0\xd2\x8b6(\xbdj\x1c\
\x1f\xac\x04\x15\xde\xa0pt\x87\x0as\xb4\x1aLT:\
:d1\xc1\x7fP\xfd\xae\x95\x22\xd7\xd5\xbc(p\x9b\
\xb3\xc8\xdds\xb0\xdc\x85\xa2\xc4\x0dJV\x9e\xbf\x12\x94\
\x8f\xd5\xfb;\xf6\x97\xf0\xb6\xc6+Q\xfa\xfe\xdfhn\
\xdcM\x01<\x09|\xe9T\x9aX\x0c\xc2\x94S\xae\xe3\
\xf2\x00\x11\xc7\xcc\xe2\x13\xcc\x9f}m\x10\xc0\x0e\xae\x80\
\x87\xbe\xf8\x95\xbc\xed\xef\xbd\x9d\xa2wL\xed\x93=V\
\x0f\xe3\xb8\x96\x9b\xae\xb6\x16C\xa3\x9b\x83\xc2(\xa7u\
\xd4\x196\x83\xadU\xc7\xaf\xfd\xe8\xef\xb1\xbd1\x8f\x99\
Y\x84\xc1\xea\xb4o\xf1vC\xec\xd8o\xa9\x00\xbe\x81\
i\xb1\xfd\xb8=\xa2\xc3\xc4\x91\xcf\x9ce\xf1\xe1\xaf\xc5\
\xcc\xcc!\x08e\xe9\xe9\xdcs\x9a\xc1\xa6\x8e\x0c\x12N\
\x16\x9aF\x9b\xcd\xa0,\x04\xe6ga\xe94\xcc-\xc1\
\x86\x84\xd9\x88\x84\x09\xe2\xcdh\xf1\xde\xebq\xc3\xa8\x97\
\xc5\x02\xdf6\xb5\xe6\xc9\xee\x0a\xc0`\x11\xd7\x87\xae\xc7\
\x9e\x9d\xa1\xb3<\xc3\xcc\xf2,\xddS\xdd\x93\xd3e&\
\xdc\x1ca\xaaQg&,Cc\x93\x84I\xe1a\xe0\
\xcb\x9a\x1bF-\x80\xc7\x99fe_\xef\x87M\x7f\x84\
3\xb3g9=w\x9a\xd9\xd3\x0f\xb0\xbc8\xc7\xcc\xa9\
92#H),\xcd\xcf\xe0\xd3;r\x9b \xce\xec\
\xc4\x99\x1c\x92\xfc\x1f\x0d\xde\x0a\xfc\x97\xb82\xaa\x00\xbe\
\x92i\x99\xff\xc6\xe8\xb4\xdc\xe2\xa9\x86\x03I\x98\xed\xce\
s\xf7\xe2\xfd\xe4sK\x9c\xee\xe4\xd8N\x06\xde\xe3\xad\
'O\x16\xe2m\x84\xe8b\xac\xe3\x15\x12\x8e\x04_\x09\
\xcc\x00}\xd89\x04\xf8\xc6\xa96\xad,5\x06\x00 \
\xccE\x17n\x80\x93\x12q%^J\x0d\x03\xa09\xa1\
\x95p;!\xc67L\xa0\xeee\xc2\xeex\x15\x0dn\
\x8f\xa6\x028\x0d\xbc~j\xcd2!Q$\x0b\xe6_\
\x10q\x11_G\x93z\xb0dX\x93\x91\x99\x1c;\x85\
@\xc5\x84#D\x9cR\xb4Y\x92\xff\xa3C\x17\xf8\xaa\
\xb8\xd2\x1c\x02<\x05<2\xd5\xa69\x07\x22t\xb3'\
\xc8\xb3\x87\x10\x11f\xf23\xccv\x1eb\xa6\xb3\xcc\x5c\
v\x17\x9d\xceb5\x9f<\x93w\x92\x15p\x9b\xc1T\
\xa1\xccI\x03\x1c!\xbe\x16\xf8q\x18V\x00o\xe0\xf0\
\xc5B\xc7\x871!\xa9\xc5\xd3\xcd_\xc5\x5c\xe7\x0dx\
\xf1\xccf]\xba\xd9\x12];C\xc6<\x19\x1d\xc4\x08\
b\xeap\xd4\x84\xdb\x011L:DJB\x1dR\x9d\
0i<\x8d\x12\x85\xac7\x15\xc0WN\xbbUx\x8d\
\xdf\xf7\xb2\x8e\xa0\xa9\xa1NJ\xbc8D\x5c\x9ds>\
F\xbf\x1fB\xee\x8f\x0ef\xefw\xf5Ny\x87C\xfe\
\xcf\xd0\x0dK\xc1\xbe\x225\x81\x10ahC\xb8\xf5\x9d\
\xf2\xd4\xa6\x82GQ\x96\xaf\x8fF\x050\x87\x0e\x01\xa6\
\x0b\x11\xf0%^\xb64\xcd\x95\x0c/\x82\x8f\x09<~\
\xbfo\xd20l\x0e\xd7\xde\xbf\xca\xc6s\xeb\x9ad\x14\
\xce%1)\xc8\x13\x12\x84\xfc\xb0~i\xc4$hT\
n\x93\x98#\xfc\xd7\x08\xb5\xf5\x1e|\xf8\xacYq\xe0\
\xc5\x87\xa5\xe0E\xc3x\x9d\xc4\xd4\xd8\x18\xa0[\x7f\x07\
b\xfc\xcbHjm\xc8\x0c\x94\x11ES\xed\xdb\xedq\
R\xa76\x88\x01|\xf8~#UB\xa8\xef\xa3\xd9\x8e\
:\xca\xd17\xb67/*\x8d\x86\x08\xd6\x18N\xcdv\
9\xfd\xc0\x12\xac\x0e0&C\xbc\xe5\x9e\xb7\xdc\xc7\xe2\
\x17,\xe0\x0bn\x09\x83&v\x19\xdba\x9a\xc6\xe8\x1d\
\x80\x0e\xca\x13P)\x80\x07Q\xad0u\x888Dz\
\x08%\x98lHpd\xdcI\xff\x0c6\xfe\xe0*\xd7\
~\xf3\x02v&\xe6\xe37/\xaa\x8b\xea:q\x1d\x1f\
\x12\x07\x05\xef\x85\xd2{\xc4\xabP;\x11\x9c\xf7U\xfb\
\x9c\x17U\x00\xa2\xdb\x5c8O\x14\xa5\xa8\x04\x22\xe24\
w\xb5\x8c\x99x1\xa3nD\x09\xd4\x0d5;WM\
\x1d\x87\xdf\xbc\xb1J\xb8c~_\x83\x7f@p\x8d\x8c\
\x81 \xe4UW\xdd\xd8n|M\xe8\xb1\xdb\xe4|H\
R\xb2\xd6r\xd7\xc2\x02\xfe\xa9\x07\xe0\xd26F\xba\x88\
\xebr\xe6ug\xe1\x95\x0b\xb7\xfc\x89\xaa\x1c\x83\x18\x1b\
\x9c\x0c\x80\xa3\xc6\x97\x01?\x1d\x15\xc0\xe3h\xca\xe0t\
\x11r\xe0\xa5\xe3@J\x8c\x99U\x01\xf3\x0d\x050\xe6\
\xb8\xd0\x8b\xa7/%x\xab\xc9\x85\xa2y\xea\xa5\x97J\
`\x9d\xd7|v\xe7\x1b\xc2\xedC\xef^\xa5\xc4\x12z\
\xf1aA0#+\x9a\x99W\xef\x09Y\xf6\xbb~\xc7\
\xc4\xdc\xff*\xd9&\xceuJcF\xa4\xba\x13\x1a}\
u\x10\xda\x90\x8b_\xed\xf7\xba\xdd\xb8p\x8e(\xfc\x8e\
\x18\x84+\xe1\xb3\x88\x8b\x0f\x7fd\xa9&\xc3p\x8bc\
\x82T\xdc_\x13\x89X\x9b\xe9\xb9m\x0f\xba=M\xa7\
6\x03\x0c\x8e\x03!\x0c\x01LJ\x05>j<\x8d\x8e\
\x8c\x81\x03\x16\x14<2\x88r\xca\xf9\x19\x8b\xf4\x0a\xa5\
\x00 \xf6\x9c\x8d!\xc0\x01\x15\x80\xb5pec\x9b\xe7\
\xaf\xae\x92\xcdf\xeak\x94\xba\x7f\xac\xae\xbd+L\xbd\
\x88y\xff\x91\x09\xa7:\xc3.\x0d\x1a:\x9f\xd9\xd1/\
\x8f\x0aZ\xb4\xd15\xcb/\x0e$T\x90\x0d&\x08\xaa\
C(\x10)\xc3\xe7\xb0M\xa2`\x8b\xee\xc7\x87\x81w\
9\xd4\xcbW\x8a\x05\xd4\xc2\xaaR\x84\xf7z\xa8>\xfc\
E\xe6\x03\xa1N\x22\x16e\xf2\xa1\xc4\xe00\x16\xb6\xb2\
S\xf4J\x87\xf1\x1b\xd0\x1f 2\x83\x93W\xee\xfbw\
2&\x06\x02%\x1f\xc01\xe0!\xe0\x5cT\x00\xd3\x1f\
\xff\x031\x11]:\x82l\x0f\x88=L\x1c{W\x16\
\xc0\x18(\xbcgPx\xf2<\x92b(\xaa\xd7\xac\x11\
}8\xbc\xa7i^7)\xb3\xa8\x8f3\xb1o\x1f5\
\xa3\x9b\xa3l\x0f\x14AXKb\x8f\x1d\x85X\x85I\
\x85[\x18\x00%\x22\xc5HO]\x22\x94\x8d\xcfQ@\
}\xc3\x17\x11\x05\xd6\xd5m\x1fU64\x8fm(\x81\
J\xf1\xa8\xb5P+\x12\xd7\xb8\x964\x8e\xd1v\x19<\
\xd6Z\xfa\xc52\x85\xbf\x07k\xb7\xc0m\x81\x9cf\xa7\
\x15q\x13T)\xd4\x81\x08%\xe1(q\x1fp_T\
\x00\x8fM\xbb5\x11\xc6y\xb0\x0eP\xaf\x91o\x98\xdb\
\xd2\xa4\xdb:\xe8y\x09\xf9\xed\x15\xa7]\x03\x12{\x1f\
*\x0f\x99\x8a\x8ei\x1c\x22\xc11\xe9j\xa1$\x08\x87\
/\x81\x02/\xdb\x88\xf4\x83 \x0f\x80\x22\x08\xec ,\
\x0b\x84A\xd8W\xd6\xe74\x04\xe1k\x9e\xb7\x91\x18\xb5\
\xeb\xf8\xbbAYvK\x0bD\x85\xb5&\x08i\x0e\x1b\
\x1a\xcc?\xb8\xc61M\xeb\xc0\xefr\xfd&l\xe5$\
\x15\x11\xe5] S\xb6!\xf6=\x05\x10\x16\x91\xdal\
\xac\x9f9a\xff\xe8\x02\x0f\xe5(\xf3\xcf\xf1\xb2\xff\xdc\
\x0c\xaeD\xc4\x06!\xd1\xb7\xc0\xf9\xe8\xa4\x1a\xdf\x02P\
x\x90\xb26\x9d\x9b\xeb\xbe\x08\x82\xab\x0eH5\xa5\x8b\
\xb0\x7f\x80\x97\x01\x22}\x90A\xd8\x17\x96\xa2\x7f\xd1<\
\xdf)\xc8Q\xe0\xa0\x16\xa2\xca{\x17Lj;2\xe6\
\xdd\xa9\xa0\x86\xdc\x86M\xc5\xb0C\xbe\x86\xa7I\x1b\xd4\
 \xa3'\xdc\xe3s\xd3=9\xda\x9e\x9bMt*U\
\x988\x1f\x0c&\x09\xfc\x8e\x07\xf9\xc1\x22q\xcaQ\xcf\
\xd9&\x04<\x9e\xa33\x00\xe7\xa6\xdd\x92\x0a\xce!R\
\xe0\xa5G|}]\xd5\x11\xf9\xb1\x8a\xc9\x18\xa0_~\
\x82\xf5\xfe;\xe9XB\x8f\x1c{\xe3(\xcc^{c\
q\xc1C\x1e\xc7\xd5Q\x90\x9b\xaf\x7f\xc5\x06\x18\xd6\xf6\
\x12\x10\xa5\xbb\x8e.\xc0\xdd\xfc\x05\xd1q'\xfb\x9e,\
\x1f\xfd\xf2$c!o%\xe8{7D\x08\x8c\xbf\xce\
\xd5\xcfG\x0ef\xb1\x99\xc8HT\xd1\x95\xa7H\xa0#\
\xc6c9:\x168;\xed\x96Tp.LS\xf5\xab\
\xbe\xc8\x872RR\x95\x93:\xf8KQ\xb8g\xe9\x95\
\x1f\xc0\x95\x9al\xb4\xbb\xa1\xbf[\xaf\x07f\x8f\x9c\x83\
!\xea\xeb[b\xbc\x18\x86\x13\x87B\xa7o\xf5w:\
`\xf9/\x139\x07S(\xf01\xe1\xa1\x1c\xf5\x06\xee\
\xab\x96\xf8\xb1@D\x1da\xb2\x15\xc6\xc8\xd4s\xea\xe3\
\xbb\x00\xd0\x17*#2\x9dO\xee\xf5J\xd9\x08\x0d\xb6\
@M\xe8\xeat\xc2\xf6f\xac\xc1-O\x11 \xc1\x02\
\xb0$%p\xe4\xb8\xdb\xa2C\x80\xf6\xc0\x0bX\xf0l\
\x13\x85+\xce\xc9kA\xc9i7\xf0 8Q\x8d=\
\xe4}\xea\xac\x82w\x0e\xf2\xac\xc1\xae|\x90!@8\
zh\x08\x90p\x84X\xb2\xc0\x03\xd3nE\x05c\x94\
\x13`n^\x1dn\xd1P\x8f\x11\xba'N\x01\xdc\x19\
\x88\x13\x83>\x16\xfe\xe84\x92y\xaa`\xa6} \xcc\
\xd2\xa4@\xa0c\xc3b\xbb\x14\x00\xa8\x0f`v\x16\xa1\
\xcf\xd0\xd4U53\x95\x1cC\xadD\x88\x94\x14\xe7 \
\x8f\x0a\xe0\xe0~\x0fA\x02\xadzR\x00\xc7\x80\xf9\x1c\
\xb8\x7f\xda\xad\xa8\x10HA$\xb3x\xb6C\xc0K\xa6\
q\xf6\x12<\xe5\xa9\xa6|+!\xa1D\xb8\xf4{Z\
\xf2\xec\x89\x87a``\xbe\xbb/\xffg,%\xa6U\
\x84:\x9a\xc1\x95\xa2\x01\x8f\x1a\xf39pf\xda\xad\x18\
\x82f\xd4\x84h\xb8\x02\xcc\x8c\xc6\xed\x87\x92`\x12\x0b\
O$\xb4\x0b\xe2)}\x89+\x0b\xe4\xfce\xc4\xe6\xf8\
\x1e\xc8Vo_A}:\xa3\xa9\x81QZ\x1c%\xfd\
\xca\xc7\x80nN\x9bf\x00\x8c\x09\x0a\xc0Us\xf5\x96\
\x98:\x1bB\x81\x13\x0dp\x0b\xa1A@\xa5+\x18\x94\
\x03f\xf3\x02)K\xa4\xb4\x8dd\xa3\x9bC\xbc\xb0y\
\xf5yn\x5c\xfc\x0c\xbe\x7f\x0d\xef\xeb@\xb0\x84#\xc3\
L\x8er\x01\xb4\x07\xdec\x9c\xaf\xa2\xec0&\xa4\xd8\
\x06\xcb\xc0E&\xa0\xa4\x08\xda\x83*\x9cI\xc9[\x00\
'>\x84\x05\x1bl\x06r\x93\xc0>%\x00\x126\xaf\
\xbe\xc8\xc6\xe5g\xb0\xd6\xd7\xd5\x97\xd3\xef|\x94\xb0\xed\
\xb2\x00 F\xfe \xf4\xc3L@H\xbf\xf5a\x16 \
Y\x00-\x85AD\xb8\xbey\x95\xf5\xde\x1a\xce\x0be\
\x1f\x1e\xbd~\x8d\xbb\xd6J\x8amt\xa0\xbf\xcb\xb8\xde\
\xe6\x86\xc1F\x01\xa5\xd3\xf0a\x9bj\x03\x1c\x13\xb2\x1c\
\xe5\x08o\x11\xe2X\x7f\x80\xa7\x07\xa1\xf4t\xecQ\xc6\
&\x05I8\x06\x08k\xfd\xd5 \xb4ZM\xf9\xfd?\
\xf9\xf3|\xe2__\xc3\xb0\x08Yc\x8a0\x22$:\
y\xe7\xe9_\xba\x86\xdd\xbe\x0ax(\xfa\xc9\xe1{\xf4\
0\xf9\xe1\xcf1a\x04N\x00\xe9f\x88\xdf\x82,$\
\xa7J\xa4\xefJ/E;\x11\xc3\xaaM\xa3\xa7w\xac\
_y\x19\x7f\xfd\x02yv\x0f\xea\xd4\x8d\x11~\xcd\xf2\
\xef&\x84\x00\xf7CQP7\x9d\x9e\x7f\x87\xc2\x19M\
>\xbbI2\x9a\xb5'r\xd6\xa2\xb5\x0a\x80\x99.\xb2\
\xbdI\xc5`\xe3\xa5\xfa3\x92,\xc3vBF>:\
\x8cu\x98|\x13\xb1\xd7\x11b\x19\xe7f\x92Up\xf8\
J\xc1\xc0\xbd\x14HKlX62\x19w\xc8\xe6\xad\
\x84u\x17\xc4\xb4\xea*\xbd\x9a\xbaV\xbb\xb1\xeaw\xd8\
m\xa9\xb5\xdc\xeb\xa5\xd52\xf0\xe4\x99\x1a\xd1\xc6\xc2\xb5\
+\xb0\xb9q\xe2\x94@K\x15\x00\xd0\xc9\xf1\x9b\x9bT\
\x84\x9b\x12\xe2\xcd*f\xe0\x93\xf5\xa0o?\xc8\xae\x1f\
\xeb@\xadR\x8b\xba\xca\x16\xdb\xfd\xf7!U\x9a\xf4(\
\x1fA$\x1c\x09\xe9\xd7\xa3'\xbd\x99`V\x02\xda\xdc\
fk\xc1\xb4Y(4\x13\xf6W\xe9\xe42\xac@\xa2\
@gY\xad\x10\xa2\xc5\xe9J(K\x0dpr\x05\xa6\
t\xd5L\x15\x85\x87\xa2\xd0\xf3\xdds/\xbc\xb4y\xe2\
z\xa6\xf6)\x00\xd02\xe1\x16\xbclW\xc1!\xce{\
$p\xf6\xdd\xd9\xd8-g_v?lt\xc3\xe86\
C=\xa4\x8a/\xfd\x10\xbf\xb9a\xa8\xc7\x1c]Z\x8b\
\xb1\x99\x12$\xd9L\xc3w\x1b\xc2\xa9\x11}\x19\xa5-\
5\xcc7\x9b\xd1(\xc1,W\xa1\xcb\xb2\x86\xb3\xcfa\
b\xb6\x974\x044\xb3\xa1\x975\xd5\x9f\x88`\xbc\xd7\
\xb0qW\x22e\xa9\x11\xa4eI\xac-\xa14\xc4A\
\xa1xe6R!.\xab\xef\xe1\x5cH?\xf7\x8d\xe7\
3L\xdc\x8a4\xc8d0\xaa\xc8\xa4\xc1\xef`\xc0\x88\
\x81\xa7\xef\xd2v\x96\xe5\xb4_\x90\x03\xa1\x9d\x0a\xa0,\
C\xd4o/\xf4\x1ay \xf1\x0c>\x80\xdbB\x07\xc8\
\xb0,\x8f\xee\xabh\xc8\x1ah\x92qb\x86\xcdW\x02\
\xabQ\xb3G\x8cI5\xc1\xabn\x9a\xeb\xd1\xd3\x1e\x84\
\x98,\xfe\xe5u\xaf\x19b\xf3+\xfe\x11i\xb4\xcf\x18\
=\xbe\xe9\xb1Ggl*\xe1*\xbd\xf6\x98\xceWi\
\xdeF2%\x0dq\x02\x03\x07Rh\xdcG\xd9C\xca\
\xbe~\xd7\xbb \xd4\xa5^\xcb7\x18\x8a$$pG\
\x96(q5Y\xccH\xcf\x1e\x83\x89\x22\x0b\x94\x09\xcf\
\xc0\xda\x1ck\xbbdy\x8e\xe9\xe6d\xb6\x83\xcdt\x99\
\xd9\x0ey\xde%\xb7]\xac\xcdt=\xeb\x92e3t\
:s\xac\xf5\xb7\xb9\xb6\xb5\x8e\xc9\xba\x18\xdb\x09y\x0b\
\x1d\xecC\x8f3\xd8\xba\x97\x8d\x97\xdfCdV:\x09\
h\xa7\x02pe\x88-\xdfF\xf9\xf3:C\xcc\xc0'\
\xc3\x08\x18qX\xc6\xec8c\x1b\x82\x96i/i3\
\x9d\x91\x0d\xbd\xa7\x89=\xa4\x0d\xbd_\xde\xd1cm\xae\
\xe6\xad\xd5\x9eU; \x0b\x15\xa3Pp\xc2\xc5^3\
\x9c\xb3\x22\xdb\x14\x09\xbd^X\x96.\x14cq\x18#\
T!{!\xe4Z\x22\xc1G\xa9BIY\xf7\x9a\xd5\
P,\x86g\x8b`DTaWd\xa3\x06\xe3Mu\
N\x09\x19~\xcab\x1e\x9c\x80F\xa7w\xc5\x08\x98\x19\
`\x16\xb1V\x09\xabl\x16\x04\xde\x22\xb1h\x88\xe9\x04\
\x01\xee4\x849\xc3\x9a\x1c\x9beX\xd3!\xcf\xf4\xcf\
\xda\xbc\x12\xe8,\x8b\x82\xdcUA\x0f\xfb\xf5\xb8p\x1e\
\xa3\xbf\x87\x8d\x0a\x13U\x18\xd5\xb3\xb5\x86+\x9b=\xfc\
\xc6\x16C\x02.`\xce\x9dek\xb9\xcf\xe6\xcb\xefU\
etB|\x01-U\x00.(\x80A`\x9d5Z\
\xcbC\x9a\x16@\x8b\xb5\x80\x88\x9a\xba\x0f\xdc\x07\x0bK\
\xa8`y}\xe9\xf3\x0etf1\x9d\x19l>\xab\xfc\
y\x81\xfe\xd8x\xfd#.%x\xc8Cr\x8cV\xcd\
m\xf4\x80\xf18\xe71!N\xc2T\xf4I\x0d\x0f{\
\xe555\xc1\xe3\x0e\x90\xd7\xc3l\xa8J\x0bh/-\
\xb5\xa1\x81`:F\x87\xed3\xe8\xbdD\xfe\xfeH\xe0\
\xd1\xcc\xdd\x0f\x96\x83\x04\xc5\x04\x06k2\xa4\xb1\xdf\x98\
\x0cC^U\x0126P\x81\x99Lk\x0c\x98\x8c,\
X&\x99\xb1\xe46\x0b\xbdq\xfd\xa7\xc7dd\xc6`\
\xad\xc5b\xb0\xd6`M$}\x0d\xc5\xc6\x9b\x82hj\
\xcba\xf8\x1d\x92\xc6j\xfd~\xd5\xf9g\xea\xaf0\x1e\
\xc4i\xa5\xea\xc6I\xf4\x9c\xbd^\xed\xb8\x8c\xe5\x91N\
\x80\x12h\xa7\x02\x08?\x92\x97>:u\x148\x01\xaa\
j>\xd3n\xe0-\xe0=\x9cZRe\xb5r\x03\xb3\
x7\xdd\xee\xddX3\x83\x11\x8b\x0c\xbaH\xd1%\xeb\
\xccaL^\x09\x90\xfe\xab{F-\x92\x01Hxq\
]\x18\x8b\xc6\x17\xd5\x18e\xd0\xce\x83)\x0f`\xac\x9e\
!\xbc|\x15\x11j\xa44\x8f\xb4[\x91\x93\xd0\x00d\
\xe1\x98zha\x9a\xc3\x0cv\xfbSA\xb7X\x1d&\
`\x11e7\xac\xc6\xcb\xb1\x1d\xd6\x18\xdd\x0e*\xb0\xc6\
\xe8\x92\xf8\x99p\x0cXk\x86\xaf\xd2\xe0jm\x8a\x93\
\xd4*\xa5\xcaD\xc4\x09U-\x04}B\xdctD~\
+\x0a\xc4&\x8c\xd5\xa2R\xc6RVJ\xc6V~G\
\x8c\xc5,\x9d\x86\xa5{\x81B\x13\xa2zk\xad\x8fe\
h\xa7\x02\xf0\x1e\x93e\x08=\xbc\xf4\xc8\x8d\x09\x15x\
|c\x16\xe0\x04\xc0\x95\xc8\xc66\xcc\xddCw\xe9\x11\
f\xe6\xef\xc1{\xe1\xdc\xc3wq\xee\xc1\xb3\xe8\xe3\xb7\
C\x1dE\xd3\xcf\x16;n\x13\xd7\xcd(\xfb\xa0\xa9\xf2\
l\x9a\xe5\xc4L(#V)\x91\xf8Xi\xae\x8fR\
\x9b\x87\xa5\x10\xc6\xfd\xc1\x84oloR\xa8\xc5\x11\x8d\
\x85\xa0\x08\xa2Z0:\x92\xa9\xdam\xea\xf6\xc7\xab\xee\
\xf5\xf3\x8d\x08\x8b\xec\xbar\xb3\xdf\xde\x0c-\xea\xcdf\
\xcfCw\x17\xf6a\xa6\xe5\x9a\xab\xd0\xd0\x1d8\x16\x06\
j\x95\xda\xcc\xb2\xbd^\xf0\xf2\xa7\xafb\xe6\xba\x98\xb3\
g1\xe7\x1eFL\x09\x9b\xab\xaa\x00Z>c\xd5>\
\x05\x10IA\x16O\x03\x1b\x88\xf4*\xabLb\x98\xb0\
\xa7\xdd\xb4\xf11\xa9\xa9\xdbe&\xf7\xcc\xcd\xcc\xb38\
\xd3en~\x11\xf1\x19O\xbd\xee\x09^\xf5u\x0fR\
\x0e\x8e\xae\x09\xadP\x912\xb4\xb8-P\x11\x1d\x01y\
\x17.>\xdb\xe3s\x9f\xb8\x8a\xfa\x08\xd4w\xa3.\x80\
\x93Ai\xd6>\x05\x00\x81\x14d\x1e\xa1\xd4\xa9\xc0P\
\xda\xca\x8b .\xf8\x01\xda>\xbe\xf2\x1e\xe9tX\xe8\
Z\xee]\xbc\x9b\xb9\xb9E:s\xb3\x18\xe92c2\
\x06}\xf6U03\xa1\xc5\x10pe\xa0A\xb7\x04G\
m\x07\x5cQ\x07\x0e\x8dTKn\x1b\xda\xa7\x00\x02)\
\x08\x99E\xeb\x02\x07zp!\x14\xe0\xf4\xfaP\xdbN\
\x1b\xef\x1dt:x\xdf\xc7\x22t\xac\xa1\x1bf\x01\xac\
m\xf1\x1b\x91p0\x18\x13\xa6\x5c\xc1trL\xd6\xd1\
\xd4\xc7\xbd\x0a\xb6\xb4\x0c\xedS\x00\x10\x027B\xa4\x98\
\xd7\xf0Q\x0f8\x17\x0aO\xb4\x9d\x16,\x0e\x01\xac\xc5\
;\x87s%F<Y5Dmq\xdb\x13\x0e\x0e\x1b\
\xe2.:\x1d\xb0\x9d \xfcm\x1e\xa36\x9a>\xed\x06\
\xec@\x14\x9eP\x06\xcc\xb3]\xb1\x82\xfa\x10\x0dX\xcd\
\xaf\xb7yp\xe94Z\xccK\x11\xa6\x8e4\x0c\xf6d\
\xf4\x0b\x09\xfbG\x0c\xc42\x98<\xd7\x18\x8e\x18\x07\xd0\
\xf6a*m\xb6\x00|\x18[U\xd1\x80V\xeb\x03\x9c\
\x94p`\xef0>\xc7\x9asdf\x89\xcc\xcc\xeb\x9f\
\x9d'\xb3-\xcb\xc0N\x18\x1f\xb1\xb3w\x82\xc95\xc6\
ah_\xcb\xd1N\x05 \x84\x12S\xa2\xb3\x00\x94 \
\x1dJ\xef\xf1\xce\xd7\xc1@m}\xc0\xc6\x80/\xb1\xe5\
\x0c\xdd\xec\x09\xba\xf6\x09:\xf6\x1e\xba\xf6\x14\x99\x9d\xc3\
\xb60\x0b;a<\x84h\x0a(=\xcc\x86\xb2f;\
*L\xb7\x17\xed\x1b\x02\x00u\xa1\x09\x02;p\x19\x88\
\x82\xe4\xe4\x04\x03\x89 \xbe\xa7\xc9\xcc2\x87\xf1]\xac\
\xe4!\x0a.\x11^\xdeV0hf\xa0\x84\xfc\x8b*\
\xc42)\x80\xf1\x10\x9d|\x9d.\xe2\xb7\xab<r\x1f\
\x19\x81b\x98l\x9b!\x00%\xde\x0ep.\xce\xf7\xd9\
:$7\xe16B\x1d@U\x0d\x01N\xc8,@{\
\x15\x80\xb5\x98\xd9Y\xc4\xf7\xc30 X\xfe\xd1\x11\x18\
\x03\xb5\xdb\x0a\x11\x8d_\xc8\x04_\x96\x9a\xc4\xb4\x1f\xd2\
\x8a\x84\x13\x0a\xc1X\x8b\xb1\xb6\xee\x9c\x92\x050&\xe2\
\x03\xec\xce \xd2\xafb\x01\xbc\xf8\xc0\x0bp2\xa4H\
\xf0\xf8\xcc\xe3}\x19f/\xa6\xdd\xa2\x84Ib\xc7H\
?\x12\x8b\x9c\xa0!@{\xbdQ\xce\x81\xb1\x88\x94!\
)(\xfa\x004\xed\xb4\xf5\xc2\x14,\x00o\x05\xefJ\
\xf5]\x1c\xae\xbcq\xaa\x96u\xc4\x18\xa3\x92\x19Cf\
\xbe\xd5\xec\xc6\x8a/\xe1\x04\x0c\x01\xda\xab\x00*f\x15\
\x17\x86\x00Z\x1c\xc4{\xaf\xe1\xc0'\xc1\x08p\x0e1\
\x0e\xef\xa3\x02hp\xdc\x8d\x01?\x90\xa1\xf8zs\xd3\
p\x88\xf1\xae1\xf4\xcaVIE2rD$\xe3\xb8\
\xc5\x15\xc7\xfa\x99&\xf1\xc3\x0e\xe7\x0d\xee%\x88\xa6J\
vR\xd8\x8e\x19Sf\xc3s\xb2\x16\x93e13\xeb\
Dh\xec\xf6*\x00W\x86\x17\xc8\x85B\xa1\x81=.\
\xa4\x05[9\x01J\xc0\x95\x08\xaa\x00\xea\xe8\xc6\x837\
\xdadPnx^\xf8W\x17\x18\x5c\xe9\xabEQ\x14\
\xb8\xb2\xdcE\x0aw\x9e?$\xcbbG\xde\xee\xf8\x9e\
\x8a\xc8P\x9a|\xcc\xbb\xf0\xe1s)\x81\x8c%l\xf3\
^\xaa\xe3$(f\x11\xa9\xce7|\xed]\xd6\x86(\
\xc7\x9a7\x1a\xfe\x93f\x0f\xda4\xb4M}\x9a\x06\x1b\
\x9a\xd9\xe5TRe/\x86s\x89o\xa4\x22z\xbcw\
,ts\xee[\x9a'\xb3\xe0\xcb\x92\xc7\xbe\xf7i\x16\
\x1e;5f\x8eFH\xb7\xce:\x8d\xfb\xd9-\xd7\xb8\
]h\xb1\x02\x88\x04\x921\x16\xc0\xe1}\x86\xab\xe2\x00\
\xda.\xfd@Y \xa6\x8f7E(\x9d=\xae\x99\x09\
\xde\x09\xab/\xad\xb3\xf5\xf2&R\x16\x94\xfd\x01\xbe(\
\x00?2\xedl\xaa\xfcx\x95\x01\x0d\xa3\xc2\xab\x806\
\x05\x5c\xbcf[\xb8\xa0\x00\x04\x9d\xca\xf2\xf8\xc69\xfc\
\x10w\x86\x98\x1d#\xdf\xe1k\x0f-\xcc\x8em\x1a4\
\x1f6T\xddo\xcd]\x10\xd7\xa5\x92l\x1aN\xb50\
\x8c2\x81X42\x10\x19\x01Qk+\x92w(\xd1\
\xa8\x0b\xca\xcf\xe9~J\x04\xa5\x19\xf3\xe2853\xc3\
\xfc\xb9{\xc8\x8d\xa1,K\xca\xfe\xe3`N\x8d\xfds\
\x9b\x12l>\xaa\x00\xda+\xfc\xd0f\x05P\x11Cz\
|\x88\x06TF+\x17\x82\x81h\xb9\x05`\xa0(\xf0\
y\x1fg\x06\xb8\xd2\x1d\xca\x07 \x08=\xe7\xd8\x0c\x14\
]eY\xe0\xca\x01\xdeyeJ2\xb1GfXx\
#\x9b2\xf5,D\xa5\x1e\x8c\xb2\xd7H0\x85\xe3v\
\xc3\xb0)l\x1a=v\xdcg*\xf3\xb6I\x1c\x0a\x81\
\xc1\xa4\xfa\x92!\xdan\x84\xedeu?\xfa\xbf\xc3\xe0\
5\xf3\x93\x86\xd2\xc7\x05\x81W\xc1F\xca\x10\x11\xeaC\
\xbd\xc1\xa8\xe2\x5c\xd0\x0f\xbe!\xfc\x0d\xcb\xc1\xd0X\x0f\
\xed0\x16\xe3\x1d\x98y\x8c=\x1d\xd8\x96\x02\xff\xe0a\
\x86\x00\x03\x8f\xe9tZ.\xf2\xc3h\xaf\x02\xf0^\xb9\
\xf3\x00\x91m%\x8fdV\xcd\xcf\xe6x\xba\xcdO\xdb\
;$\x03W\x14x_ \xdeUAL\xbbr\x81\xee\
\x81x\x8b\xdbE\xc9\xd6\xa0\x8f\x94\x03\x5c\xb1\x8d\xebo\
\xe3}(\xbei\x9a\x02\xd0 \xd1\x8c\xeb\x81\xae\xaa&\
\xc9\x0cTW\xc1\xdc\xaeg\xael4f\xc3U\x9b\xd6\
\x96\x09\xc2\x1c\x19w\x1c\x91\xe3_)\xbe\x83\x80V\xd7\
\xf5\xa1\x17\x0e\xc7\x89CL\xdd\xbe\x06\xe9V\xd53W\
\xd7\x1c\xa2\xea\x89\xc7\xd9\xc6\x03\x19a-\x1a\xe2\xe1k\
\xb4\xbdZ\xc4\xeb\x85\xca\x92\xe2\xf0\x06|\xd1\xc3Z\x8b\
\x14\xc5\xf8\xe6Y\x84\xf3\xc1\x09\x18\x09T\x92\x0f`<\
DR\x90S\xa7\xd4\x93\xcev\xf0\x03,\x05N\x80q\
j\x04\x1e\xb3\xa60F\x15U\x0e\xbe\x1f\x85\x9fC\x0d\
]D\xfa8\xd9@d\x0b'[8\xbf\x89\x970`\
\x95Xd\xa3)4M\x8b\xa3\x99\x98\x1e\x14\x00\x8e\x9a\
4+\x90\x80\xc6B,\xc6\x87^\xb7\x04\xca`=\xb8\
\xa0\x00j\x13[\xbf\xe7jk\xa2\x22*\x1d\x19\xa8\x0f\
\x0d\x07lCxm\xa3\x8d1\xb0\xd66\xbe\xd7\x14\xa2\
\xa62hFSF\xebf\xd8\x92\xa9\xce!R+.\
\x89\xc3J\xa1\x949\x5co\x11k3\xa4\x18\xc0>+\
\x19\xef\xf8\xa9\x1bW#\xcf\xa9\xac k\xda\xddA\xd1\
V\x05\x00\xea\x04\x9c\x99\x03\x0c\x22}\xbc\x0c\x10\xe3q\
N\xf3\x01b\x95\xa06\xc3x\x0f\x1d\x83\x17\x9d\x05\xf0\
\x87Hd\x12\x84R\xd6)\xe5\x1a\xde\xaf\xe1\xfd&\xa5\
\xac#\xae_\x1f!Z9Y\xc7\xe9!\x9d\xba\xeaY\
\x9b\x82\x10zg)\x19\xee\xb9]P$\xd1*h\x16\
\xf2h\xa2\x16\xf0a\x8a1\x15\xe8\xfa\x0eG\x89\xcb\xa2\
\x13\xcf\x04\x86\xe0\xb0-L\x99Fa\x97\xc6\xff\xf5T\
\xc2\xf0\x0c\x8a\xd0|\x8e\x0dE';\xad\x8bae\x18\
\x06G\xe2\xf1f\x0eW.\x91e\xf9\xe1\x94s\xbc\x17\
\x13X\x81N\xc0\xfc\x7fD;\x15\x801\xea\x04\x0c\x95\
Z\xb4b\xcc@\x85\xc0{\xbcS:k\xd3r#\x00\
\xef\x90\xdc\xe2\xa5\xc0\xb9\x12\xf1M\xca\xec\x83Bpl\
\xe3e\x13/k\x94~\x85\xd2\xaf\x22\xae\xc7\xb0I\x1d\
zpJ0>TZ\xae+\xf1\xc4s\xe9\xf1\xcd\xf5\
\xd1\x07e\xa9\xd8mC\x1fg*\x16\x96\xba0\x86\x0c\
=T\xb3\xcb\xad\xed\x91\xf7 \xa6a\x1f\xc4\x9ey\xb7\
\x81\xd1\xb0\x00\xd7G5\xda\x1e\xb9#F\x84\x5c\x1a\x8a\
\xaf\xfe~\x9c\xc2\xf48\x19\xe0\xfc:\xde\xce\xa2E\xb2\
\x0f\xff\x82\x98\xbc3\xc4\xa9\xd8v\x13\xa0\x9d\x0a\x00\xaa\
j.@\xa8\x1d7\x004\x19\xc8GZ\xb06\x1b\x00\
\xc6(Kmfp\xbePg]\x08\x07\x1e\xb7\xa3\x11\
\xe9\xe1d\x03\xe7W(\xfdeJ\x7f]\x0b\xa8\x1a\x1a\
\xd5j\x9a=\xe5\xb0\x00\x87\x861lZ\xd7/\xea\x10\
Q\x894_\xdehr7L\xe4&\xc5\xf6p+\x19\
z\xe9\xabK\xd7\x09^\x84\xab\xd5}y\xb3\xa7n\x1e\
\xdb\x1c\xbe\xd4\xbe\x88\xdd\x15\x97\xec\xb2\xbe\xa3\x11C\xf0\
R\x0e\xf94\xc6\xc5\xd0\xd3\xcd\xf2z\xcb\x09\xb0\x04\xda\
\xa9\x00\x22)\x88\xd7\x17X\xa7oz:}\x15,\x80\
8\x17\xbd\xffsV\xff\x1d\x1f\xbcS/\xb6\x94\xfa\x17\
b\x01\xc6\xcb\x05\x940\xee\xdf\xc0\xcb:N\xd6\x10\xbf\
\x86\x0f\xa4\xa9\x98\xbd8\xd2F\xf9\xae\xa3\xe9\xde\x14\xb0\
\xa6@\xb2\xcb\xf1\xb1\x05R)\x89X\x89'\x9ei\x87\
\x82\xa9\x02\x0b\x9a=\xf2\xf0\xfd\xb0c\xfdV\xcfeT\
\xa8o\x06s\x8b\xf5:\xb6\xa1n\xe7\xb8\xa8\x15\xa5\xc9\
s}&'a\x9a\x9a\xb6*\x00\x08\xac@.\xbcO\
.\xe4\x04\xa8\xe0G\x1f\xc0\xc1~\xb4)h\xe3p\x0f\
\x22\xae\xca\x07\xa8\xa6\xea\xc6\x85m\x08Z3\xd2Lv\
\x11\xc2zg\xe3;\xa6>|H\xb8\xf7\xfa\xde\xe8\x88\
|x\xff\xcd\x85z\xd2\x98\xeco(CJp\x02\xe7\
vR\x97_k\xb5yZ\xa3\xbd\x0a@Pb\xcd`\
\x01xz\x80&\x03\x95>r\x03N\xb3q\xbbN\x94\
\x87\xdd\xc1\xfc\xf3\x02e\x1f'}\x1d\x06D:\xb3C\
\xb5\xdb 6z\xbbG\xa7\xe4\x9aG5E7\x9a\xfc\
1\x1a\xd1\xb2\xff\x1ew\xb7\xb0\xda\x93\xf1r\xdf\x0au\
M\xc1xo\x87\x801P\x0atB\xe9\xb6\xb8\xad\xe5\
h\xaf\x02\x18\x9a\x7f\x96`\x01\x94\x1a\xa2\xea\xa4\x9e\xc3\
\xde/\x1a\xd5e\x1b\x1bor\xfc\xc8~\xb3\x87I)\
n\xe4\xddi\xac\x88G\x5c\x81\xa7OY\xf6q\xbe<\
\xa4i\x18\xfb\xe9@9])\x81\xd1\xfb\xd9\xcd\xcah\
\x8e\x9b\xfd\x8es\xee\xbc\xb7\xdd\xe6\xe4\xf7:\xfe\x04\xa2\
\xf2\x9bL\xe8~\x0cP8lGS\x82\xeb\xcaE\xed\
V\x98\xedU\x00\xd1\x8b\xda\x9d\x81~\x1f\x91-\x90\x02\
O(\x13\xee\x0e\xa8\x00:\xb30\xbb\x08\xb3\xb3\xecm\
\xf5\x8d\x84\xae\xc6d\x98\xea\xd8\xd1\x9e\x1e\x18l\x81\x1b\
\xd0,\xefU\xf5\xcc\xde\x05N\x00\xf0n\xa0\xc4\xa0\x87\
\xec\xfd!\x16\xfb\xdc\x8dy\xb6\x9e#\x1f\xde6\x1a\x93\
~+\xb3Wn\xb1~{@D\x93\xcb\xeagq\xc8\
\x1e[\xd0\x84 \xd3 ~\xd9\xd3Y\xda\x0e\xb4[\x01\
X\x033\xb3\xd0\xdb\xc6\xcb6\x9e>\x88\xe0CD\xdd\
\xbe\x9f\xab\x803\x1d\x0a3\x0bf\xa6\x11\x8b\x1e\x96\xcd\
\xb9\xecf\xa2\x8ai\x08[\x14\xf0F\xf9m#\x16c\
\xb6\xf0\x9b\xd7\x90b\x1bc,\xf9L\x17\x83\xd5)?\
j\x05 1#\xd0\x0b\xe3{\x01\xb4-\xfan53\
\xd9v\x13\xd8\xddz\xed;C\xb0\x0f\x82\xd8S\x1f\xd2\
3S\xc1\xc4J\xcfq\x16\xa0\xdd\x06@\xcb\x15\x00\x06\
\xba]5\xa5\xa5\x0f2\xc0{G\xe9B,\xc0>\x1f\
\xacw\xf0\xd0\xeb\xbe\x18:s\xe4\x9d\x0eU\x85[\xa3\
\x04\x0e&\x129\x0c}\x0e\xec.YFU\x012T\
\xac%\xcf\xa0_\xc2\xfa6\xa6t\xb8\xad+\xf8\xed\xcb\
\xf4n\xdc\xe0\x85\xdf\xfd\x00\xbe\x18\x04\xe1t\x08\x06\x9f\
\x81+\xfb\xb8\xb2T\xb3s\xec\x80\x93\xb8h\xf6\xfc{\
\x9d\xab\xc5o]k0\xec\x06\x9c\x08l\xae\xc1@\xe3\
\x86{\x1c3\xda\xab\x00 \xcc\x02D\xfd<@\x18h\
\x04\x97\xd3X\x00\xf1~_\x0a\xd6\x15\xf0\xc7\xdf\xfc&\
^\xf3\xf5o:|\x9bv\x8b\x99\x01\xb2\x19\xb8\xf2\xec\
e>\xf7\xcc3\xf4\x07\x85\x86\x97\x86J@\x92i\xba\
\xa9\x97\xc3P\x9a\xd7\xd1fbC\xe9\xed\x1d)\xb3\x09\
\x07\x81\x00C9%\x87\x1d\x01\x88`\xb3,\xc4\x02D\
\xb4;%\xb8\xdd\x0a\xa0,\xa9\xe2\xd6\xa5@(\x10\x5c\
\xa0\x05\xf3u\xa0\xda>\xe0\x0a\xfd;*x\x0fe\x7f\
\xa0\xac\xbf&z\xdc\x09~\x808\x04(\xf1\x87Ne\
\x0e/\xd3\x09H5m=b\xc5\xe9\xf0y\x22z\xd4\
f\x81\x13@\xa6\x13{r\xd0\xe6N\xbb\x017\x85\x8b\
q\xec\x1a\x0e,\xd2G\xc4\xd5)\xc1ms\xae\x18\x8d\
q\x1f\xaa\xff\xe3\x5c\x88_\x18\xa8#p\xdc\xfc\x85\x86\
\xf9o\x09~\x08c\xdb\xfe~\xb5\x16CiE\x93|\
\x86\xc6`\xf2\x0e'\xe5\x87i\xb9\x02p\x0d!w:\
\x0c\x10\x87+=e\xe94\xb2\xaeU\x18\xc9n3\x16\
J\x8d\x02\xf4^\xe9\xc1\xab\xf8\x851\xde\x0f\x1d\xfb\xd7\
\x0eINH\x09\xeavb$bq\x12\x10\xc1\x94\x9a\
\x0f\x10\xc6\x17\xd3\xbe\xc9[\xa2\xdd\x0a\xa0\x9a\xeb\xd78\
t\x91>\x9e\x12/\x0e_\xca\xa1\xd3\xb7'\x0du\xfa\
\x8e\xe4\xa4\x97\xa5\x9a\xff\x12\x14\xc0a|\x00\x8d\xe9%\
k\x22\xfbl\xfb_\xb2\xb6B\x03\x81\x22I\x08c\xea\
\xd2\x91\xe7_H\xb0\x00\x1a\xbe\x85\x16\xa3\xdd\x0a\xc0\xfb\
:\xaaJJ\x84~\x15S_\xd5\x07h\x15L\x88\xc9\
\x8f\xc9 6\x94:\x07\xef\x0b\x9c+\x94\xc0\xe30=\
\x83iLI\x92,\x80\xc3\xc2O\x92^Z\xd0p\xe0\
,W\xe6\xea\x16;\xff\x22\xda\xab\x00\x22)\xc8\xfc\x5c\
H\x09vx\xd9\xd2\x8c8_\xd6\xec:\xad\x82\x052\
\x86\xc87D\x90N\x168\x01\x8aCq\x02\x0c1\xde\
\x984\x04\x98\x04\x22!\xead&\x03E\xab\x03e\xb1\
\x13h?\xda\xab\x00`\x88\x14\xa4\x0e\x07\x1e\xe0|I\
Y\x04G`\x9b\x9e\xb3A_\x00\xc9\x88\xf1\xf6\xc6k\
|\xb8P\xe0\x5c\x1f\xe7\xcaC]`(5\xa7r\x02\
\xb6M\x11\x9e\x0c4S\x92\x0f?\x9a2\xd5\x9f\xb1'\
\x87\x18\xb4\xbd\x0a`\x88\x14D7\xa9\x13\xb0\xc0\x05G\
\xa0\x14-\x1d\x02\x88h\x8e\x801\xaa\xc4\xf2<T5\
\x1a\x1c(\x80i\xe7\xb9\xe3\xe70\x03P%\xf6$\x8c\
\x03\x11\x09\x11\x9b\x13;c\x98\x05\xc8\xea\x10\xe0\x96;\
\x02\xdb\x1d\x07P\x91\x82D\x0b@c\x01\xbcw\x15\xdb\
\xad\xc9\xc1L\xf87\xdc\xf5\xf3nhpT\xda\x0ed\
y\x86\x91H\xcd\x15\xc6\x7f\x02\x92\x19D\x0a\xf0\xaej\
\xfbx\x88\xcc<uo\x93p8xi\x92\x98\x8e/\
\xac\xc3\xbc\x80\xdd\xc6\x8ev\xffF\xedU\x00MR\x10\
\x03\xcaa\xd7\x07?@\xca\x01\xa5\x1b\xb0\xf9\xc2&\x17\
\x7fr\x05P!S\x81\xac\x03:t|\xe7jOo\
\xc4\x8e\xb4\xf9F\x02\x90\x0d\xe7\xb1F\x87\xf31\x9e{\
\xb7\x94_\x0c\xfe\xc6&\x9b\xc5\x1a\xeb\xc5\x0d._y\
\x9e\xa2\xdf\xc7\x18Q*.)\x94sS$\x948s\
c\x9767ax\xa1\xdf\xf5\x8d\x8d\x8d\xf6'\x1c\x18\
\xd5Oq`~\xb9\xddah\xd4\x06hw\xe7\x0f\xb4\
Y\x01@\x08\xaf\x0b\xd1\x80Y\x0ey\x86\xccX\xdc,\
\xf4\xf2>\x9b\xbdMf_\x9a\xc5d\x06\xc9\x80,\xce\
\xedR\xe5\xe4\x8b\x05\xb1\x82\xb1\xfa\xb9bj\x8d\xc7D\
2\xc8!+B\x86\xf2iT\xe6\xa4\x8e\x16\xf3z\xbc\
l9|\x7f\x9d\x1b\xbdK\xacl\xbd\xcc\xa5\xf5\x17\xf0\
e\x81R\x97\x95j\xbd\xb8R\x99\x81\xf0x\xb7\x8ds\
\x83C\x0c\x01bXt\xc8\x0441\xfb\xb0\xfd\xde\xe6\
6bh\x1a0l94\x9c\xe8\xbbz\x02\xca\x82\xc1\
IP\x00\xab+\xf0\xf0\xa3jM\x9bSH\xbe\x80\xef\
t\x91\xd9\x0enVp\xb3\x85N\x87yQVg\xe7\
U\x98\xbd\x0c\x09\xad\x0f\xeb\x12\x85>\xee\x0b\x05G\x95\
+#PW\xc5\xe3\x84\xf0\xd9\x87C%\xf4\xe65\x09\
\x96\xf37\xe8\x97\xe7\xf1\xbdg)V?\x81/\xb6 \
f\x98E+\xa6\x0c\xbe\x0b\xaf\xe5\xbc\x0eG>\xa5\xd1\
\x86\xf1_\x12\xfc\xc3a(\x14\x98C>Mc\xa0\xf4\
\x18\x93k}\x85\x13\xf0\xd3\xb4[\x01\x18\x03++p\
\xfd:\xca\xfa\xba\x80dsH\xe7\x14,\xcc\xe3\xe7J\
\x06\xd7|\xf0\xb7\xc4\xae:\xa4\x09\xc7\xf2W\xa1\x0b\xf7\
\x8d\xed\xd1\x7f \x95~\xa8\xf9\xe1\xa2WX\xf7\x0dS\
f5\xf3F\xaa\xf8D\xd9\xa6\xf4=\xa4,0\xae\xa7\
\x09\x07MsR\x94\x16\xcc[A\xbc2\x03\x8d\x9f\x0d\
\xa8\x94\xdbf\xe2\xf1\xabw.|P\xeef\x8ci\x80\
:\x9c8R\xa9\xa3\x81@Y`\x05JC\x80\x09`\
\xa8\xda\x8bG\xcc\x00g\x06\xf4\x5cI\xc7\x15t\xb6\xb7\
\x00\xea\x02\x95\x0d\x16!_\xeb\x84 \xc0~(S\xde\
K\xad\xf1#m\xe5\x0e\xda\x0c\x89\xdf\x0fU\xf2\x1a>\
\x03\x1f\xb8\x09\x06\xce\xd1w\x05\xae*@\xd9p\xd2\xc5\
\x13Z\x83\xb8\x01\xe2\xc7\x8c\x064\xa8\x02\x90\x91$\x93\
\xa4\x08Z\x80\x98\xff\xa1=\x8a\xc9\xf2\x8a\x15\xa8\xedh\
\xbf\x02h@B>\x80\xf7}-\x91\x85%3\x06k\
L\x10\xf6`\xb67$\xb8\x19\xe41J\xc8\x19{\xf9\
\x98\x16\xda\xb4\x18\x9a\xdb\xe2zT\x00\xd2(\xb4\xe9]\
\x9f\xc2o\xd3s\x1b\x0c\x5c\x1fC6\xc4\xd5WQY\
\xe7\x06\xe7\x07\x94e1\xacy\xf6\x8d@P\xd2\xec\xa9\
\xcc\xc9\x098i+\xaa\xd9\xa4\xc9\x9c\x0d@\xd3\x81m\
\xc6I0\x01N\x94\x02\xa8\x82\x81BV\xe0\xa0tl\
\x17%\xd6\xd8 \xbc\x9e\x18\x1d,\x0d3\xbe\x8e\xf6\x0a\
=y4\xef\x1b\x0e\xf9\xaa\xb7\xa7a\x0944I$\
\xc0\xaeP\xc5&X\xf5\xc9\x07\x8d \xa6D\xbd\x8du\
\x9b1\xa8\x03\xb3?\xa0\xf4\x03D\xc6|\xe1LmY\
\xd4\x01A\xed\x7f\xc9\xda\x0c_\xcd\xd5\x1f.E{\xa8\
6@E\x0a\xd2\xfe\xdf\xe6\xe4)\x00\x0a\x84\x01\xc6\xa8\
 \xaf\xf7\x06aO\xfd\xbc\x87)\xaf\x1b!\xb9\xcd\xd2\
\x17\x95l7\x7f|\x19\xfa\xabJK7\xd6%\x16\x93\
\x90XJ\xcba\xc4`\x08\x09 \xa3$\x05q\xc8\x90\
g\xc8v\xa1$\xa1c\xbe\x18\xc6\xaa\xc7\xdfH\xa3*\
R\x0a\x07>\x14\x86\xd9\x94'4\x15\x18|\x00'a\
n\xe6\x04)\x80\xe0\x03h\x94\xbb\x06\x83\xf3#\xda{\
\x88\xe69\x96\x8b\x82X\x0f\xcf\x07\xe1\xd5B\x97\xb5\x80\
K,\xae\x89kl\x8b\xd5o\x87\x95D\xfd\xd2\x84\xde\
\xc3d\x18\xd3%f-\xee\xe8\x99\xc3\x90\xc1\xbb\x01>\
X\x00\xe3=\x02[\x0f\x01\x8c\x09\xd7\x8dc\xcd\xb6\xbf\
j\xedD\xa3X\xd8\x04\xce\x16\x02\xb5\xb2\x1c\x93'\x0b\
\xe0H l\xe2e\x05\xe7W\xc9,Z6,\x08\xad\
\x0alC\x88\x9bUa\xa9+\xdb\x0a1#\xcf\x8f\x9c\
{\x8f\xd2\xdaA\xf9DEQ+\x00\x87P`\xbc\xc1\
\xb3^\x9de\x87\x02p\x1a\xcb \xa8\x1f@\xc6\xccc\
\xae\x08I\x87\xe6\x97\xd2T\xe0\xa10d-N\xe0d\
\x12\xe25\x221h\xcbq\xe2\x14\x80\xf3+\xf4\xa4\x07\
dt\xe4\x15Z\x1ak\xa4>}\x93\xe8\xa1Y0\xb3\
.\x10\xd9\xa8z\xdb\x08\x05\x8d&},\x9b=\xbc\x1e\
\xab\xe9\x8e*\x92\xf89V\xdd\xddE\x18\x8b\x01\x22\x1d\
\xc4\x0b\xae\xec\x8f\x99\xc6l0U\xf9\xaf\xc6\xf0\xe6\x04\
\xf42m\x85\xa1\x11\x07p(4S\x7f\x05S\x9a`\
\x01L\xfb\x0eo\x8d\x13\xa7\x00\xb4\x17\xde\xa4\xf4\x9f\xc7\
\xd2\xd5\x8aAU\xdd\xfa\xb2a\x0dD\xc1,\x1b\xfb]\
Xo\x96\xc4\xf6\xbb\x08\xf1n~\x81&\xb9c3\x02\
o\xf76\x0eE\x0b\x94%\x18\x8b\xc7\xe1\x5c\xaf\xc1E\
\x7f\x00\x84i\xc0\x8ak\x10\x9b\x84\xff\xd00#S\xc7\
\xe3\x9f\xa7\xb2\x12\x05(\x04\xaa!@\xbb\x7f\xa3\x13\xa8\
\x00\xb4\x87-\xfd\x15\xbcl\x87^Y\xb9\x03\xe3\x98}\
\xd8\x94o&y\xc8\x9e\xe7\xdb{\xfbh\x01\x8e\xa6\x17\
\x1e\xf6\xae\xb2\xd3\xe8\xa5\x9d\x83\xd9\x0c(\xf1\xbe\x1f\xda\
9\xce\xad7\xe77\xbd\xba4cJp\xbb\xdf\xb3\x16\
c\x02\x0a@\x86?\x1a\xc703p\x8b\x8b\x83\x9c@\
\x05\xa0\x10\xd9\xc6\xc9\x16\xb7\x1e\xff\x8e\x14\xfe8\xfc\x95\
\xd91\xc3p3\xe9\x8b\xe1\xc0y\x17\xd8\xc6\xf9>^\
\xdc\x81\xe3w\xd4\x00\xd0\x1e\xcb\xc4\x9a\x09\x89\x15|\x22\
\xd8Y\x9e\xfc0'\x0b\x0eZk\xe3\xc9[\x8d\x13\xab\
\x00\x8e\xcf\xf954\xc3\xbb\xc7\xe7[\xc0{\xe8\xe4 \
\x1e\xef\xfa\xca\x09p\x00T!\xc8V\x7f\xaea{\xa6\
\xfd\xe5\xa7\xda\x8c\xaaV\x83\x99\xa0\xac\x1a\x025x\xfb\
q2R\x96\xa6\x8a\x9b\x11\x04\xec\xb3\xd7\xf0\x1e\xe9\xe6\
x\x9c\xa6\x04\x8f9\x040\x81v\xbcN\x5cI3\x00\
\x87\x85\x10g\x8a\x0e\x81\x06+\x93\x84)Z\x93\xe7\x9c\
\x84\xdf&)\x80\xb1\xb1\xcf\xfe\xc2\xa0\xc5A\x02\xb9\xa9\
\xf8b,\x22J\x13\xeb\x126\x94\xceI\x885o;\
4\xdc\xbbZ;\xd8w\x19edk|?\xef\x9e\x04\
\xf9O\x0a\xe0X\xe0b\xe0\x91\xd7@ ?&/`\
T\x00R\xc7'\x9c\x80w\xac\xe5\xb8\x99\x83x\x9c\xd3\
i\x94\xa6\xe9\xc4\xe2 \xedV\xd2'\xd8\x07p\x82\xe0\
\xbd*\x01\x04/\x85\x92\x85\x1c\x18\xa2\xc5JCJ0\
\xb2#;!\xe1\xa00\xd1\x070f`VXJs\
(\xa8\xc1\x05\xea\xaf9\x01\x99\x9a\xc9\x028j\x18\xa3\
C\x00\x17\xa7*\x95\x1al\xbcs\x85\x82\xa0\xe1\xa5\xad\
\x93\x8a\xa6\xf9\xa2\xb5\xff%\xbf\x19\x94\xe8\xe5\x00E&\
ov\xae\xf8\xa1pJ\x0abm\xdb\x0d\x80d\x01\x1c\
\x0bD\xc0\x15u>\x80\x14\x07~\xdd\x0cFK\x93W\
\x1b\xacr\x04\xee\x9bz\xaa\x19\xc8$\xbb\xec\x1bj\xf0\
-\xf6\xdf\xec\xd8}\xec\xdf#\xfcVn\xf2\x9d\xca\xe1\
9\xd9B~L4\xa32\xce\xc4\x14^C\x81M\x1a\
\x02$@\x90;\x0b\x9d\xae\x86\x05\xfb\xe2\xe0\x1d\x8e\x81\
\xccd\x8d\x97\xcaC\xb3Hh\x9d\xcb\xbcSH\xaa\x99\
\x03S\x1f\xc3.\xc7\xe1\xebXv\x19\x99\xfd\xd8\x8d\x0e\
i\xc8\x0d\xd9\x9c\x99\x18i\xf8\xc8\xd2T\x82l1&\
C\x8c\xc5\x84\xcf:\xccQJ-cs\xb09&\xeb\
 \xaeO\xb1}\x09\xef\xb6\x833tr\x8a`\xdc\xec\
\xcca4|\x09\x82*\xeb\x13\xc0\x0b\x98\x14\xc0q \
\x9a\x98\xb9U\x1f\x80\x8c\xe7\x044Y\x86\xc9\xb2\x90\x0b\
\xd4\x10\x22\xab\x9c\x88`uP\xe7\x19\xa2%\x13\xa9{\
~\xe5\x14\x84\xd1ak -\x88_\xa8\xa3\x0c\xabb\
\x17\x91\x88\xd46\xac\x8f\xac~\xd1M\x1e\x880T`\
\x8d\xc9\x90,\x0f\xec8\x1d\xcd\x91\xcfrL\xd6\x85,\
\xc7\xda.&\xef\x92ugu\x99w\xf0Y\x8e\x18-\
\xafmM\x06}\x07\xab=(=\xce\xad\xd1_\x7f\x81\
\xfe\xfa\xf3\x94\xdb\x17\xf1~0\x01E0\xf9L\xc0x\
\xbe\x93\xe2\x03H\x0a\xe0\xb8`@2\xab1\x01cM\
\x03\x02t(\x9dA\xfa%\xde{\xbc\xd3\x22\xa9\xbe\x88\
\xcc@\xf1\x85\x8b\x8c\xc1\xf5\xb7M\x96\x07\x96\xe4\xbcr\
&F\xe6\x1acs\xc8TpU\xa8\x83\x10w\xba\x90\
\xe7\x98\xbc\x1b\x8e\xeb\x84\x10\xd7\xd0[\x9b\x0e\xd6\xe6X\
\xdb\xd1\xbf\xbc\x8b\xedt1Y\x8e5\x196\xcb\xc9m\
Nn,\xd6ka\xf3L,\x19&,-y\x9ea\
MFf-\xa5x\xaeo\x0d\xd8\xf4\x05\xbet\xb0`\
\xe0\xae\x0c\xb9\xb1\x89]Y$\xcf\xcf0\xb3\xf8(\xfd\
\xf5\xe7\xe9\xad?K\xd9\xbb\x82\xf8rlE`b\xdd\
\x861-\x80a\x1b)Z`!\xb9,\xcb4\x1a\xb0\
\xe5\x01ZI\x01\x1c\x07b\xe0N\xde\xc1\xcb\x16\xe3\x94\
56\x19<\xf8\xc7\x96\xe9\xcc\xbd\x0e\xd9~\x14\xb1\x12\
R\xa1\x07\xda\xd3dY\xb5\xd4^9\x03\x1b\xfc\x06Y\
^\x13U\x1a\xab/\xa6\xb1jf\x8b\x01\xd1B\xa3\xfa\
\xd9\x86\xa2\xa3\x16\x1b\x94\x83\x0d=\xbe\x8a\xb0\xc1x\x83\
\x11\xb0\x182\xafK+\x86\x0c\x83\xb1V+$Z[\
\xa7M\x99\xe1\xa1A\xdc\xceH\xffk\x0c<\xb0Yp\
\xe1\x8f\xaequc\x8b\xed\xf5>.\x17\xcc\xd9\x19x\
t\x16s}\x93\xce\xf5Y\xf2\xce2\xdd\xc5G\xe8\xaf\
=K\x7f\xfd\xb3\x94\xfd\x15}\xa6c\x99\xdcM&\xc8\
q\x84\xb5y7\xe1<\x22\x8d!@R\x00\x09\x10*\
\x1dGR\x93\x03\x86\x02{09<\xf5u\xf7\xf0\xf4\
[\xde\xc2\x9e\xc3\xec\xea\x0b\x8dm\xbb\xbd\x7f\xb7\xda&\
{\x1f\xb6\xe75\xcd\x9e\xbe\xbd\x83\x89\x80\xc0]\x9f\xbd\
\x87\x8b\xef\xba\xc0\xc5\xcf\xacp\xbd\xdfg\xfbR\x1f\xd7\
\xf5\x98s\xf3pf\x1eV6\xe8\xae\xce4\x14\xc1s\
\xf4\xd7\x9f\xc7\x157B,\xfe\xfe\x1d\xa3\x91\xfb\xf1p\
\x90FG\x1f\xfc%\x99U\xa5\xdcr\xae\x96\xa4\x00\x8e\
\x0b\xce\x05jr7f\x1c\x802\x8eO\xb2\x0aZ[\
1\xff\xe4\x22\x8f=\xf4$\xcb\xcf\xacp\xf1=\x17\xb8\
zq\x83\xd5\xa2\xcf\xf6\x85\x1e\xcc\x18\xcc\xb9EX^\
\xc0^[\xa7{c\x96\xbc{\x17\x9d\x85\x87\xe8\xdf\xf8\
\x14\x83\xad\xcfim\x06\x03\xb7\x9e\xe5V\xe9\xf4\x87\x9c\
N\xadz\xff\x98\xfe+\xc1A[\x11\x83\xb6W\x03$\
\x05p\x5c(\x8a\xf0n\x1c\xdc\x02\xb8\xd3\xe0\x07\x805\
,\xbf\xf1\x1c\x8b_\xb8\xc4\x99\xf7]\xe6\xcaG\xae\xb0\
\xba>\xc3Z\xd1g\xeb|\x0f\x995\xd8s\xa7\x91\xe5\
\x05\xcc\xd5uf\xb39:3\xf70\xd8z\x89\xde\xda\
s\x14[\xe7\x11\xd7k\x10\xa9\xee\x06C]\x1dh\x12\
q\x00\xb1\x88\x8c\xc7\x94\x1e\x93\xe5U\xd0V[\x91\x14\
\xc0q!\x90\x82\xa4r\xde\xfb\x84\x80\xefC~\xa6\xc3\
\xfdo\x7f\x05KO\x9f\xe1\xea\xbb/\xb2\xfa\xd9\x1b\xac\
\xcd\xce\xb2\xba\xbd\xcd\xf6\xcb[\xb0\x98a\xef]F\xce\
.`\xae\xce\x93\xe5\x8bt\xe6^\xc1`\xe3Ez\xeb\
\xcfRl_B|\xa1\xb3\x16\xbb\x8c\x95L \x059\
\x1c\x9a\xe7\x0d\x16@\xdfA7\xaf\xd3\x83[\x8a\xa4\x00\
\x8e\x05\x81\x14d\xa6\x03\x81f,a\x7f\x90R\xd5\xe5\
\xc2\xe3\x0b\xcc=\xf88K\x1f]\xe1\xda\xfb.\xb1t\
%gm~\x96\xeb\x9b\xdb\xf4>\xb7\x09\xa7r\xcc\xfd\
\xcb\xd0_ \xbf2K\x96\x9f\xa23\xff\x00\xfd\x8d\xe7\
\xd5Q\xd8[\xd1\x93\x99ar\x97\x9a\x14\xf40\x99\x95\
\x0d>\x01\x11\xf5\xf7\xe016X\x00-N\xd7N\x0a\
\xe08\x103\x02;\x9a#~\xe8\xf4\xd3;\x10~\x00\
\x18\xc3\xf2\x1b\xce\xb1\xf0\x05K\xac\xbc\xef2\xb3\xcf\x5c\
\xe3\x94\xedp\xc3\xcds}c\x93\xfe\xfa&,\xe5\xd8\
\x07\xcf![\x8bt\xae\xce\x92\xe5Kt\xe7\x82\x22\xd8\
x\x09\xd7\xbfN\x88\xd4!\x06\xedx9d^e\x0c\
\xce\x8a<\x94\x12c2B\xe4f;e\x1fH\x0a\xe0\
\xf8\xe0=t:\xc3\x89#\x09\x07C\x18\x16t\x96:\
\xdc\xf7\xb6Wp*\x0c\x0b\xba\xcf\xaf\xb3\x94\xe7\xac\x0e\
\xe6X\xdd\xd8`\xb0\xb6\x05g:\x98\x87\xef\xc6\xae/\
\xa8\x22\xe8,\xd3\x99\x7f\x90\xfe\xfag\x19l~\x0e_\
D\x16\xe7l\xecd\xa0\xd1\xb6U\xf4\xf2\xb1D\x5c\xd6\
\xfe\xcaMI\x01\x1c\x17\x1a\x16@\xc2\xe1 a\x14\xb5\
\xf0\x98\x0e\x0bV\x9fYa\xe5}\x97\xe9^\xb3\x9c\x9e\
\x99a\xb5\xdfc\xf5\xc6:\x83\x1b[\x98\xe5.\xe6\xb1\
\xfb17\x96\xb0W\x16\xe8t\xcf1Xx\x88\xfe\xc6\
\x0b\x14\x9b\xe7q\xc5\xe6D\x9c\x80\xb1\xc0\xac\x96\xa0\xf2\
\xeas\xc8C\xb1\x98\x16#)\x80\xe3@\xe4\x05\xcc\xb2\
\xe4\x04\x9c \xe2\xb0\xe0\xec\x1b\xce\xb1\xf8\x85\xa7Yy\
\xff%V?r\x8dY\xe683;\xcb\xf5\xedmV\
W\xd6)\xae\xf71gg1\x8f?\x80Y=\xc5\xec\
\xb5E\x9d1X\xb8@\xef\xc6g52r\x82\xb5\x01\
\xa2S\xd1t\xda/^\xedo\xe1m\x01\x03N{\x87\
\x96\xfa\x82N.\xe2\xb0\xe0T\xce}\xdf\xf4\x0aN=\
\xbd\xcc\xd5\xdf\xbe\x80\xf9\xec:s\x0b\x0b,\xcf\xcf\xb1\
\xb2\xb1\xc9\x8d\xabk\x0c2\x0f\xe7\xe6\xb1\xa7\xe71+\
\xa7\xb0+\x8bd\x9d\xbb\x98\xb1\xdb\xe46P\xae\x1d\xaa\
-\xb1pL\xa0\x07?\x01\xbc\x80I\x01\x1c\x17\xc4\xe9\
L\x80I>\x80\xa3@5,xx\x9e\xf9?\xf7\x04\
\xab\x1f[\xe1\xea{.2{\xb5\xcf\x03KK,/\
\xcc\xb3\xb2\xb9\xc1\xea\xa5\x1b\x94\x1d\x0fgOa\x97\x17\
\xe8\x5cYd\xa6W2;\x93c\xf3\xf91\x7f\x9af\
\x86f8\x81\x1bM\x09n\xa7/ )\x80\xe3\x80A\
\x85\xbfTR\x10\x08\x95\xbd\xa7\x1d*n\x86\x16\x07\xc7\
\xad\xda\xbe\xcf\x13O\xa48O\x80/\xf4\xba\xcb\xaf?\
\xcb\xe2\x93K\x5c{\xffeV?|\x95yg\x99?\
s\x86\xe5\xf9\x05\xaenl\xb0v\xf1\x06\xe5,\x98\xb3\
g\xb03]\xf2\x1e\x18;n\x8f-uRQ\x98\x02\
d\x10\xb3\x15\xdb\x8d\xa4\x00\x8e\x0b\x22\xe0K\x1d\x0d\xf4\
\xfb\x14\x9b\x0e\x19\xd8\x86\x90\xec\x22-\xb7\x10\xa0\x98\x15\
\xdc\x1cVTY\xc0\xfb\x10\xce\xbdi@d\xd7\xed\xd2\
\xf8\xae4\x97{\xde\xf3\xc8\xfd\xefrB\x9b\x19\xba\xf3\
\x06WLP\x11\xc4 \xa2\xc5\x9c\xfb\xbe\xf1\x01\x96\x9e\
^\xe6\xca\xbb/\xb0\xf9\xec\x1a\x0bY\xce\xfc\xd9e6\
\x16\x16\xb8\xba\xbe\xc6\xfa\xe7\xd7\xf0\xcb`\x1f\xba\x1b3\
\xd7a\xbc\x19\xda8\x0d\xe8\xebJC\xfd\xa0\x89\xac\x85\
\xb1J\xc1\x1d\x0fr*f\x89\x84#EHR\xc9\xe7\
\xe6\xf9\xf8\xaf\xfc2\xab\x1f\xdd\xe45\x7f\xe2\xcf\x92-\
\xcc\x84\xb8\x80:_N_\x17iP~\xa9\x97\xb9\x99\
qN\xf08\x0b Fy\xed\xbd1`\x03\xc7\xbd\x11\
\xa5\x10G\xf0^p\x22:\xdf\x1d?\x9bP\x08\xcd\x08\
\xa5\x09\x15\x0fM\xa8\xb1$\x82\x13\xf0\xde\xe3\x9c N\
\xb4\xc2\xb1H\xe8\xe0\xa2\xc7\x1b\xc4\xc7\xe0\x17\xdd^\xfd\
\x85\xfd\xa1\xf1#\xcf\x22\xde\xa8`\x0c<\xf1\xc6{x\
\xe5W\xdfKg\xceR\xf6'\xf8\xc8\xc3\xb0`\xfe\xa1\
9\x1e\xfe\xee\xc7Y\xfd\x83\xeb\x5c}\xcf%\x06\x97\xb7\
Y\xeavY\xbc\xebn\xd6\x16\x97\xe8\xf7zp\xa1\x07\
}\x7f(I\x90Xp6N\x05\x86\x82\xb0\xed4\xfe\
\x159\xb0\x0d,L\xbb!\xb7=\x04\xf0\x1es\xd7\xdd\
ln\xf7\xb8z}\x85\x1b\x17W\xb13\xb9\xe6\x06D\
\xc1\xc2@\x18\x1ex#\x9aAh\xc1\x9b\xc8\x5c\xa34\
\xd6\xe2=\xbe\xf4x\xe7)\xbd\xe0\xbc\xe0\xc21\xb1\xf2\
a\xe9\x05\xe7<\xde\x09\xe2\x95\xfb\xce\x95\xaa\x04*Y\
\x8d\xc2\x0au\xd9\xc1\x18\x18\x13\xde\xe7\xa1\x17x\xef\x95\
\xb1\xc7\x12W_|\x9e\x17?|\x95\xd7\xbe\xfda\x1e\
\xfc\xe3\xa7#\x83\xda\xc4P\x0d\x0b^\xb7\xcc\xe2\x13K\
\x5c\xfb\xdd\xcb\x5c\xff\xd0U\xd8.Y\x9e\x9d\xc3\xcf\xce\
B\x19\x82\x83\xc6\x18\x92U\x22\xae\x0f9\xc4\x02HH\
\xbf6m\x0e\x07\xf69\xd0#)\x80\xa3\x87\x01\xae\x5c\
F\xee}\x00\xbb\xb0\x08s\xb3l\xf4W1}\x8b\xf7\
\x0e\xef\x04W\x04A\xf5\xda\xfbV\x82\xed\xb5\x17\x17\x09\
\x9fCO\xec\xbd\xe0|\xe8i\xe2;(\xca\xea\x15\x9d\
ObL\xfd\x82V\xdb\xeb\xb2b\xb6\xc9.T\xb1v\
5\x8e\xb7\xbbl\x1f\xba/3|\x8f\xd5\x87=^\xfa\
]6e\xc0\xe5\xe7\xd6y\xe7\x8f\x7f\x92\xc7\xbf\xecn\
^\xf3\xd6\x079\xfd\xc0\x0ce\xff\x08\x86\x05\x0b\x19\xf7\
\xfd\xa9\xfbYz\xf5\x19\xae\xbc\xfb\x12\x9b\x9fY\x0be\
\xd7\x22\x0f\xc28?l\xb8\x804\x0a\xcc\x8a\xd7\x02\xa1\
\xb6\xd5\xc6\xb5\x8b\x16@\xc2Q\xc3X\xd8\xda\x84\xe7\x9f\
\xc3\x92\xb3=\x93\xf3\xd2\xf9W\xe2\xe9\xe2|\xa1\x14Z\
\x84\xca?1O\xbd1\xc66\x95\x80\x9aZ\x90+\x81\
\x8e\x0bS\x8f\xed\xc3>\xd3\xac!\xc8\xc8\xf7a\x17\x01\
\x8e\xc2;\xbao\xa4\x10a\xb3P\xe9\xae\xbd\xdb\x1e\x1e\
F\xd9y\x08@. e\xc9g~\xf5s|\xfe\xf7\
/\xf3\xf4\xdb\x1e\xe6U_w?\x9d\xf90,\x98\x14\
og\x1c\x16\xbcb\x8e\x87\xbe\xf3Q\xd6\xfeh\x95k\
\xef\xbdB\xff\xf3\xbd\xf1\xe3\xf5\x8d\x09#\xb2\xa0\x04\x9c\
G\xbcSN\x80*\xc6\xa0\x95\x16@\x99\x03[\xd3n\
\xc5\x1d\x83\xc8\xe2k2\x1c\x03\xb6\x8aM,\x161\xae\
!\xb4\xd9\x10\x8df\xdd{\x8f0\xd6\x0c\x09\xf4n\xbd\
0\x0c\xa5\xc2\x0emg\xd84\x15\x86\xbd\x87{\x09\xf4\
h\x0f\xbf\xe3\xc47\x81\xdcd{\xa5\xac\xa0c\xa0w\
\xa1\xcf\x07\x7f\xea\x13\xbc\xf8\x81\x8b\xbc\xf6\x1d\x8f\xf3\xd0\
k\x97\x11\x7f4\xc3\x823\xaf=\xc3\xe2\x13\xa7\xb8\xf6\
\xbek\xd09\x04\x8dw\x18\xff\x8b\xb8\x90\xc1\xe4t\x16\
\xc0N\x96\xc0t\xc2\x18\xe4\xc0e\xe0\x0b\xa7\xdd\x92\xdb\
\x1f#\x0cr\xbe\x07\xae\xc0X\xd10\xe1\xe8.24\
z\xa2\xa1\xee\x9caZ\xef\xa0L\xc2\xcc\xc20\xc5\xb5\
2\x0f5\xbdp\xb2\xc3#\xb7\xdb\x9b\xde4\xdd\x87\x18\
\x05G\xea\x10\xdd\x8a\x92h\x97\xe3v\xeb\xf9ET\xf1\
\x18Ar \x03cg\x02\xc7\xa0p\xe5\xe3W\xf8\xad\
go\xf0\xd8W?\xc0\x17\xfd\x99GY~hV\x87\
\x05\x93J\xa6\x0c\xc3\x82l.\xe3\x9e\xb7\xdc\x83\x94\xfa\
8\xc7\xf9]\x8d1U\x1e@5\x13@\xa0jk\xaf\
\x0f\xa0\x97\x03\xe7\xa7\xdd\x8a;\x07\x0d\x9f\xbe\x0c\x10q\
\x18\xc9\x09acU\xaa\xaa1\x0d\xb6\xdaX\x06\xcc\xc4\
\x0a6\xae\x1eg\xfaR\xd7%\xacc*\xb2\x91\xc8\x01\
\x1c\xaf\xa7\xb0;\xd9~\x87\x84\xb5\xd9[\xd5\xfb\xeb)\
\xbf\x9d\x14\xdf;\x14Jd\xc5!f=\x86\x9e\x91\x12\
\x91\x12(\xc3v\x17\x9e\x81\xf2\x1a\xca\xc0+;p\xe7\
\x1e\xf2\xce\xbd\x18\x99'\xcf,2(y\xf6\xbf\xbc\xc4\
\xf9g\xae\xf2\xeao~\x84W\xbd\xf9\x15\xcc,X\x8a\
\x09\x0f\x0b\x0e}\x8e\x10\x03 ^\xcb\xc0\xe1\x1d\x94\x0e\
\xd3\xee|\x80\xad\xa4\x00\x8e\x15\xcd\x1e\xb9@X\xc7\xc9\
\x02B\x0f!v?%B\xac \x5c\x22\x14\xa8i\xd9\
\x8c4kZ\x03Ai`Bt\x91\xc1\xc4i\x04b\
A\xd1Z\xe0!\x03\xa9\xd7\x87\x9c\x84C\xce\x02S\xb5\
T?\x04\xb6\xdbjz \x0a\xb6\x83\xaa\xbd\x85\xae\x8b\
S\x81'*\xa8\xbe\x0a\xb9\x14z\xdfR \x94\xe1\xba\
\xb1\xcd9\xc6\xcd\xe0\x8ak\xb8\xeeU\xf2\x99\xfb\xc9\xb2\
\xbb0f\x96Nn\xe9]\xd9\xe4\xf7\xff\xe9'y\xe9\
\xfd\x97x\xcd;\x1e\xe7\xe1\xd7\x9d\x9d\xf8l\xc1\xa1\x7f\
\xddh\x01x\xa7\xf5\x1f\xb7\xfb\xb5\x05\xd0Nl$\x05\
0\x15(W\xdcv\xf1a\x0cyC\x18\x1a\xdc\xfb\x98\
\xe0\x95\xae\x0bh\x04\xfe]t\xf66\x0awV\x7fO\
\xa2\x031\x0b\x0c8\xb6\xf1\xeeEotd\xbfS\xe7\
\xd4\x10\x99e\x15\xce\xda\xb4T\x82\x80S\x82\x94\xb5\xc0\
W\xc2\xdd\x14\xeaA\xdd\xcb\x8f\x1e[y\xc8kEf\
\xc8\xb1f\x01kO\x01sJ\xa5\xe5\x06Ho\x1b_\
\xac`\xbbw\x93w\xef#\xcb\x96\xb1v\x0e\x9b\x19\xae\
\xfe\xd15~\xeb\xb9\x1b<\xf6U\x0f\xf0\x9ao}\x8c\
\xe5\x87g)\x07-\xe1X\x11\x17,\x80\xf0W\x94\x90\
\xb5:\xd6n=\x07^\x22\x05\x03\x1d#jS\xd9\xb3\
\x11\x04;\x16\xe5\xb0\xa1\xf7\xd6\x9fC\xc2\xd24x\xeb\
\xd4\x0c\xd70\xd3\xe1\x8ee\xa4.@\xb4\xdb+\x81\xde\
-\x07\xc1\x859\xffhm\xb8\x86\xa0\x86^<\xf6\xec\
C\x02\xed\xc2\xd0\xc4\x05\x0b\xc1\x8f\x9c\x7f\xf4:\xbb;\
\x15\x85\x02'7\xf0n\x0bk\x16\x83\x22\x98\xd1k\x96\
%\xe27U\x11\xcc\xdcE\xde\xb9\x97,[&\xcbf\
\xa1\xf4<\xf7\xeb/q\xfe\x99+\xbc\xfa\xed\x8f\xf0\xaa\
\xaf\x7f\x90\xd9\xc5l\xa2\xc3\x82\x83B]7^\x9f\x93\
\xe8\xf31\xd6\xb4}\x1ap5\x07.\x007\x80\xe5i\
\xb7\xe6\x8e\x81\xf8\xca\xeb.\xe21X\xc4\xa8\xf7I4\
\x8c/\x1cX/G\xe3\xc9\xaa\x94\xd3*>\xb0)|\
MG\xa0o\xf8\x08\x82\xc0J\x14\x5cGMS\xde\x14\
\xe6\xe6yvS\x1c{M\xfb\x99\x9b\xecg\x8f\xef\x80\
0\xc0\xc9\x0a\xdem`\xed)\xacY\xc43\x07\xbe\xc4\
J\x89\xb8-|g\x95\xac{\x8e\xacs7\x99=C\
'\x9f\xa3\xbf\xd2\xe7C?\xfd)\x1d\x16|\xc7\xe3<\
\xfc%w\x01\xe0\x06\xc7\xfbsF\xeb\xad\x22\x03\x11\xaf\
\x11\x92\x91\x1a\xbc\xbd8\x1f\x15\xc0\x0aI\x01\x1c#L\
H\x19\xed\x01\xe8\xdc\xbf4\x1dj0<w\xdc\x8c\xa3\
W\xc1\xad\xb7\x04!\xc77\x1cpU01\x0c\x05\xb7\
\x1f$\xaaf7\xbf\xc0\xd1=\x0fm\xef\x00\xe7W\xf0\
\xacc\xed\x12\xd6,\xa9G\x1d\x87\x19\x0c\x90r\x03\xd7\
\xb9\x86\xed\x9e%\xcf\xef!\xcb\x96\xe9\xe4\xb3\x5c\xfb\xf4\
*\xef\xfa\xe1\x8f\xf1\xe8\x9b\xee\xe35\xdf\xf68g\x1f\
\x9d\xc3\x0d\xc2\xe4\xcaqBD\xc7\xff\xe2\xeb1I\xbb\
S\x82_\xca\x81\x97\x81\xab\xc0\x13\xd3n\xcd\x9d\x03\x01\
\x06\xf8\xa1\x0a\x1c\xc3^\xf4a\x96:?\xf2\xdd]\xaa\
x\xec\x09\xb3\xc7\xe76\xa2\xa9\x08\xae\x05Ep\x8a\x8c\
%0s\xca\xee\xdb\xef!\xe5\x06\xbe\xbbB\xd6\xb9\x8b\
,\xbb\x8b,;\x03~\x8e\xcf\xbe\xf3\xf3\x9c\xff\xe85\
^\xfd\xf6Gx\xea\x1b\x1ed\xf6T\xa6\xd3\x86G:\
,\x08S~\x15/`\x08\xe5\x8c!\x8cy\xab-\x80\
\xe7c(\xf0\x85i\xb7\xe4NB=%v\xb3\xe8\x98\
&n&\xb8m\x17\xeaq\x10\x15A\x1f\xe7\x07x\xd6\
\xb0v\x89\xcc\x9c\x06\x1c\xe2\x0a\xccv\x1f)6q\xdd\
\xebd\x9dsd\xd9Y\xf2\xfc\x0c\x83U\xf8\xf0\xcf|\
\x86\x17\xdf\x7f\x89\xd7~\xc7c<\xf2\xa5wk\x06\xe6\
1\x0c\x0b\xea!@\xc3\x0a\xc8[\xed\x04|1\xb6\xee\
\xd3\xd3n\xc9\x9d\x85\x09%\xd2\xdf\xf6hZ\x04Wk\
E\xc0i\x8dK(\x1d\xa6\x1c@g\x0b?\xb3\x8a\xcb\
\xcf\x90\xd9s\xe4\xf9\x19\xae?\xe7\xf9\xed\xff{\x9d\x87\
\xbf\xfc^^\xfb\x8e\xc79\xf7\xd8\xfc\x91\x0e\x0b\x94\xe9\
MgM\xaad\xa0\xd25b.Z\x87\xeb\xc0\x85\xa8\
\x00\xfep\xda\xadIH\xd8\x1b\xbb)\x82\xd3d\xe6\xac\
\xd2-\x16\x1b\x18\xd7G:\xdb\xf8\x99-\x9c\xac\x92e\
\xcb\x189\xc3\x0b\xef>\xcf\xc5\x8f\xaf\xf0\xd4[\x1f\xe6\
\xa9oz\x90\xb9\xd39\xe5!\xc2\xfewG\xa4\x19\xf7\
\xaaa\x22)H\xbf\x1fB0Z\xa9\x00\xce\xd3P\x00\
\x9f\xa6\xc5\x19\x0b\x09\x09\x8a\xa6\x22\xb8\x82g\x8d\xcc\x9e\
\xc6\xdae\xac_@\xfa70\xe56\xd2\xdd\xc0w6\
\xb0\xf9\x1a\x99=\xcb`m\x89\x8f\xfc\xdc\xa7y\xf1w\
/\xf3\x9ao\x7f\x8cG\xbf\xecn\xac=\xfc\xb0`\xd4\
m[;\x01] \x05\xe9cf\x83\x93\xb7}\xf8,\
!\x14\x184\x16\xe0\x22p\xff\xb4[\x95\x90pk\xd4\
>\x82\xd2_\xc6\xf8U\xac=Cf\x97\xb1n\x0e\xd9\
.1\xc56\xd2\xdd\xc6w7\xc9\xb2S\xd8\xec\x0c+\
\xcf\x0dx\xf7\x8f\xdc\xe0\xc57\xde\xcfk\xbe\xfd1\xee\
zra\x82\xc3\x02SE\x01\x12\x94\x00\xde\x85R\xec\
\xadT\x00\x1f\x86\x9a\x12\xec\x0a\xaa\x11\x92\x02H8A\
hZ\x04\x97\xf1~U\x95\x80Y\xc6\x96>\xf00\xf6\
p\xddm|w\x1bk\x17\x10Y\xe2\xf9\xf7\xf4\xb8\xf0\
\x07Wy\xd57>\xc2\xab\xdf\xfa\x10\xf3\xcb\x93\x18\x16\
\xe8\xd4\xae\xf8R\xc3\x80\xc5\xd5I@;L\x85V\xe0\
w\xa1V\x00\x02|\x08x\xd3\xb4[\x95\x90pp\xd4\
\x8a\xa0\xf4\x970\xac\x92\xd93d\xf6\x1e\xec@\x90\xb2\
P\x8b`\xe6\x14\xbe\xb3\x8d\xcd6\xe9\xadm\xf2\xcc/\
\xac\xf3\xd2\xef]\xe2\xb5\xefx\x82G\xdfx7\x99\x85\
\xf2\xa0\xc3\x820mk\x22\x9bP$\x1c\xf0!Z2\
\x0bI^\xe2h\xd1\x08\xfb\x1a\xf0)\x80\xec\xf4\xd9\x07\
\xe2\xc6y\xe0;\xa7\xdd\xb2\x84\x84\xf1\x11\x83\x96J\xbc\
l\xe2\xfd\x0d\x84\x02C\x86\xf5\x06J\xcdY\xc0z\xc4\
\x0e\xb0\xd9\x80\xed\x95m^\xfc\xbdk\x5c\x7f\xa9\xc7\xd2\
\x03\x8b\x9c\xba\xb7K\xa3\xcc\xdfMas\xd8X\xe9\xf3\
\xfcG/A\xe6)6/\xe1\xfa\xeb\x88/\x10\xd7\xc7\
\x17\xdb\xf8S\x1d\xb8zIi\xc2\xdb3\x14\xf88\xf0\
\xa3\xa0Y\xd8\x11\x1f\x03\xd6\x80\xa5i\xb7.!\xe1p\
h\xfa\x08\xce\xe3\xfc52\xbbL.\xf7b\xb7K|\
Q`f\xe6p\xdd\x01&\xefa\xa4\xc7\x0b\xef\xdb\xe0\
\xc2\x1f^\xe4\xa9ox\x9c\xa7\xdf\xf6\x08\xf3g\xf77\
,\x10\xef)\x07\x9b\x18J\x5c\xb1\x81\x94\xbd\xda\xa9 \
^y\x01m\x06\xb4(m\x11>H\x88.kZ\x00\
7\x80\xb7\x03\x0fM\xbbu\x09\x09\x93A\xd3\x22X\xc7\
\xf9\x15\x84>\xc6[L)\xe0\x027A&\x98\xac\xc0\
\x0d69\xff\xf1\xab|\xfe\xa3\xabt\xe6f9\xfb\xc8\
\x22Ygo'\xa1\xcd`c\xb5\xcfg?\xf22H\
\x9f\xde\xda\x7f\xa5\xdc\xbc\x14\xa6\x02\x0b\xa4\xec\xe1O\xcd\
\xc2\xcae(\x06m\xb2\x00\xfe\x0fB\xecOS\x01\x08\
\xf0$\xc9\x0f\x90p\xdb!*\x02\xa7\x8a@\xae#\xf4\
0\xcebK\xabN;\xe3\x94\x93%/\xd8Z\xd9\xe0\
\xc5\x0f^b\xe5\xc5-\x96\xee_b\xe9\xbe.\xb0\x93\
\xa0\xd4Z\xd8X\x1f\xf0\xd9\xf37 \xf3\x0c\xae\xbc\x80\
[\xbf\x88w\x03|\xb9\x85\x94=d\xb6\x03\x1b\xd7\xa1\
\xd7o\x8b\x02\xb8\x06\xfc\xaf\xa8\xb5?\xa4\x00@\xd3\xc3\
\xfe\x02-\xf2V$$L\x0e\xa3\x8a`\x05\x91\x1e\xc6\
\xe5\x98\xd2\x04\x93]09\x18[\xb0\xf2\xd2\x0a/|\
\xe0\x22\x83\x0d\xc3\xd9G\x97\x98=\x9d!\x0d\xca\xb0\xac\
\x03\xd7_^\xe1\x93\xbf\xf1!:w\x9f\xa6?WP\
l\x5c\x81\xcd5d\xb0\x85/\xb7 7\xeaY\xdc\xda\
lKj\xf0{\x80\x7fT\xdd\xc3\x88\x02\xb8\x0e|\x17\
)30\xe1\xb6FS\x11\xac\xe1\xe4*\xe2\xb71\xa5\
Z\x04\x88@f\xb0]\x8f/\x06\x9c\xff\x83K\xbc\xfc\
\x91\xab\xe4\xb33\x9c}t\x89\xbc\xabV~\x96\xc3\xea\
\xa5U>\xf6\xab\xef\xa4\x5c\xbd\x80\xbfq\x19?\x0b\x9c\
;\xa3B\xbf\xbe\x06\x9dP{gs\xa3-\x0a\xe0\xc7\
\x81\xdf\x8b+\xa3\x0a\xa0\x0f\xbc\x1a\xf8\xe2i\xb72!\
\xe1\xe8\x11\x15A\x81\x97\xeb8\x7f\x05\xf1\x9b\x98\xc2`\
\x5c\xa0U\xcb\x0d\xb6\xe3\xd8^\xdd\xe2\xa5\x0f\x9e\xe7\xea\
\xf3\x1b\x9c\xbaw\x9e3\xf7\xcf\x91ep\xfd\xe2\x1a\x9f\
x\xef38\xd6\xf0\x1b\xd7\xe0\xf2y\xe8\xf5\xe0\xdc9\
8s\x1a\xf0\xb0\xbd\x09[[mP\x00[\xc0\xdfB\
\xb3\x7f\x81\x9d\x0a\x00T\x09\xfc\xf9i\xb74!\xe1\xf8\
\x10\xb9\x15\x0b\xbc\xac\xe2\xfce\xc4m`\x06\x82-s\
\x8c\xcd1]\x83\xc9J\xae\x7fn\x9d\xcf\xbc\xef\x19\xd6\
W\xcfs\xef\x17<\xc4`\xcb\xf1\x87\xef\xfc \xa6#\
\xca5>\xd8\x82\xde6\x5c\xbb\x16\xe6\xfe\x05\xae]\x09\
$0S\x1fY\x7f\x10\xf8\x11\x1aaI\xbb)\x80\xab\
\xc0w\x00g\xa7\xdd\xda\x84\x84\xe3ET\x04%^V\
)\xfdE|y\x03;\xc8\xb0~\x06\xf2\x9c\xac\x9bS\
\x14Wy\xe1c\xef\xe5\x85\x8f|\x8a\xfe\xd6\x16W^\
x\x01\xacz\xfe\xe9o\xd6\xc4,\x9b\x9b\xb0\xb6\xda&\
\xe6\xd2\x7f\x00|\xa0\xb9a/\x0b\xe0\x0b\x80/\x9dv\
k\x13\x12\xa6\x83\xdaG\xe0d\x95\xd2\x9dG\x8aU\xcc\
\xc0\x92\x99E$\xeb\xe1:W\xd9X\xb9\xca\x85\xcf|\
\x1akK\x0d0*\xfb\xd0[\xaf\xc3\x80#A\x88\xbb\
\x19\xf7\xc3\xb1a\x0d\xf8\x9fP?_\x85\xbd\xd8\x0a~\
\x01\xf8\x01\x94r6!\xe1\x0eE\xac\x8b\xd0c\xe0\x9f\
\xa3\xe8\xbdL\xa7x\x11\xd3\x99Gf\xaeb\xe7\x16\xc1\
\xe4\x88\xef\x039\x94\x05\x0c\xb6\x09u\xcf\xdbF\x07\xfe\
n4\xdfg\x08{)\x80\x0f\xa2\xd9B\xc9\x0aHH\
\x08\x84\xd9B\x9f\x81\xfb\x14\xc6u\xa1\xe7`{\x16\xe6\
\xcf\xc0\xec\x12d\x12r\x00\x0a\xed\xf1#\x11H(\xdd\
>}\x03\x80\x9f\xd9\xfb\xcev\xa2\xdc\xeb\x0b\x09\x09w\
.\xb4\xc8\x8a\x16k\x11\xe8o\xc1\xea\x05\xb8\xfe2\xf4\
6\xf5\x10\x09\xa4 \xae\xd4!A9h\x83%\xf0\x1c\
\xf0\xeb{\xdd\xd1^\xf8%\x94# !!a\x08#\
\x95\x95{\xebp\xeds\xb0~%\x84\x01;\xad\xf2T\
\x11\x84N]\x01\xfc,\xb0\xbe\xdb\x8e\x9b)\x80\xcb\xc0\
/N\xbb\xe5\x09\x09\xad\x87\xb1j\xfao\xae\xaa\x1f\xa0\
]\xb8\x01\xfc\x8b\xbdv\xde*2\xe1'\x81\xcdi\xdf\
ABB\xfba\xda0\xcf\xbf\x1b~\x09xq\xaf\x9d\
\xb7R\x00\x9f\x04\xfe\xdd\xb4\xef !!a,\x0c\xd0\
\xd0\xdf=\xb1\x9f\xd8\xc4\x1f\xa5e\xc9\xcc\x09\x09\x09\xfb\
\xc2\xbfEy>\xf6\xc4~\x14\xc0\x87\x80_\x99\xf6\x9d\
$$$\x1c\x08}\xe0\x87ou\xd0~\xb3\x13~\x98\
d\x05$$\x9c$\xfck\xe0\xa3\xb7:h\xbf\x0a\xe0\
#\xc0\xbf\x9c\xf6\x1d%$$\xec\x0b\xdb\xec\xa3\xf7\x87\
\xfd+\x00\x80\xbf\x0b\xacN\xfb\xce\x12\x12\x12n\x89\x9f\
\x04\xfeh?\x07\xee\x96\x0c\xb4\x17\xae\x033\xc0\xd7L\
\xfb\xee\x12\x12\x12\xf6\xc4y\x94\xd5kc?\x07\x1f\x94\
\xa1\xe0\xc7\x80g\xa7}\x87\x09\x09\x09{\xe2\xff\xe4\x00\
\xd5\xbe\x0f\xaa\x00n\x00\xff\xcb\xb4\xef0!!aW\
|\x08\xf8\xa9\x83|a\x1c\x8e\xa2\x7f\x05\xfc\x87i\xdf\
iBB\xc2\x10\x1c\x9a\xef\xdf?\xc8\x97\xc6Q\x00\x02\
\xfcMF\x88\x05\x12\x12\x12\xa6\x8a\x9f\x00~\xe7\xa0_\
:\x88\x13\xb0\x89kh\x8e\xc07M\xfb\xae\x13\x12\x12\
\xf8\x14\xca\xe3\xd9;\xe8\x17\x0fCS\xfa\x8f\x81\xff<\
\xed;OH\xb8\xc3\xe1\x80\x1fd\xcc)\xfa\xc3(\x00\
\x07\xfc5\x0e\xe0qLHH\x988~\x04x\xe7\xb8\
_>,Q\xf9\x0b\xc0_\xa7\x0d\x84G\x09\x09w\x1e\
\xde\xc7!g\xe5\xc6\xf5\x014\xf1\x09\xe04\xf0\xc6i\
?\x8d\x84\x84;\x08W\x81?\x03\x5c:\xccI&U\
\xaa\xe4o\xa1\xac\xa3\x09\x09\x09G\x0f\x0f|?\xea\xfc\
;\x14&\xa5\x00\x06\xc0\xf7r\x13\xe6\x91\x84\x84\x84\x89\
\xe1\xef\xa0\xb9\xfe\x87\xc6$\x8b\x95\xbd\x88\xc6 oO\
\xe1\x81$$\xdc)\xf8E\xe0\x7f\x9f\xd4\xc9&]\xad\
\xf0w\x80\xbf\x88\x9a(\x09\x09\x09\x93\xc5\xbb\x81\xbf\xcc\
\x04\xe5k\x12N\xc0Q\xfc\x11j\x05\xbc\xe5\xf8\x9eK\
B\xc2m\x8fO\x02\x7f\x1aX\x99\xe4I\x8fB\x01\x00\
\xbc\x1f8\x03|\xd9Q?\x95\x84\x84;\x00\x17\x80o\
A\x0b|L\x14G\xa5\x00\x00~\x03x\x04x\xed\x91\
=\x96\x84\x84\xdb\x1f\xd7\xd1\xe9\xbe\x0f\x1d\xc5\xc9'\xed\
\x03h\xc2\x03\x7f\x85T\x5c$!a\x5c\xac\x03\xdf\x81\
\x06\xfc\x1c\x09\x8eR\x01\x80\x12\x89\xfe\x054\x858!\
!a\xffX\x07\xde\x01\xfc\xe6Q^\xe4\xa8\x15\x00h\
\x8c\xc0\x7fC\x22\x15MH\xd8/V\x81o\x05~\xed\
\xa8/t\x1c\x0a\x00\xea@\xa1\xff\xf7\x98\xae\x97\x90p\
Rq\x01x;G\xdc\xf3G\x1c\xa5\x13p\x14\x1e\xf8\
O@\x0e|\xd5q]4!\xe1\x04\xe1\xd3\xe8T\xdf\
\xef\x1f\xd7\x05\x8fS\x01D\xbc\x0b\xd5r\x7f\x0aU\x06\
\x09\x09\x09\xf0^\xd4\xec\xff\xf4q^\xf4\xb8\x86\x00\xa3\
\xf8I\xd4\xc1qmJ\xd7OHh\x13~\x01e\xd7\
z\xe9\xb8/<-\x05\x00\xf0\x1f\x81\xaf\xe5\x88\xe67\
\x13\x12N\x00J\xe0o\x03\xdf\x83z\xfd\x8f\x1d\xd3T\
\x00\x00\x1f\x07\xde\x0c\xfc\xec\x94\xdb\x91\x90p\xdc\xb8\x0c\
|;Zqkj\xb93\xd3\xf0\x01\x8c\xa2\x8fV\x1f\
^\x03\xbe\x02\xe8N\xbbA\x09\x09G\x8cw\xa1\xc2\x7f\
d\x01>\xfb\xc5\xb4-\x80&\xfe\x01j\x0d\xa4!A\
\xc2\xed\x8a\x01\x9a\xca\xfbM\x1c\xb3\xb3o/\xb4\xc1\x02\
h\xe2\xf3h\xe8\xf0\x1c\xf0%\xb4KA%$\x1c\x06\
\x9f@\xa9\xbb\xff9:\xf6o\x05\xda(`\xeb\xc0\xdf\
\x00\xde\x06\xfc\xe1\xb4\x1b\x93\x90pH\x14\xc0\x8f\x02o\
\xe2\x98\x82{\x0e\x82\xb6Y\x00M<\x87N\x8fx\xe0\
u$\xdf@\xc2\xc9\xc3\xef\xa1\x11\xb0\xff\x841\x8av\
\x1c\x07\xdah\x014\xb1\x0a\xfc\x10\xf0\x95\xe8\xb4aB\
\xc2I\xc0%\xb4N\xdf\xd7\xa0\x0e\xbf\xd6\xa2\xed\x0a \
\xe2\x19\xe0\x9b\xd1\xe0\xa1g\xa6\xdd\x98\x84\x84=\xb0\x09\
\xfcC\xe0\xf5\xc0\xdf\xe7\x04\xf0c\x9e\x14\x05\x10\xf1K\
\xe8X\xea\xbf\xe3\x08\xd8Q\x12\x12\xc6D\x01\xfc\x1c\xf0\
\xe5\xc0\x7f\x0f\xbc<\xed\x06\xed\x17m\xf6\x01\xec\x85\x02\
\x9d*\xfc9\xe0\x22\xf0\x04pn\xda\x8dJ\xb8#\xd1\
\x07\xfe\x0dJ|\xf3\x13\x1c\xb2H\xc74`\x1e~\xf2\
\xf5\xd3n\xc3aq\x1a\xf8N\xb4P\xc2\xeb\xa6\xdd\x98\
\x84;\x02\xd7Q\xc1\xff'\x9c\xf0!\xe9\xed\xa0\x00\x22\
\xbah\x86\xe1\xf7\xa1\x8c\xc4\xf3\xd3nP\xc2m\x87\xcf\
\x00?\x8f\x86\xae??\xed\xc6L\x02\xb7\x93\x02h\xe2\
\xd5\xc0w\x03\xdf\x06<5\xed\xc6$\x9ch\xac\x01\xbf\
\x8d\x0e9\x7f-\xac\xdf6\xb8]\x15@\xc4\x02\xea\x98\
\xf96\xe0\xeb\x80'\xa7\xdd\xa0\x84\x13\x81M\xe0\x83h\
\xf9\xad_G{\xfe\xdb\x12\xb7\xbb\x02h\x22V0\xfe\
\x16t&\xe1i\xc0L\xbbQ\x09\xad\xc1e\xe0\xa3(\
k\xd5o\xa2\x858n{\xdcI\x0a\xa0\x89YT\x01\
|\x05j\x19\xbc\x9ad\x1d\xdciXE{\xf6\x0f\xa2\
\x02\xff\x0c\xf0_\xa7\xdd\xa8\xe3\xc6\x9d\xaa\x00Fq\x06\
U\x00_\x84V3z\x1ax\x10x\x80D[v;\
\xe0:\x9ah\xf6<\xf0a\x94s\xefYR,IR\
\x007\xc1\xdd\xc0\xfd\xa8\x12x\x02x\x0cx\x18\xb8\x0b\
X\x02\x16\xd1\x99\x86y`\x06\xe8\x00\x19Ia\x1c5\
<\xe0\xd0\x8c\xba\x01\x1am\xb7\x0dl\xa0\x89d7P\
a\x7f\x09\xf8,Z\xb5\xfa\x22p\x1e\x9d\xb7Oh\xe0\
\xff\x07\xb9\x1f\xe1\x0d(\xde/\xe3\x00\x00\x00\x00IE\
ND\xaeB`\x82\
"

qt_resource_name = b"\
\x00\x06\
\x07\x03}\xc3\
\x00i\
\x00m\x00a\x00g\x00e\x00s\
\x00\x0b\
\x0cj,G\
\x00r\
\x00e\x00f\x00r\x00e\x00s\x00h\x00.\x00p\x00n\x00g\
\x00\x09\
\x0b\x85\x83\x07\
\x00c\
\x00l\x00e\x00a\x00r\x00.\x00p\x00n\x00g\
\x00\x08\
\x08\x01A\xff\
\x00m\
\x00a\x00i\x00n\x00.\x00i\x00c\x00o\
"

qt_resource_struct = b"\
\x00\x00\x00\x00\x00\x02\x00\x00\x00\x01\x00\x00\x00\x01\
\x00\x00\x00\x00\x00\x00\x00\x00\
\x00\x00\x00\x00\x00\x02\x00\x00\x00\x03\x00\x00\x00\x02\
\x00\x00\x00\x00\x00\x00\x00\x00\
\x00\x00\x00F\x00\x00\x00\x00\x00\x01\x00\x00\x13\xfe\
\x00\x00\x01\x89\x9b\xc9\xe8\xf8\
\x00\x00\x00.\x00\x00\x00\x00\x00\x01\x00\x00\x0aH\
\x00\x00\x01\x89\x9b\xc9\xe8\xf7\
\x00\x00\x00\x12\x00\x00\x00\x00\x00\x01\x00\x00\x00\x00\
\x00\x00\x01\x89\x9b\xc9\xe8\xf9\
"

def qInitResources():
    QtCore.qRegisterResourceData(0x03, qt_resource_struct, qt_resource_name, qt_resource_data)

def qCleanupResources():
    QtCore.qUnregisterResourceData(0x03, qt_resource_struct, qt_resource_name, qt_resource_data)

qInitResources()
