# Resource object code (Python 3)
# Created by: object code
# Created by: The Resource Compiler for Qt version 6.5.0
# WARNING! All changes made in this file will be lost!

from PySide6 import QtCore

qt_resource_data = b"\
\x00\x00\x0aD\
\x89\
PNG\x0d\x0a\x1a\x0a\x00\x00\x00\x0dIHDR\x00\
\x00\x00,\x00\x00\x00,\x08\x06\x00\x00\x00\x1e\x84Z\x01\
\x00\x00\x00\x09pHYs\x00\x00\x0b\x13\x00\x00\x0b\x13\
\x01\x00\x9a\x9c\x18\x00\x00\x06\x0eiTXtXML\
:com.adobe.xmp\x00\x00\
\x00\x00\x00<?xpacket beg\
in=\x22\xef\xbb\xbf\x22 id=\x22W5M\
0MpCehiHzreSzNTc\
zkc9d\x22?> <x:xmpm\
eta xmlns:x=\x22ado\
be:ns:meta/\x22 x:x\
mptk=\x22Adobe XMP \
Core 5.6-c145 79\
.163499, 2018/08\
/13-16:40:22    \
    \x22> <rdf:RDF \
xmlns:rdf=\x22http:\
//www.w3.org/199\
9/02/22-rdf-synt\
ax-ns#\x22> <rdf:De\
scription rdf:ab\
out=\x22\x22 xmlns:xmp\
=\x22http://ns.adob\
e.com/xap/1.0/\x22 \
xmlns:dc=\x22http:/\
/purl.org/dc/ele\
ments/1.1/\x22 xmln\
s:photoshop=\x22htt\
p://ns.adobe.com\
/photoshop/1.0/\x22\
 xmlns:xmpMM=\x22ht\
tp://ns.adobe.co\
m/xap/1.0/mm/\x22 x\
mlns:stEvt=\x22http\
://ns.adobe.com/\
xap/1.0/sType/Re\
sourceEvent#\x22 xm\
p:CreatorTool=\x22A\
dobe Photoshop C\
C 2019 (Macintos\
h)\x22 xmp:CreateDa\
te=\x222020-07-15T1\
8:38:16+09:00\x22 x\
mp:ModifyDate=\x222\
021-01-18T11:21:\
23+09:00\x22 xmp:Me\
tadataDate=\x222021\
-01-18T11:21:23+\
09:00\x22 dc:format\
=\x22image/png\x22 pho\
toshop:ColorMode\
=\x223\x22 photoshop:I\
CCProfile=\x22sRGB \
IEC61966-2.1\x22 xm\
pMM:DocumentID=\x22\
adobe:docid:phot\
oshop:e1368171-2\
595-004e-8d12-b3\
746fc126fe\x22 xmpM\
M:InstanceID=\x22xm\
p.iid:efb00b68-5\
fc3-4cc3-8dc2-dc\
bb20ee6981\x22 xmpM\
M:OriginalDocume\
ntID=\x22adobe:doci\
d:photoshop:b317\
4471-6a56-ec44-b\
c92-8c2516524b9f\
\x22> <xmpMM:Histor\
y> <rdf:Seq> <rd\
f:li stEvt:actio\
n=\x22created\x22 stEv\
t:instanceID=\x22xm\
p.iid:89457940-3\
ce1-461a-af8a-44\
98cdc2e3ac\x22 stEv\
t:when=\x222020-07-\
15T18:38:16+09:0\
0\x22 stEvt:softwar\
eAgent=\x22Adobe Ph\
otoshop CC 2019 \
(Macintosh)\x22/> <\
rdf:li stEvt:act\
ion=\x22saved\x22 stEv\
t:instanceID=\x22xm\
p.iid:efb00b68-5\
fc3-4cc3-8dc2-dc\
bb20ee6981\x22 stEv\
t:when=\x222021-01-\
18T11:21:23+09:0\
0\x22 stEvt:softwar\
eAgent=\x22Adobe Ph\
otoshop CC 2019 \
(Macintosh)\x22 stE\
vt:changed=\x22/\x22/>\
 </rdf:Seq> </xm\
pMM:History> </r\
df:Description> \
</rdf:RDF> </x:x\
mpmeta> <?xpacke\
t end=\x22r\x22?>\xeb\xc9\xbe\xf9\x00\
\x00\x03\xdcIDATX\x85\xed\xd9_\x88UU\x14\
\xc7\xf1\xcf4c3R\x90\x89Y\x10\xbd4ddN\
\x82\x11\x16LA\x7f \x09\x8az)\x9b D\x1f\x8a\
()\x1c\x84\x12\xa6&\xad\x17\xa9\xa1^\xa2H\xb2$\
\xec\xc1\x87$b\xc2\xb2\x97\x92\xf2%\xcd\xb1!5\xfa\
3\x12T4\x95aX6u{X\xfb6\xc7\xd3\xfd\
?\xf7\xdeA\xe8\x07\x97u\xee\xde\xfb\xec\xfd=\xe7\xac\
\xbd\xcf^\xebt\x14\x0a\x05\xa7\x93\xce\x98m\x80zu\
\xda\x01w\x15\x0f\xc6\x1f\x99Q?\xe7\xa0\x13?Uh\
S\xab\xefu\xe4\x0b\x16\x8fL\x1f\xcf\xe4\x0e_\x86\xa7\
p\x00?c\xcd\x0c\xfa\xaaY\x8d\x00\xf7\xe3=|\x86\
\xc7\xd0\x87\xdf1\xb7\xce~\xde\xc1\xe5\xe2\x8ef\x7f\x15\
U\x0f\xf0\xf9x\x03\x1f\xe0F\xfc\x86\x17q\x93p\x89\
'\xeb\xe3\xb5\x02\x9f\xe0\xe1zN\xaa\x15\xf8z\xec\xc7\
]8\x8ea\x5c\x88\xfb\xb1\x1b\x7f\xd61\xe6\xcd\xd8\x97\
\x8e\xbb1\x82-8\xb3\x96\x93k\x01\xbe\x17\xbbp\x81\
p\x85%x\x02\xbf\xd6\x01\x99\xd5.\x5c\x89\xfb\xc4\xc5\
\xc3j\xecT\x03t5\xe05\xd8*V\x93g\xc4c\
\xfc\xa6A\xd0\xac\x0ax\x09W\xe1H*[\x81WT\
\xf1\xe3J\xc07\x08\x1f\xed\xc0\xd3\x18\xc4_3%\xcd\
\xe9s\x5c\x87\xb1\xf4\x7f\x00\xeb+\x9dP\x0ex!\xb6\
\x8b\xb5u364\x09\xb0\x94\xbe\x13s\xa4x\xa77\
bi\xb9\xc6\xe5\x80\x9f\x17\xd0\xbb\xf1h3\xe9\xcah\
\x12\xb7\x8by1\x07/(\xe3\x1a\xa5\x80\xfbM\xaf\x06\
\xab5\xcf\x0d\xaa\xad\xb3\xe3x \x1d_\x83;J5\
*\x05<\x9c\xecfL4J\xd7\xa0^\xc7\xbb\xe9\xb8\
\xa4/\xe7\x81\x17\x0b\x7f:\x8e\xe7Z\xc7UQ\xeb\xc5\
*\xb2\x1c\xcb\xf2\x95y\xe0\x01\xf1\xd8\xb6\xe1X\xcb\xd1\
Jk\xbfX\xefae\xbe2\x0f|[\xb2;Z\x08\
T\x8b\xb6&{K\xbe\x22\x0b<_\xbc\xc5N\xe0\xc3\
\xd63U\xd4\xdb\x98\x12.\xba [\x91\x05\xee\x13\xee\
\xb0\x0f'\xdb\x86VZ\xc7pP\xf0,\xc9Vd\x81\
/N\xf6\x8b6AU\xd3x\xb2\x17e\x0b\xb3\xc0\xc5\
[\xffC[p\xaa\xeb\xdbd\xcf\xcd\x16f\x81;\x93\
\x9dj\x0bNu\x159\xce\xca\x16f\x81\x8b~;\xa7\
-8\xd5U\xdcj\x9e2\x9f\xb2\xc0\xc5uwa[\
p\xaa\xeb\xbcd\x7f\xc9\x16f\x81\xbfL\xf6\x92v\xd0\
\xd4\xa0E\xc9~\x95-\xcc\x02\x1f\x10\xaf\xc4\xa5\x22t\
\x99Mu'\x8e\x02>\xcdVd\x81'\xc5\xda7W\
\xec\xd8fS\xfd\x89\xe3\xa0\xe0\xfaW\xf9W\xf3\x9b\xc9\
\x0e\xb4\x9e\xa9\xa2\xeeNvg\xbe\x22\x0f\xbcM<\x86\
;1\xaf\xb5Le5O\xec\xc7\x0b\x89\xe7\x14\xe5\x81\
\x8f`\x14gc]\xab\xc9\xcah]\x1a\x7f\x14\x87\xf3\
\x95\xa56\xf0\x1b\xc5\xd5\x0d\xa2\xb7\xa5h\xffUo\x1a\
\xb7\x80M\xa5\x1a\x94\x02\xfe\x18\xaf\xa2\xc7t\x88\xdf\x0e\
u\xa5\xf1z\xf0\x1a>*\xd5\xa8\x5c\x10:\x88\xa3b\
\xb6\x8e\x94i\xd3l=\x9b\xc6;\xaa\x82;\x96\x03\x9e\
\x143\xf5$\x1e\xc4P\xb3\xe9r\x1a\xc2Ci\xbc\x01\
\xb9\xa5,\xabJ\x89\x94=X%\xa2\xe6a\x11\xe35\
\xdb=\xbaR\xbf\xc3i\x9cU\xaa\x04\x0f\xd5RU\xdb\
E\x5c\xf5\x07\xd6\xe2}\xcd\x9b\x88\xbd\xa9\xbf\xb5\xa9\xff\
\x95i\xbc\x8a\xaa%\x19\xb8C\xa4W'p\xadH+\
m\x12!U#\x9a\x9f\xce\x1fK\xfdM\x88\x94mM\
qd\xad\xe9\xd6=\x22\xe4.\xae\x1e\x1bDRp\x8b\
\xb8\x98\x9e*\xe7w\xa7v/\xe3\xebt~O\xeao\
\x99:b\xc8\x8e\xe2g\xaf:\xbeq,\xc7\xe3\x22\xdb\
X\xcc\xe4\x9c\x10\x9b\x94\xc3\xf8^\xf8c\xa7H\x82/\
\x12\x1b\x99l\x86~T\xf8\xed\xdeZ\x06\xcc~\xe3h\
d\x12\xed\x15\xe1\xf7\xa5\xb8\x07\xb7\xe2\x0a\x5c\x9d~\xa5\
\xf4\xb7\xc87\xbc%\xb2;\x87\x1a\x18\x173\x9b\xf5\x87\
\xc4r4$\xe2\xae>\x11\xc8.H\xfdN\xe1G\xb1\
\xcf\x1e\x13\x1fnf\xac\x8e\xff\xbf\x84\xb6X\xff\x00\xdd\
\x13\xbb\xa3\x13\xd8\xbaf\x00\x00\x00\x00IEND\xae\
B`\x82\
\x00\x00\x09\xb2\
\x89\
PNG\x0d\x0a\x1a\x0a\x00\x00\x00\x0dIHDR\x00\
\x00\x00(\x00\x00\x00(\x08\x06\x00\x00\x00\x8c\xfe\xb8m\
\x00\x00\x00\x09pHYs\x00\x00\x0b\x13\x00\x00\x0b\x13\
\x01\x00\x9a\x9c\x18\x00\x00\x06\xd4iTXtXML\
:com.adobe.xmp\x00\x00\
\x00\x00\x00<?xpacket beg\
in=\x22\xef\xbb\xbf\x22 id=\x22W5M\
0MpCehiHzreSzNTc\
zkc9d\x22?> <x:xmpm\
eta xmlns:x=\x22ado\
be:ns:meta/\x22 x:x\
mptk=\x22Adobe XMP \
Core 5.6-c145 79\
.163499, 2018/08\
/13-16:40:22    \
    \x22> <rdf:RDF \
xmlns:rdf=\x22http:\
//www.w3.org/199\
9/02/22-rdf-synt\
ax-ns#\x22> <rdf:De\
scription rdf:ab\
out=\x22\x22 xmlns:xmp\
MM=\x22http://ns.ad\
obe.com/xap/1.0/\
mm/\x22 xmlns:stRef\
=\x22http://ns.adob\
e.com/xap/1.0/sT\
ype/ResourceRef#\
\x22 xmlns:stEvt=\x22h\
ttp://ns.adobe.c\
om/xap/1.0/sType\
/ResourceEvent#\x22\
 xmlns:xmp=\x22http\
://ns.adobe.com/\
xap/1.0/\x22 xmlns:\
dc=\x22http://purl.\
org/dc/elements/\
1.1/\x22 xmlns:phot\
oshop=\x22http://ns\
.adobe.com/photo\
shop/1.0/\x22 xmpMM\
:DocumentID=\x22ado\
be:docid:photosh\
op:7d74b13e-2446\
-6e43-8ad4-fca55\
024f631\x22 xmpMM:I\
nstanceID=\x22xmp.i\
id:4fd4f488-eeed\
-433e-bcb4-7e452\
03b67e3\x22 xmpMM:O\
riginalDocumentI\
D=\x22xmp.did:4ABBD\
274B78C11EA94D48\
23B7F3EEAC7\x22 xmp\
:CreatorTool=\x22Ad\
obe Photoshop CC\
 2015 (Windows)\x22\
 xmp:CreateDate=\
\x222020-08-04T11:0\
1:13+09:00\x22 xmp:\
ModifyDate=\x222021\
-01-18T11:34:01+\
09:00\x22 xmp:Metad\
ataDate=\x222021-01\
-18T11:34:01+09:\
00\x22 dc:format=\x22i\
mage/png\x22 photos\
hop:ColorMode=\x223\
\x22 photoshop:ICCP\
rofile=\x22sRGB IEC\
61966-2.1\x22> <xmp\
MM:DerivedFrom s\
tRef:instanceID=\
\x22xmp.iid:C064296\
0681411E9A748DA2\
A207B8175\x22 stRef\
:documentID=\x22xmp\
.did:C0642961681\
411E9A748DA2A207\
B8175\x22/> <xmpMM:\
History> <rdf:Se\
q> <rdf:li stEvt\
:action=\x22saved\x22 \
stEvt:instanceID\
=\x22xmp.iid:2c4639\
57-3ea4-45fe-ba3\
7-f479303ba3cb\x22 \
stEvt:when=\x222021\
-01-18T11:34:01+\
09:00\x22 stEvt:sof\
twareAgent=\x22Adob\
e Photoshop CC 2\
019 (Macintosh)\x22\
 stEvt:changed=\x22\
/\x22/> <rdf:li stE\
vt:action=\x22saved\
\x22 stEvt:instance\
ID=\x22xmp.iid:4fd4\
f488-eeed-433e-b\
cb4-7e45203b67e3\
\x22 stEvt:when=\x2220\
21-01-18T11:34:0\
1+09:00\x22 stEvt:s\
oftwareAgent=\x22Ad\
obe Photoshop CC\
 2019 (Macintosh\
)\x22 stEvt:changed\
=\x22/\x22/> </rdf:Seq\
> </xmpMM:Histor\
y> </rdf:Descrip\
tion> </rdf:RDF>\
 </x:xmpmeta> <?\
xpacket end=\x22r\x22?\
>\xf9\xb9S\x85\x00\x00\x02\x84IDATX\x85\xed\
\x98\xbfK\x1cA\x14\xc7?\xa7\xe1\x0a\x05\xc5\xe2\xc0\xc2\
\xc2\xc2\xc6\x80\x95\x85U\x0c\x98J\x0b!D\xb1\xc8%\
\xd8XXX\xf8\x97X\xa4\xb0\xb0\x09\xc9\xa5\x90$\x08\
\x16\x97*B\xb4\xb2\xb0\x12\xb4\xb1\xb0\xb0\x10,\xe4\x04\
-\x0e\xf4,\xe6-\xec=\xe7fgvVbq_\
\xd8b\xbf\xf7~|og\xef\xcd\xf7\xa6\xd4j\xb5x\
\xc9\xe8\xf9\xdf\x02\xb2\xd0\x15\x18\x8bW\x9a8Y\x07\xa0\
\x04|\x01\xca\xc0*p\xffL\xfd{\x81M\xa0\x09\xac\
\x01\xad\xd7\x1b\x19\x02%\xe9+P\x95\xfb\x01\xe0\xb3\x14\
)\x12e\xe0\x1b\xb0$\xf7\x83\xc02\xeaa\xd8\x96\xf8\
wJ\x1cR`\x07\xe8+P\x5c\x9f\xd4\x5cJqU\
\xe9\xdd\x06\x9b\xc0_\xc0\x83\xe2\xe6\x80?\x98o\x19\x8b\
A\xa95\xa7\xf8\x07\xe9\x9d)\xb0\x06\xbc\xe7\xe9\x92N\
\x03\x7f\x81J\x84\xb8\x8a\xd4\x98V|Sz\xd6|\x04\
\x02\xec\x02\xb3\xc0\xad\xe2'\x81\x7f\xc0H\x0eq#\x92\
;\xa9\xf8[\xe9\xb5kKr\x8d\x99=\xe0\x1dp\xad\
\xf8q\xe0\x00\x18\x0b\x107&9\xe3\x8a\xbf\x96\x1e{\
\x9d\x12\xb3\xe6\xe0!\xf0\x16\xb8T\xfc\xa84\x9c\xf0\x10\
7!\xb1\xa3\x8a\xbf\x94\xda\x87\xaed\x9fA}\x0c\xbc\
\x01\xce\x15?\x8cY\xb2)G\xee\x94\xc4\x0c+\xfe\x5c\
j\x1eg5\xf7\xddI\xce\xa4\xe0\xa9\xe2\x870/\xfd\
\x8c%gF>\x1bR\xfc\xa9\xd4:\xf3i\x1c\xb2\xd5\
]`\x96\xe4H\xf1\xfd\x98\xb11\x9f\xe2\xe6\x85\xebW\
\xb1GR\xe3\xc2\xb7i\xe8^|\x85y\xa9\xf7\x15_\
\xc6\x0c\xde\xaa\x5c;\xc2\xa5\xb1/\xb9W!\x0dm[\
]\x16\x1a\x98\xb1\xf0\x93\xf6a\xdb\x03|\xef\x90S\x07\
\x16\x81\xbb\xd0fy\xdd\xcc\x1df\xb0n{\xc4nK\
l\xb08\x88\xb3[M\xe0#\xb0\xe5\x88\xd9\x92\x98\xdc\
F\xe3\xc5\xfb\xc1\x18\x81e\xe0\x07\xb0\xe2\x88Y\x91\x18\
\xfd\x83\xf1F^\x816\xbb\xd4\x09Qv-\x8f@\x97\
]\xfa$Wav-t\xccT\xa4\x91v$M\xcc\
\x18I\x1c\xc9\x0df\x0c\xa5\x976\xb1k\xb3\x04\xcc\xc2\
\x90'\x18b\x97\x0a\xb3k\xbe\x02\xf3\xd8\xa5B\xec\x9a\
\x8f\xc0\x18\xbb\x14m\xd7\xb2\x04F\xdb%\xe2\xec\x9aS\
`!vI\x90\xc7\xae9\x05\x16f\x97R\x08\xb1k\
N\x81\x85\xda%\x05\x1f\xbb\x96)p\xc1\xc2\xd71c\
\xa3\x11!.Ab\xd7\xea\x16-\x0b>\x02?\xd0\xfe\
\xff4\xca.u\x80\xcd\xae\xd5\xa4w\x1bl;\xc9=\
\xe6,\xa6\xc1\xf3\x1e\x1e%v\xed\x86\xd4\xe1\x91\x0e*\
uOX#\xd1\x15\x18\x8b\xae\xc0X<\x02_T\xa5\
\x07`\x8e\x94\xb7\x00\x00\x00\x00IEND\xaeB`\
\x82\
\x00\x00\xa6o\
\x00\
\x00\x01\x00\x05\x00\x10\x10\x00\x00\x01\x00 \x00h\x04\x00\
\x00V\x00\x00\x00\x18\x18\x00\x00\x01\x00 \x00\x88\x09\x00\
\x00\xbe\x04\x00\x00  \x00\x00\x01\x00 \x00\xa8\x10\x00\
\x00F\x0e\x00\x0000\x00\x00\x01\x00 \x00\xa8%\x00\
\x00\xee\x1e\x00\x00\x00\x00\x00\x00\x01\x00 \x00\xd9a\x00\
\x00\x96D\x00\x00(\x00\x00\x00\x10\x00\x00\x00 \x00\x00\
\x00\x01\x00 \x00\x00\x00\x00\x00\x00\x04\x00\x00\x00\x00\x00\
\x00\x00\x00\x00\x00\x00\x00\x00\x00\x00\x00\x00\x004$\x1e\
\x004$\x1e\x014$\x1eK4$\x1e\xbc4$\x1e\
\xf44$\x1e\xff4$\x1e\xff4$\x1e\xff3$\x1e\
\xff3$\x1e\xff4$\x1e\xff4$\x1e\xf54$\x1e\
\xbf4$\x1eN4$\x1e\x024$\x1e\x004$\x1e\
\x014$\x1ef4$\x1e\xeb4$\x1e\xff4$\x1e\
\xff2#\x1d\xff2!\x1d\xff;! \xffA\x22\x22\
\xff<! \xff3\x22\x1d\xff2$\x1d\xff4$\x1e\
\xff4$\x1e\xed4$\x1ek4$\x1e\x024$\x1e\
H4$\x1e\xea4$\x1e\xff4$\x1e\xff3#\x1d\
\xffV4,\xff\x9b_L\xff\xc9\x7fb\xff\xd7\x85g\
\xff\xcap_\xff\x9bDF\xffT%)\xff3#\x1e\
\xff4$\x1e\xff4$\x1e\xed4$\x1eN4$\x1e\
\xb84$\x1e\xff4$\x1e\xff9&\x1f\xff\x86^C\
\xff\xdc\xaer\xff\xc7\xa8k\xff\xa1\x8aX\xff\x9f\x8aX\
\xff\xc5\xabk\xff\xf4\xc4\x7f\xff\xdf\x82h\xffq-3\
\xff4#\x1e\xff4$\x1e\xff4$\x1e\xbf4$\x1e\
\xf04$\x1e\xff5$\x1e\xff\x86cC\xff\xdd\xbbv\
\xff{hE\xff;+\x22\xff1\x22\x1d\xff1\x22\x1d\
\xff9)!\xffra@\xff\xe4\xc8|\xff\xe3\x88k\
\xff^&,\xff2$\x1d\xff4$\x1e\xf54$\x1e\
\xff2#\x1d\xffZ@-\xff\xdf\xbcu\xff}kF\
\xff1!\x1c\xff3#\x1e\xff4$\x1e\xff4$\x1e\
\xff4$\x1e\xff0 \x1c\xffra@\xff\xf5\xcc\x82\
\xff\xaaLL\xff6\x22\x1e\xff4$\x1e\xff4$\x1e\
\xff3#\x1d\xff\xa0{N\xff\xce\xb4p\xff=-#\
\xff3#\x1e\xff4$\x1e\xff4$\x1e\xff4$\x1e\
\xff4$\x1e\xff4$\x1e\xff9)!\xff\xc5\xael\
\xff\xcf}d\xff>!!\xff3$\x1e\xff3$\x1e\
\xff;' \xff\xcc\xa2f\xff\xab\x96_\xff2\x22\x1d\
\xff4$\x1e\xff4$\x1e\xff4$\x1e\xff4$\x1e\
\xff4$\x1e\xff4$\x1e\xff1!\x1d\xff\xa0\x8cY\
\xff\xd1\x95j\xff=#!\xff3$\x1e\xff3$\x1e\
\xff?'!\xff\xd7\xa6k\xff\xac\x97_\xff3#\x1d\
\xff4$\x1e\xff4$\x1e\xff4$\x1e\xff4$\x1e\
\xff4$\x1e\xff4$\x1e\xff1\x22\x1d\xff\xa1\x8cY\
\xff\xc6\x8fc\xff9#\x1f\xff4$\x1e\xff4$\x1e\
\xff:#\x1f\xff\xc7\x88a\xff\xd2\xbas\xff?.$\
\xff3#\x1e\xff4$\x1e\xff4$\x1e\xff4$\x1e\
\xff4$\x1e\xff3#\x1e\xff;+\x22\xff\xc8\xacl\
\xff\xa6nM\xff4\x22\x1d\xff4$\x1e\xff4$\x1e\
\xff2\x22\x1d\xff\x95IE\xff\xf9\xcb\x83\xff\x82qI\
\xff1!\x1d\xff3#\x1e\xff4$\x1e\xff4$\x1e\
\xff3#\x1e\xff1!\x1c\xffzhD\xff\xe6\xb6s\
\xffk?.\xff2#\x1d\xff4$\x1e\xff4$\x1e\
\xef2$\x1d\xffP$'\xff\xd6qd\xff\xed\xc8\x7f\
\xff\x82qI\xff?/$\xff3#\x1d\xff2#\x1d\
\xff=-#\xff|iE\xff\xe3\xbat\xff\xa6jF\
\xff;%\x1e\xff3$\x1e\xff4$\x1e\xf44$\x1e\
\xb54$\x1e\xff3$\x1d\xffg&/\xff\xd6ea\
\xff\xf8\xb4~\xff\xd1\xaep\xff\xab\x92^\xff\xab\x90]\
\xff\xce\xa9m\xff\xea\xb0r\xff\xa9iG\xffG*!\
\xff3$\x1e\xff4$\x1e\xff4$\x1e\xbc4$\x1e\
E4$\x1e\xe84$\x1e\xff3$\x1d\xffQ\x22'\
\xff\x976B\xff\xc9_\x5c\xff\xd6{f\xff\xce~b\
\xff\xaffN\xffr?0\xff='\x1f\xff3$\x1e\
\xff4$\x1e\xff4$\x1e\xeb4$\x1eK4$\x1e\
\x004$\x1ea4$\x1e\xe84$\x1e\xff2$\x1d\
\xff3#\x1d\xff<\x22 \xff@#\x22\xff<$ \
\xff5#\x1d\xff2#\x1d\xff3$\x1e\xff4$\x1e\
\xff4$\x1e\xea4$\x1ef4$\x1e\x014$\x1e\
\x004$\x1e\x004$\x1eE4$\x1e\xb54$\x1e\
\xef4$\x1e\xff3$\x1e\xff3$\x1e\xff3$\x1e\
\xff4$\x1e\xff4$\x1e\xff4$\x1e\xf04$\x1e\
\xb74$\x1eH4$\x1e\x014$\x1e\x00\x00\x00\x00\
\x00\x00\x00\x00\x00\x00\x00\x00\x00\x00\x00\x00\x00\x00\x00\x00\
\x00\x00\x00\x00\x00\x00\x00\x00\x00\x00\x00\x00\x00\x00\x00\x00\
\x00\x00\x00\x00\x00\x00\x00\x00\x00\x00\x00\x00\x00\x00\x00\x00\
\x00\x00\x00\x00\x00\x00\x00\x00\x00\x00\x00\x00\x00(\x00\x00\
\x00\x18\x00\x00\x000\x00\x00\x00\x01\x00 \x00\x00\x00\x00\
\x00\x00\x09\x00\x00\x00\x00\x00\x00\x00\x00\x00\x00\x00\x00\x00\
\x00\x00\x00\x00\x004$\x1e\x004$\x1e\x004$\x1e\
\x004$\x1e\x064$\x1eN4$\x1e\xae4$\x1e\
\xe84$\x1e\xfd4$\x1e\xff4$\x1e\xff4$\x1e\
\xff4$\x1e\xff4$\x1e\xff4$\x1e\xff4$\x1e\
\xff4$\x1e\xff4$\x1e\xfd4$\x1e\xea4$\x1e\
\xb14$\x1eR4$\x1e\x084$\x1e\x004$\x1e\
\x004$\x1e\x004$\x1e\x004$\x1e\x004$\x1e\
\x194$\x1e\x964$\x1e\xf14$\x1e\xff4$\x1e\
\xff4$\x1e\xff4$\x1e\xff4$\x1e\xff4$\x1e\
\xff4$\x1e\xff3$\x1e\xff3$\x1e\xff4$\x1e\
\xff4$\x1e\xff4$\x1e\xff4$\x1e\xff4$\x1e\
\xff4$\x1e\xf24$\x1e\x9c4$\x1e\x1d4$\x1e\
\x004$\x1e\x004$\x1e\x004$\x1e\x184$\x1e\
\xb34$\x1e\xff4$\x1e\xff4$\x1e\xff4$\x1e\
\xff4$\x1e\xff4$\x1e\xff1#\x1d\xff2\x22\x1d\
\xff8!\x1f\xff>!!\xff=! \xff6\x22\x1e\
\xff2$\x1d\xff2$\x1d\xff4$\x1e\xff4$\x1e\
\xff4$\x1e\xff4$\x1e\xff4$\x1e\xbb4$\x1e\
\x1d4$\x1e\x004$\x1e\x054$\x1e\x944$\x1e\
\xff4$\x1e\xff4$\x1e\xff4$\x1e\xff4$\x1e\
\xff2#\x1d\xff:# \xffc00\xff\x97FE\
\xff\xbbXU\xff\xca]Z\xff\xc6SW\xff\xb0?K\
\xff\x85)9\xffO\x22&\xff3$\x1e\xff3$\x1e\
\xff4$\x1e\xff4$\x1e\xff4$\x1e\xff4$\x1e\
\x9d4$\x1e\x084$\x1eI4$\x1e\xef4$\x1e\
\xff4$\x1e\xff4$\x1e\xff4$\x1e\xff5$\x1e\
\xff`8/\xff\xbawZ\xff\xf4\xb3{\xff\xff\xd0\x86\
\xff\xfd\xd6\x86\xff\xfc\xd8\x86\xff\xff\xd9\x88\xff\xff\xcc\x84\
\xff\xf9\xa1w\xff\xd7Z]\xff\x85(9\xff<# \
\xff3$\x1e\xff4$\x1e\xff4$\x1e\xff4$\x1e\
\xf24$\x1eR4$\x1e\xa64$\x1e\xff4$\x1e\
\xff4$\x1e\xff4$\x1e\xff:'\x1f\xff\x82T?\
\xff\xeb\xb5w\xff\xf8\xd7\x85\xff\xc1\xacj\xff\x89wM\
\xffo]>\xffn\x5c>\xff\x86sK\xff\xba\xa6g\
\xff\xf2\xdb\x85\xff\xff\xdb\x88\xff\xf3\x8ao\xff\xa00C\
\xff?#!\xff3$\x1e\xff4$\x1e\xff4$\x1e\
\xff4$\x1e\xb14$\x1e\xe14$\x1e\xff4$\x1e\
\xff4$\x1e\xff8&\x1e\xff\x80X?\xff\xf4\xc8\x7f\
\xff\xdd\xc5y\xffq_?\xff9)!\xff1!\x1c\
\xff1!\x1c\xff1!\x1c\xff1!\x1c\xff7' \
\xffhW;\xff\xd2\xbdu\xff\xff\xe5\x8b\xff\xf4\x91r\
\xff\x93*>\xff7#\x1f\xff4$\x1e\xff4$\x1e\
\xff4$\x1e\xea4$\x1e\xfa4$\x1e\xff4$\x1e\
\xff4$\x1d\xffcE0\xff\xea\xc0y\xff\xdf\xc7z\
\xffZI3\xff1!\x1c\xff4$\x1e\xff4$\x1e\
\xff4$\x1e\xff4$\x1e\xff4$\x1e\xff4$\x1e\
\xff1!\x1c\xffQ@.\xff\xd2\xbdt\xff\xff\xe1\x8a\
\xff\xe1gc\xffb\x22,\xff2$\x1d\xff4$\x1e\
\xff4$\x1e\xfd4$\x1e\xff4$\x1e\xff3$\x1e\
\xff@+ \xff\xbe\x93]\xff\xfa\xde\x88\xffvdB\
\xff1!\x1c\xff4$\x1e\xff4$\x1e\xff4$\x1e\
\xff4$\x1e\xff4$\x1e\xff4$\x1e\xff4$\x1e\
\xff4$\x1e\xff1!\x1c\xffhW;\xff\xf2\xdc\x86\
\xff\xfb\xb1}\xff\x9a-@\xff5#\x1e\xff4$\x1e\
\xff4$\x1e\xff4$\x1e\xff4$\x1e\xff2#\x1d\
\xffjI1\xff\xf7\xcf\x7f\xff\xc9\xb4p\xff<,\x22\
\xff3#\x1e\xff4$\x1e\xff4$\x1e\xff4$\x1e\
\xff4$\x1e\xff4$\x1e\xff4$\x1e\xff4$\x1e\
\xff4$\x1e\xff4$\x1e\xff7' \xff\xba\xa6g\
\xff\xff\xd9\x8a\xff\xbaIQ\xff;\x22 \xff4$\x1e\
\xff4$\x1e\xff4$\x1e\xff4$\x1e\xff4#\x1d\
\xff\x9dpH\xff\xff\xe3\x8a\xff\x96\x83T\xff1!\x1c\
\xff4$\x1e\xff4$\x1e\xff4$\x1e\xff4$\x1e\
\xff4$\x1e\xff4$\x1e\xff4$\x1e\xff4$\x1e\
\xff4$\x1e\xff4$\x1e\xff1!\x1c\xff\x86sK\
\xff\xff\xe3\x8c\xff\xc4d[\xff;! \xff4$\x1e\
\xff4$\x1e\xff4$\x1e\xff4$\x1e\xff9%\x1e\
\xff\xbe\x89Y\xff\xff\xe6\x8c\xff}jF\xff0!\x1c\
\xff4$\x1e\xff4$\x1e\xff4$\x1e\xff4$\x1e\
\xff4$\x1e\xff4$\x1e\xff4$\x1e\xff4$\x1e\
\xff4$\x1e\xff4$\x1e\xff1!\x1c\xffn\x5c>\
\xff\xfd\xe1\x8b\xff\xbdq[\xff7\x22\x1e\xff4$\x1e\
\xff4$\x1e\xff4$\x1e\xff4$\x1e\xff;% \
\xff\xc9\x8d^\xff\xff\xe7\x8c\xff~kG\xff0!\x1c\
\xff4$\x1e\xff4$\x1e\xff4$\x1e\xff4$\x1e\
\xff4$\x1e\xff4$\x1e\xff4$\x1e\xff4$\x1e\
\xff4$\x1e\xff4$\x1e\xff1!\x1c\xffo]>\
\xff\xfe\xdf\x8a\xff\xb3mT\xff5\x22\x1d\xff4$\x1e\
\xff4$\x1e\xff4$\x1e\xff4$\x1e\xff9#\x1f\
\xff\xc3|Z\xff\xff\xe8\x8d\xff\x9a\x86V\xff1!\x1d\
\xff4$\x1e\xff4$\x1e\xff4$\x1e\xff4$\x1e\
\xff4$\x1e\xff4$\x1e\xff4$\x1e\xff4$\x1e\
\xff4$\x1e\xff4$\x1e\xff1!\x1c\xff\x89wM\
\xff\xff\xdb\x89\xff\x9dYE\xff3\x22\x1d\xff4$\x1e\
\xff4$\x1e\xff4$\x1e\xff4$\x1e\xff4\x22\x1e\
\xff\xaaVL\xff\xff\xdd\x89\xff\xce\xb8r\xff?.$\
\xff3#\x1e\xff4$\x1e\xff4$\x1e\xff4$\x1e\
\xff4$\x1e\xff4$\x1e\xff4$\x1e\xff4$\x1e\
\xff4$\x1e\xff4$\x1e\xff9)!\xff\xc0\xack\
\xff\xf8\xc2}\xffv?0\xff2#\x1d\xff4$\x1e\
\xff4$\x1e\xff4$\x1e\xff4$\x1e\xff1#\x1d\
\xff|.7\xff\xf8\xadz\xff\xfa\xe4\x8a\xff\x7flG\
\xff1!\x1c\xff4$\x1e\xff4$\x1e\xff4$\x1e\
\xff4$\x1e\xff4$\x1e\xff4$\x1e\xff4$\x1e\
\xff4$\x1e\xff1!\x1c\xffq_?\xff\xf6\xd9\x85\
\xff\xd2\x8a\x5c\xffN+\x22\xff2#\x1e\xff4$\x1e\
\xff4$\x1e\xff4$\x1e\xfa4$\x1e\xff3$\x1e\
\xffJ\x22%\xff\xd0S[\xff\xff\xd4\x88\xff\xe4\xce~\
\xffdR8\xff1!\x1c\xff3#\x1e\xff4$\x1e\
\xff4$\x1e\xff4$\x1e\xff4$\x1e\xff3#\x1e\
\xff1!\x1c\xffZI3\xff\xdc\xc3y\xff\xf4\xbbv\
\xff\x8bJ4\xff6$\x1e\xff4$\x1e\xff4$\x1e\
\xff4$\x1e\xfd4$\x1e\xdf4$\x1e\xff4$\x1e\
\xff3$\x1d\xffy$5\xff\xeaki\xff\xff\xd8\x89\
\xff\xe4\xce~\xff\x7fmG\xff?.$\xff1!\x1d\
\xff0!\x1c\xff0!\x1c\xff1!\x1c\xff<,#\
\xffvdB\xff\xde\xc3y\xff\xfa\xc6|\xff\xb0eC\
\xffH*!\xff3$\x1e\xff4$\x1e\xff4$\x1e\
\xff4$\x1e\xe84$\x1e\xa24$\x1e\xff4$\x1e\
\xff4$\x1e\xff8$\x1f\xff\x8f%;\xff\xe9`f\
\xff\xff\xbe\x82\xff\xfa\xdd\x88\xff\xce\xb9r\xff\x9a\x87V\
\xff~mG\xff}lF\xff\x96\x83T\xff\xc9\xb1n\
\xff\xf9\xd3\x84\xff\xf6\xb5u\xff\xb3fD\xffT.#\
\xff3$\x1e\xff4$\x1e\xff4$\x1e\xff4$\x1e\
\xff4$\x1e\xae4$\x1eD4$\x1e\xec4$\x1e\
\xff4$\x1e\xff3$\x1e\xff9$\x1f\xff|#4\
\xff\xd0=V\xff\xf5{p\xff\xff\xae\x7f\xff\xff\xc7\x86\
\xff\xff\xcf\x86\xff\xff\xce\x86\xff\xff\xc7\x84\xff\xfc\xafy\
\xff\xd9\x81]\xff\x94M7\xffL,!\xff3$\x1e\
\xff4$\x1e\xff4$\x1e\xff4$\x1e\xff4$\x1e\
\xf04$\x1eM4$\x1e\x044$\x1e\x8d4$\x1e\
\xff4$\x1e\xff4$\x1e\xff3$\x1e\xff3$\x1e\
\xffK#%\xff\x81%7\xff\xaf5K\xff\xc6JW\
\xff\xc8YZ\xff\xbf\x5cV\xff\xaaRI\xff\x83@5\
\xffU/$\xff8&\x1e\xff3$\x1e\xff4$\x1e\
\xff4$\x1e\xff4$\x1e\xff4$\x1e\xff4$\x1e\
\x964$\x1e\x064$\x1e\x004$\x1e\x154$\x1e\
\xac4$\x1e\xff4$\x1e\xff4$\x1e\xff4$\x1e\
\xff3$\x1e\xff2$\x1d\xff6#\x1e\xff<# \
\xff<# \xff8$\x1f\xff5$\x1d\xff2#\x1d\
\xff2#\x1e\xff4$\x1e\xff4$\x1e\xff4$\x1e\
\xff4$\x1e\xff4$\x1e\xff4$\x1e\xb34$\x1e\
\x194$\x1e\x004$\x1e\x004$\x1e\x004$\x1e\
\x154$\x1e\x8d4$\x1e\xec4$\x1e\xff4$\x1e\
\xff4$\x1e\xff4$\x1e\xff4$\x1e\xff3$\x1e\
\xff4$\x1e\xff4$\x1e\xff4$\x1e\xff4$\x1e\
\xff4$\x1e\xff4$\x1e\xff4$\x1e\xff4$\x1e\
\xff4$\x1e\xef4$\x1e\x934$\x1e\x184$\x1e\
\x004$\x1e\x004$\x1e\x004$\x1e\x004$\x1e\
\x004$\x1e\x044$\x1eD4$\x1e\xa24$\x1e\
\xdf4$\x1e\xfa4$\x1e\xff4$\x1e\xff4$\x1e\
\xff4$\x1e\xff4$\x1e\xff4$\x1e\xff4$\x1e\
\xff4$\x1e\xff4$\x1e\xfa4$\x1e\xe14$\x1e\
\xa64$\x1eH4$\x1e\x054$\x1e\x004$\x1e\
\x004$\x1e\x00\x00\x00\x00\x00\x00\x00\x00\x00\x00\x00\x00\
\x00\x00\x00\x00\x00\x00\x00\x00\x00\x00\x00\x00\x00\x00\x00\x00\
\x00\x00\x00\x00\x00\x00\x00\x00\x00\x00\x00\x00\x00\x00\x00\x00\
\x00\x00\x00\x00\x00\x00\x00\x00\x00\x00\x00\x00\x00\x00\x00\x00\
\x00\x00\x00\x00\x00\x00\x00\x00\x00\x00\x00\x00\x00\x00\x00\x00\
\x00\x00\x00\x00\x00\x00\x00\x00\x00\x00\x00\x00\x00\x00\x00\x00\
\x00\x00\x00\x00\x00(\x00\x00\x00 \x00\x00\x00@\x00\x00\
\x00\x01\x00 \x00\x00\x00\x00\x00\x00\x10\x00\x00\x00\x00\x00\
\x00\x00\x00\x00\x00\x00\x00\x00\x00\x00\x00\x00\x00\x00\x00\x00\
\x00\x00\x00\x00\x004$\x1e\x004$\x1e\x004$\x1e\
\x004$\x1e\x084$\x1eG4$\x1e\x9d4$\x1e\
\xda4$\x1e\xf74$\x1e\xff4$\x1e\xff4$\x1e\
\xff4$\x1e\xff4$\x1e\xff4$\x1e\xff4$\x1e\
\xff4$\x1e\xff4$\x1e\xff4$\x1e\xff4$\x1e\
\xff4$\x1e\xff4$\x1e\xf84$\x1e\xdd4$\x1e\
\xa14$\x1eL4$\x1e\x0a4$\x1e\x004$\x1e\
\x004$\x1e\x00\x00\x00\x00\x00\x00\x00\x00\x00\x00\x00\x00\
\x004$\x1e\x004$\x1e\x004$\x1e\x004$\x1e\
/4$\x1e\xa54$\x1e\xef4$\x1e\xff4$\x1e\
\xff4$\x1e\xff4$\x1e\xff4$\x1e\xff4$\x1e\
\xff4$\x1e\xff4$\x1e\xff4$\x1e\xff4$\x1e\
\xff4$\x1e\xff4$\x1e\xff4$\x1e\xff4$\x1e\
\xff4$\x1e\xff4$\x1e\xff4$\x1e\xff4$\x1e\
\xff4$\x1e\xf14$\x1e\xab4$\x1e64$\x1e\
\x004$\x1e\x004$\x1e\x00\x00\x00\x00\x004$\x1e\
\x004$\x1e\x004$\x1e\x004$\x1eR4$\x1e\
\xdd4$\x1e\xff4$\x1e\xff4$\x1e\xff4$\x1e\
\xff4$\x1e\xff4$\x1e\xff4$\x1e\xff4$\x1e\
\xff4$\x1e\xff4$\x1e\xff4$\x1e\xff4$\x1e\
\xff3$\x1e\xff4$\x1e\xff4$\x1e\xff4$\x1e\
\xff4$\x1e\xff4$\x1e\xff4$\x1e\xff4$\x1e\
\xff4$\x1e\xff4$\x1e\xff4$\x1e\xe34$\x1e\
\x5c4$\x1e\x014$\x1e\x004$\x1e\x004$\x1e\
\x004$\x1e\x004$\x1eQ4$\x1e\xea4$\x1e\
\xff4$\x1e\xff4$\x1e\xff4$\x1e\xff4$\x1e\
\xff4$\x1e\xff4$\x1e\xff4$\x1e\xff3$\x1e\
\xff1$\x1d\xff2#\x1d\xff6\x22\x1e\xff;\x22 \
\xff<\x22 \xff8#\x1f\xff3$\x1e\xff1$\x1d\
\xff3$\x1e\xff4$\x1e\xff4$\x1e\xff4$\x1e\
\xff4$\x1e\xff4$\x1e\xff4$\x1e\xff4$\x1e\
\xef4$\x1e\x5c4$\x1e\x004$\x1e\x004$\x1e\
\x004$\x1e-4$\x1e\xdb4$\x1e\xff4$\x1e\
\xff4$\x1e\xff4$\x1e\xff4$\x1e\xff4$\x1e\
\xff4$\x1e\xff3$\x1e\xff2\x22\x1d\xffA\x22\x22\
\xffg(/\xff\x914?\xff\xaf=K\xff\xbe@Q\
\xff\xc0;Q\xff\xb42K\xff\x9a'@\xffq\x222\
\xffG#$\xff3$\x1e\xff3$\x1e\xff4$\x1e\
\xff4$\x1e\xff4$\x1e\xff4$\x1e\xff4$\x1e\
\xff4$\x1e\xe34$\x1e64$\x1e\x004$\x1e\
\x064$\x1e\x9f4$\x1e\xff4$\x1e\xff4$\x1e\
\xff4$\x1e\xff4$\x1e\xff4$\x1e\xff4$\x1e\
\xff2#\x1d\xffA%\x22\xff\x83@=\xff\xcbp^\
\xff\xf2\x9bt\xff\xfe\xb7~\xff\xff\xc5\x82\xff\xff\xc9\x83\
\xff\xff\xc3\x81\xff\xfe\xb5|\xff\xf9\x98t\xff\xedhf\
\xff\xcb7S\xff\x84#8\xffA#\x22\xff2$\x1d\
\xff4$\x1e\xff4$\x1e\xff4$\x1e\xff4$\x1e\
\xff4$\x1e\xff4$\x1e\xab4$\x1e\x0a4$\x1e\
@4$\x1e\xec4$\x1e\xff4$\x1e\xff4$\x1e\
\xff4$\x1e\xff4$\x1e\xff5%\x1e\xff8&\x1e\
\xffg:0\xff\xc7\x7f_\xff\xfc\xc0\x7f\xff\xff\xdf\x8a\
\xff\xfe\xe3\x8a\xff\xf0\xd9\x84\xff\xe5\xcf~\xff\xe4\xce~\
\xff\xee\xd7\x83\xff\xfc\xe4\x8a\xff\xff\xe8\x8d\xff\xff\xde\x88\
\xff\xfd\xb9|\xff\xf0kg\xff\xb6+J\xffU#)\
\xff2$\x1d\xff4$\x1e\xff4$\x1e\xff4$\x1e\
\xff4$\x1e\xff4$\x1e\xf14$\x1eL4$\x1e\
\x924$\x1e\xff4$\x1e\xff4$\x1e\xff4$\x1e\
\xff4$\x1e\xff6&\x1e\xff<)\x1f\xff}L;\
\xff\xe8\xaar\xff\xff\xdf\x8a\xff\xf4\xdb\x86\xff\xbb\xa6h\
\xff}kF\xffYH3\xffK;+\xffK:*\
\xffWE1\xffweC\xff\xb3\x9ec\xff\xee\xd7\x84\
\xff\xff\xea\x8e\xff\xff\xdc\x87\xff\xf8\x92q\xff\xc93Q\
\xff[#*\xff2$\x1d\xff4$\x1e\xff4$\x1e\
\xff4$\x1e\xff4$\x1e\xff4$\x1e\xa14$\x1e\
\xcf4$\x1e\xff4$\x1e\xff4$\x1e\xff4$\x1e\
\xff5%\x1e\xff;(\x1e\xffyN:\xff\xee\xbax\
\xff\xff\xe5\x8c\xff\xd2\xbct\xfflZ=\xff8( \
\xff1!\x1c\xff2\x22\x1d\xff2#\x1d\xff3#\x1d\
\xff2\x22\x1d\xff1!\x1c\xff6&\x1f\xffbP7\
\xff\xc6\xb0m\xff\xff\xe7\x8d\xff\xff\xe4\x8a\xff\xf9\x98s\
\xff\xc1/N\xffM#&\xff2$\x1e\xff4$\x1e\
\xff4$\x1e\xff4$\x1e\xff4$\x1e\xdd4$\x1e\
\xf04$\x1e\xff4$\x1e\xff4$\x1e\xff4$\x1e\
\xff8'\x1e\xffdB0\xff\xe6\xb5t\xff\xff\xe7\x8d\
\xff\xc3\xael\xffL;+\xff1!\x1c\xff4$\x1e\
\xff4$\x1e\xff4$\x1e\xff4$\x1e\xff4$\x1e\
\xff4$\x1e\xff4$\x1e\xff4$\x1e\xff1!\x1c\
\xffD3'\xff\xb3\x9ec\xff\xff\xe7\x8c\xff\xff\xe2\x89\
\xff\xf3{l\xff\x9e$@\xff:$ \xff4$\x1e\
\xff4$\x1e\xff4$\x1e\xff4$\x1e\xf84$\x1e\
\xfe4$\x1e\xff4$\x1e\xff4$\x1e\xff5%\x1e\
\xffH0#\xff\xc7\x97a\xff\xff\xe5\x8c\xff\xd6\xc0v\
\xffN=,\xff1\x22\x1d\xff4$\x1e\xff4$\x1e\
\xff4$\x1e\xff4$\x1e\xff4$\x1e\xff4$\x1e\
\xff4$\x1e\xff4$\x1e\xff4$\x1e\xff4$\x1e\
\xff2\x22\x1d\xffD3'\xff\xc6\xb0n\xff\xff\xea\x8e\
\xff\xfd\xca\x82\xff\xd9CY\xffa\x22+\xff2$\x1d\
\xff4$\x1e\xff4$\x1e\xff4$\x1e\xff4$\x1e\
\xff4$\x1e\xff4$\x1e\xff4$\x1e\xff8&\x1e\
\xff\x88_>\xff\xfd\xd5\x83\xff\xf7\xdf\x88\xffsaA\
\xff1!\x1c\xff4$\x1e\xff4$\x1e\xff4$\x1e\
\xff4$\x1e\xff4$\x1e\xff4$\x1e\xff4$\x1e\
\xff4$\x1e\xff4$\x1e\xff4$\x1e\xff4$\x1e\
\xff4$\x1e\xff1!\x1c\xffbP7\xff\xee\xd7\x83\
\xff\xff\xe7\x8c\xff\xf0{m\xff\x8d#:\xff4$\x1e\
\xff4$\x1e\xff4$\x1e\xff4$\x1e\xff4$\x1e\
\xff4$\x1e\xff4$\x1e\xff4$\x1e\xffH0\x22\
\xff\xd1\x9eb\xff\xff\xe8\x8d\xff\xc6\xb1n\xff<,\x22\
\xff3#\x1e\xff4$\x1e\xff4$\x1e\xff4$\x1e\
\xff4$\x1e\xff4$\x1e\xff4$\x1e\xff4$\x1e\
\xff4$\x1e\xff4$\x1e\xff4$\x1e\xff4$\x1e\
\xff4$\x1e\xff4$\x1e\xff6&\x1f\xff\xb3\x9ec\
\xff\xff\xec\x8f\xff\xfa\xad}\xff\xa9-E\xff8#\x1f\
\xff4$\x1e\xff4$\x1e\xff4$\x1e\xff4$\x1e\
\xff4$\x1e\xff4$\x1e\xff3#\x1d\xffmH0\
\xff\xf5\xc6z\xff\xff\xe8\x8d\xff\x8cyN\xff1!\x1c\
\xff4$\x1e\xff4$\x1e\xff4$\x1e\xff4$\x1e\
\xff4$\x1e\xff4$\x1e\xff4$\x1e\xff4$\x1e\
\xff4$\x1e\xff4$\x1e\xff4$\x1e\xff4$\x1e\
\xff4$\x1e\xff4$\x1e\xff1!\x1c\xffweC\
\xff\xfc\xe5\x8b\xff\xff\xcb\x86\xff\xb6>N\xff:#\x1f\
\xff4$\x1e\xff4$\x1e\xff4$\x1e\xff4$\x1e\
\xff4$\x1e\xff4$\x1e\xff4$\x1d\xff\x95cA\
\xff\xff\xd9\x85\xff\xf8\xe0\x89\xffhV:\xff1!\x1c\
\xff4$\x1e\xff4$\x1e\xff4$\x1e\xff4$\x1e\
\xff4$\x1e\xff4$\x1e\xff4$\x1e\xff4$\x1e\
\xff4$\x1e\xff4$\x1e\xff4$\x1e\xff4$\x1e\
\xff4$\x1e\xff4$\x1e\xff2\x22\x1d\xffWE1\
\xff\xee\xd8\x84\xff\xff\xd8\x8a\xff\xb4MQ\xff7\x22\x1e\
\xff4$\x1e\xff4$\x1e\xff4$\x1e\xff4$\x1e\
\xff4$\x1e\xff4$\x1e\xff7$\x1e\xff\xb1uN\
\xff\xff\xe0\x89\xff\xf1\xd9\x85\xffYH2\xff2\x22\x1d\
\xff4$\x1e\xff4$\x1e\xff4$\x1e\xff4$\x1e\
\xff4$\x1e\xff4$\x1e\xff4$\x1e\xff4$\x1e\
\xff4$\x1e\xff4$\x1e\xff4$\x1e\xff4$\x1e\
\xff4$\x1e\xff4$\x1e\xff3#\x1d\xffK:*\
\xff\xe4\xce~\xff\xff\xdb\x8b\xff\xaaUN\xff4\x22\x1d\
\xff4$\x1e\xff4$\x1e\xff4$\x1e\xff4$\x1e\
\xff4$\x1e\xff4$\x1e\xff8$\x1f\xff\xbeyT\
\xff\xff\xe2\x89\xff\xf1\xda\x85\xffZI3\xff2\x22\x1d\
\xff4$\x1e\xff4$\x1e\xff4$\x1e\xff4$\x1e\
\xff4$\x1e\xff4$\x1e\xff4$\x1e\xff4$\x1e\
\xff4$\x1e\xff4$\x1e\xff4$\x1e\xff4$\x1e\
\xff4$\x1e\xff4$\x1e\xff2#\x1d\xffK;+\
\xff\xe5\xcf\x7f\xff\xff\xd8\x8a\xff\xa2RH\xff3#\x1d\
\xff4$\x1e\xff4$\x1e\xff4$\x1e\xff4$\x1e\
\xff4$\x1e\xff4$\x1e\xff7#\x1f\xff\xbbnS\
\xff\xff\xdf\x88\xff\xf9\xe1\x89\xffkY<\xff1!\x1c\
\xff4$\x1e\xff4$\x1e\xff4$\x1e\xff4$\x1e\
\xff4$\x1e\xff4$\x1e\xff4$\x1e\xff4$\x1e\
\xff4$\x1e\xff4$\x1e\xff4$\x1e\xff4$\x1e\
\xff4$\x1e\xff4$\x1e\xff2\x22\x1d\xffYH2\
\xff\xf0\xda\x85\xff\xff\xca\x84\xff\x90G<\xff2#\x1d\
\xff4$\x1e\xff4$\x1e\xff4$\x1e\xff4$\x1e\
\xff4$\x1e\xff4$\x1e\xff4\x22\x1e\xff\xacUK\
\xff\xff\xd6\x84\xff\xff\xe9\x8d\xff\x93\x7fR\xff1!\x1c\
\xff4$\x1e\xff4$\x1e\xff4$\x1e\xff4$\x1e\
\xff4$\x1e\xff4$\x1e\xff4$\x1e\xff4$\x1e\
\xff4$\x1e\xff4$\x1e\xff4$\x1e\xff4$\x1e\
\xff4$\x1e\xff4$\x1e\xff1!\x1c\xff}kF\
\xff\xfe\xe7\x8c\xff\xf4\xb0w\xfft9.\xff2#\x1d\
\xff4$\x1e\xff4$\x1e\xff4$\x1e\xff4$\x1e\
\xff4$\x1e\xff4$\x1e\xff2#\x1d\xff\x8e6=\
\xff\xfd\xba{\xff\xff\xeb\x8e\xff\xce\xb8r\xff?/$\
\xff3#\x1e\xff4$\x1e\xff4$\x1e\xff4$\x1e\
\xff4$\x1e\xff4$\x1e\xff4$\x1e\xff4$\x1e\
\xff4$\x1e\xff4$\x1e\xff4$\x1e\xff4$\x1e\
\xff4$\x1e\xff4$\x1e\xff8( \xff\xbb\xa6h\
\xff\xff\xe5\x8d\xff\xda\x87^\xffV-#\xff2#\x1e\
\xff4$\x1e\xff4$\x1e\xff4$\x1e\xff4$\x1e\
\xff4$\x1e\xff4$\x1e\xff1$\x1d\xfff$.\
\xff\xec}i\xff\xff\xe5\x8b\xff\xfa\xe2\x8a\xff\x7flG\
\xff1!\x1c\xff4$\x1e\xff4$\x1e\xff4$\x1e\
\xff4$\x1e\xff4$\x1e\xff4$\x1e\xff4$\x1e\
\xff4$\x1e\xff4$\x1e\xff4$\x1e\xff4$\x1e\
\xff4$\x1e\xff1!\x1c\xfflZ=\xff\xf4\xdc\x86\
\xff\xfc\xc9\x80\xff\xaaY?\xff>&\x1f\xff3$\x1e\
\xff4$\x1e\xff4$\x1e\xff4$\x1e\xff4$\x1e\
\xfd4$\x1e\xff4$\x1e\xff3$\x1e\xffA#\x22\
\xff\xc27P\xff\xfc\xb9~\xff\xff\xeb\x8e\xff\xe0\xc9{\
\xffXG2\xff1!\x1c\xff4$\x1e\xff4$\x1e\
\xff4$\x1e\xff4$\x1e\xff4$\x1e\xff4$\x1e\
\xff4$\x1e\xff4$\x1e\xff4$\x1e\xff4$\x1e\
\xff1\x22\x1d\xffL;+\xff\xd2\xbct\xff\xff\xdf\x8a\
\xff\xdd\x90_\xffp7(\xff3$\x1e\xff4$\x1e\
\xff4$\x1e\xff4$\x1e\xff4$\x1e\xff4$\x1e\
\xef4$\x1e\xff4$\x1e\xff4$\x1e\xff2$\x1d\
\xffx\x224\xff\xe9Ud\xff\xfd\xd1\x85\xff\xff\xea\x8e\
\xff\xd1\xbbs\xffXG2\xff1!\x1c\xff3#\x1e\
\xff4$\x1e\xff4$\x1e\xff4$\x1e\xff4$\x1e\
\xff4$\x1e\xff4$\x1e\xff3#\x1e\xff1!\x1c\
\xffN=,\xff\xc3\xadl\xff\xff\xe1\x8a\xff\xef\xb1q\
\xff\xa0Q7\xffB( \xff3$\x1e\xff4$\x1e\
\xff4$\x1e\xff4$\x1e\xff4$\x1e\xf74$\x1e\
\xcc4$\x1e\xff4$\x1e\xff4$\x1e\xff3$\x1e\
\xff<$ \xff\xa7$D\xff\xf0ej\xff\xfd\xd1\x86\
\xff\xff\xe9\x8d\xff\xe0\xc9{\xff\x7flG\xff?/$\
\xff1!\x1c\xff1!\x1c\xff2\x22\x1d\xff2\x22\x1d\
\xff1!\x1c\xff1!\x1c\xff<,\x22\xffsaA\
\xff\xd6\xbev\xff\xff\xde\x89\xff\xf4\xb9v\xff\xb6aA\
\xffY/#\xff3$\x1e\xff4$\x1e\xff4$\x1e\
\xff4$\x1e\xff4$\x1e\xff4$\x1e\xda4$\x1e\
\x8d4$\x1e\xff4$\x1e\xff4$\x1e\xff4$\x1e\
\xff2$\x1e\xffJ$$\xff\xb7$I\xff\xef[h\
\xff\xfc\xb9\x7f\xff\xff\xe2\x8b\xff\xfa\xe3\x8a\xff\xce\xb9r\
\xff\x93\x7fR\xffkY<\xffZI3\xffYH2\
\xffhV;\xff\x8czN\xff\xc6\xb0n\xff\xf7\xda\x86\
\xff\xff\xd7\x86\xff\xf1\xacq\xff\xb9bB\xffd3%\
\xff4$\x1e\xff4$\x1e\xff4$\x1e\xff4$\x1e\
\xff4$\x1e\xff4$\x1e\xff4$\x1e\x9c4$\x1e\
;4$\x1e\xe94$\x1e\xff4$\x1e\xff4$\x1e\
\xff4$\x1e\xff2$\x1d\xffK$$\xff\xa9#C\
\xff\xe7@`\xff\xf8\x87s\xff\xfe\xbf\x81\xff\xff\xda\x89\
\xff\xff\xe4\x8c\xff\xf9\xe0\x89\xff\xf1\xda\x85\xff\xf1\xd9\x84\
\xff\xf8\xdd\x87\xff\xff\xdf\x89\xff\xff\xd5\x86\xff\xfd\xb8|\
\xff\xe1\x87`\xff\xa8S9\xff]2$\xff5$\x1e\
\xff4$\x1e\xff4$\x1e\xff4$\x1e\xff4$\x1e\
\xff4$\x1e\xff4$\x1e\xef4$\x1eG4$\x1e\
\x044$\x1e\x984$\x1e\xff4$\x1e\xff4$\x1e\
\xff4$\x1e\xff4$\x1e\xff2$\x1e\xff=$ \
\xff|\x224\xff\xc3)N\xff\xeaHb\xff\xf8po\
\xff\xfc\x8fw\xff\xfe\xa3|\xff\xff\xae~\xff\xff\xaf~\
\xff\xff\xa6{\xff\xf9\x94s\xff\xe4xa\xff\xb8WD\
\xff}>+\xffH,!\xff3$\x1e\xff4$\x1e\
\xff4$\x1e\xff4$\x1e\xff4$\x1e\xff4$\x1e\
\xff4$\x1e\xff4$\x1e\xa44$\x1e\x084$\x1e\
\x004$\x1e'4$\x1e\xd54$\x1e\xff4$\x1e\
\xff4$\x1e\xff4$\x1e\xff4$\x1e\xff3$\x1e\
\xff2$\x1d\xffC$\x22\xffm#0\xff\x97'@\
\xff\xb42L\xff\xbf?R\xff\xbdHS\xff\xb3KN\
\xff\xa2FD\xff\x86=5\xffb3'\xffD+ \
\xff4%\x1e\xff3#\x1e\xff4$\x1e\xff4$\x1e\
\xff4$\x1e\xff4$\x1e\xff4$\x1e\xff4$\x1e\
\xff4$\x1e\xdd4$\x1e/4$\x1e\x004$\x1e\
\x004$\x1e\x004$\x1eH4$\x1e\xe54$\x1e\
\xff4$\x1e\xff4$\x1e\xff4$\x1e\xff4$\x1e\
\xff4$\x1e\xff3$\x1e\xff1$\x1d\xff3$\x1d\
\xff7#\x1f\xff:# \xff8#\x1f\xff5$\x1e\
\xff3$\x1d\xff2#\x1d\xff2#\x1e\xff3$\x1e\
\xff4$\x1e\xff4$\x1e\xff4$\x1e\xff4$\x1e\
\xff4$\x1e\xff4$\x1e\xff4$\x1e\xff4$\x1e\
\xea4$\x1eR4$\x1e\x004$\x1e\x004$\x1e\
\x004$\x1e\x004$\x1e\x004$\x1eH4$\x1e\
\xd54$\x1e\xff4$\x1e\xff4$\x1e\xff4$\x1e\
\xff4$\x1e\xff4$\x1e\xff4$\x1e\xff4$\x1e\
\xff4$\x1e\xff4$\x1e\xff4$\x1e\xff4$\x1e\
\xff4$\x1e\xff4$\x1e\xff4$\x1e\xff4$\x1e\
\xff4$\x1e\xff4$\x1e\xff4$\x1e\xff4$\x1e\
\xff4$\x1e\xff4$\x1e\xff4$\x1e\xdb4$\x1e\
Q4$\x1e\x004$\x1e\x004$\x1e\x00\x00\x00\x00\
\x004$\x1e\x004$\x1e\x004$\x1e\x004$\x1e\
'4$\x1e\x984$\x1e\xe94$\x1e\xff4$\x1e\
\xff4$\x1e\xff4$\x1e\xff4$\x1e\xff4$\x1e\
\xff4$\x1e\xff4$\x1e\xff4$\x1e\xff4$\x1e\
\xff4$\x1e\xff4$\x1e\xff4$\x1e\xff4$\x1e\
\xff4$\x1e\xff4$\x1e\xff4$\x1e\xff4$\x1e\
\xff4$\x1e\xec4$\x1e\x9f4$\x1e-4$\x1e\
\x004$\x1e\x004$\x1e\x00\x00\x00\x00\x00\x00\x00\x00\
\x00\x00\x00\x00\x004$\x1e\x004$\x1e\x004$\x1e\
\x004$\x1e\x044$\x1e;4$\x1e\x8d4$\x1e\
\xcc4$\x1e\xef4$\x1e\xfe4$\x1e\xff4$\x1e\
\xff4$\x1e\xff4$\x1e\xff4$\x1e\xff4$\x1e\
\xff4$\x1e\xff4$\x1e\xff4$\x1e\xff4$\x1e\
\xff4$\x1e\xfe4$\x1e\xf04$\x1e\xcf4$\x1e\
\x924$\x1e?4$\x1e\x064$\x1e\x004$\x1e\
\x004$\x1e\x00\x00\x00\x00\x00\x00\x00\x00\x00\xc0\x00\x00\
\x03\x80\x00\x00\x01\x00\x00\x00\x00\x00\x00\x00\x00\x00\x00\x00\
\x00\x00\x00\x00\x00\x00\x00\x00\x00\x00\x00\x00\x00\x00\x00\x00\
\x00\x00\x00\x00\x00\x00\x00\x00\x00\x00\x00\x00\x00\x00\x00\x00\
\x00\x00\x00\x00\x00\x00\x00\x00\x00\x00\x00\x00\x00\x00\x00\x00\
\x00\x00\x00\x00\x00\x00\x00\x00\x00\x00\x00\x00\x00\x00\x00\x00\
\x00\x00\x00\x00\x00\x00\x00\x00\x00\x00\x00\x00\x00\x00\x00\x00\
\x00\x00\x00\x00\x00\x00\x00\x00\x00\x00\x00\x00\x00\x00\x00\x00\
\x00\x00\x00\x00\x00\x80\x00\x00\x01\xc0\x00\x00\x03(\x00\x00\
\x000\x00\x00\x00`\x00\x00\x00\x01\x00 \x00\x00\x00\x00\
\x00\x00$\x00\x00\x00\x00\x00\x00\x00\x00\x00\x00\x00\x00\x00\
\x00\x00\x00\x00\x00\x00\x00\x00\x00\x00\x00\x00\x00\x00\x00\x00\
\x00\x00\x00\x00\x00\x00\x00\x00\x004$\x1e\x004$\x1e\
\x004$\x1e\x004$\x1e\x004$\x1e\x054$\x1e\
24$\x1ex4$\x1e\xb84$\x1e\xe24$\x1e\
\xf74$\x1e\xfe4$\x1e\xff4$\x1e\xff4$\x1e\
\xff4$\x1e\xff4$\x1e\xff4$\x1e\xff4$\x1e\
\xff4$\x1e\xff4$\x1e\xff4$\x1e\xff4$\x1e\
\xff4$\x1e\xff4$\x1e\xff4$\x1e\xff4$\x1e\
\xff4$\x1e\xff4$\x1e\xfe4$\x1e\xf84$\x1e\
\xe54$\x1e\xbd4$\x1e\x7f4$\x1e84$\x1e\
\x074$\x1e\x004$\x1e\x004$\x1e\x004$\x1e\
\x00\x00\x00\x00\x00\x00\x00\x00\x00\x00\x00\x00\x00\x00\x00\x00\
\x00\x00\x00\x00\x00\x00\x00\x00\x00\x00\x00\x00\x00\x00\x00\x00\
\x00\x00\x00\x00\x004$\x1e\x004$\x1e\x004$\x1e\
\x004$\x1e\x044$\x1e@4$\x1e\xa14$\x1e\
\xe54$\x1e\xfd4$\x1e\xff4$\x1e\xff4$\x1e\
\xff4$\x1e\xff4$\x1e\xff4$\x1e\xff4$\x1e\
\xff4$\x1e\xff4$\x1e\xff4$\x1e\xff4$\x1e\
\xff4$\x1e\xff4$\x1e\xff4$\x1e\xff4$\x1e\
\xff4$\x1e\xff4$\x1e\xff4$\x1e\xff4$\x1e\
\xff4$\x1e\xff4$\x1e\xff4$\x1e\xff4$\x1e\
\xff4$\x1e\xff4$\x1e\xfe4$\x1e\xe84$\x1e\
\xa94$\x1eH4$\x1e\x064$\x1e\x004$\x1e\
\x004$\x1e\x00\x00\x00\x00\x00\x00\x00\x00\x00\x00\x00\x00\
\x00\x00\x00\x00\x00\x00\x00\x00\x00\x00\x00\x00\x00\x00\x00\x00\
\x004$\x1e\x004$\x1e\x004$\x1e\x004$\x1e\
\x1e4$\x1e\x934$\x1e\xee4$\x1e\xff4$\x1e\
\xff4$\x1e\xff4$\x1e\xff4$\x1e\xff4$\x1e\
\xff4$\x1e\xff4$\x1e\xff4$\x1e\xff4$\x1e\
\xff4$\x1e\xff4$\x1e\xff4$\x1e\xff4$\x1e\
\xff4$\x1e\xff4$\x1e\xff4$\x1e\xff4$\x1e\
\xff4$\x1e\xff4$\x1e\xff4$\x1e\xff4$\x1e\
\xff4$\x1e\xff4$\x1e\xff4$\x1e\xff4$\x1e\
\xff4$\x1e\xff4$\x1e\xff4$\x1e\xff4$\x1e\
\xff4$\x1e\xf34$\x1e\x9e4$\x1e&4$\x1e\
\x004$\x1e\x004$\x1e\x00\x00\x00\x00\x00\x00\x00\x00\
\x00\x00\x00\x00\x00\x00\x00\x00\x00\x00\x00\x00\x004$\x1e\
\x004$\x1e\x004$\x1e\x004$\x1e;4$\x1e\
\xc84$\x1e\xff4$\x1e\xff4$\x1e\xff4$\x1e\
\xff4$\x1e\xff4$\x1e\xff4$\x1e\xff4$\x1e\
\xff4$\x1e\xff4$\x1e\xff4$\x1e\xff4$\x1e\
\xff4$\x1e\xff4$\x1e\xff4$\x1e\xff4$\x1e\
\xff4$\x1e\xff4$\x1e\xff4$\x1e\xff4$\x1e\
\xff4$\x1e\xff4$\x1e\xff4$\x1e\xff4$\x1e\
\xff4$\x1e\xff4$\x1e\xff4$\x1e\xff4$\x1e\
\xff4$\x1e\xff4$\x1e\xff4$\x1e\xff4$\x1e\
\xff4$\x1e\xff4$\x1e\xff4$\x1e\xd34$\x1e\
G4$\x1e\x004$\x1e\x004$\x1e\x00\x00\x00\x00\
\x00\x00\x00\x00\x00\x00\x00\x00\x004$\x1e\x004$\x1e\
\x004$\x1e\x004$\x1eF4$\x1e\xde4$\x1e\
\xff4$\x1e\xff4$\x1e\xff4$\x1e\xff4$\x1e\
\xff4$\x1e\xff4$\x1e\xff4$\x1e\xff4$\x1e\
\xff4$\x1e\xff4$\x1e\xff4$\x1e\xff4$\x1e\
\xff4$\x1e\xff4$\x1e\xff4$\x1e\xff4$\x1e\
\xff4$\x1e\xff4$\x1e\xff4$\x1e\xff4$\x1e\
\xff4$\x1e\xff4$\x1e\xff4$\x1e\xff4$\x1e\
\xff4$\x1e\xff4$\x1e\xff4$\x1e\xff4$\x1e\
\xff4$\x1e\xff4$\x1e\xff4$\x1e\xff4$\x1e\
\xff4$\x1e\xff4$\x1e\xff4$\x1e\xff4$\x1e\
\xe74$\x1eV4$\x1e\x004$\x1e\x004$\x1e\
\x00\x00\x00\x00\x004$\x1e\x004$\x1e\x004$\x1e\
\x004$\x1e94$\x1e\xdd4$\x1e\xff4$\x1e\
\xff4$\x1e\xff4$\x1e\xff4$\x1e\xff4$\x1e\
\xff4$\x1e\xff4$\x1e\xff4$\x1e\xff4$\x1e\
\xff4$\x1e\xff4$\x1e\xff4$\x1e\xff4$\x1e\
\xff4$\x1e\xff3$\x1e\xff1$\x1d\xff1$\x1d\
\xff3$\x1e\xff7$\x1f\xff9$\x1f\xff9$\x1f\
\xff5$\x1e\xff2$\x1d\xff1$\x1d\xff2$\x1d\
\xff4$\x1e\xff4$\x1e\xff4$\x1e\xff4$\x1e\
\xff4$\x1e\xff4$\x1e\xff4$\x1e\xff4$\x1e\
\xff4$\x1e\xff4$\x1e\xff4$\x1e\xff4$\x1e\
\xff4$\x1e\xe64$\x1eG4$\x1e\x004$\x1e\
\x004$\x1e\x004$\x1e\x004$\x1e\x004$\x1e\
\x1b4$\x1e\xc54$\x1e\xff4$\x1e\xff4$\x1e\
\xff4$\x1e\xff4$\x1e\xff4$\x1e\xff4$\x1e\
\xff4$\x1e\xff4$\x1e\xff4$\x1e\xff4$\x1e\
\xff4$\x1e\xff4$\x1e\xff3$\x1e\xff2$\x1d\
\xff4#\x1e\xffE\x22#\xffb\x22-\xff\x81#7\
\xff\x9a$@\xff\xab%F\xff\xb3$H\xff\xb0\x22G\
\xff\xa4\x22C\xff\x8f\x22<\xffr#2\xffQ$'\
\xff9$\x1f\xff2$\x1d\xff3$\x1e\xff4$\x1e\
\xff4$\x1e\xff4$\x1e\xff4$\x1e\xff4$\x1e\
\xff4$\x1e\xff4$\x1e\xff4$\x1e\xff4$\x1e\
\xff4$\x1e\xff4$\x1e\xd34$\x1e&4$\x1e\
\x004$\x1e\x004$\x1e\x004$\x1e\x024$\x1e\
\x8c4$\x1e\xff4$\x1e\xff4$\x1e\xff4$\x1e\
\xff4$\x1e\xff4$\x1e\xff4$\x1e\xff4$\x1e\
\xff4$\x1e\xff4$\x1e\xff4$\x1e\xff4$\x1e\
\xff4$\x1e\xff2#\x1d\xff:\x22 \xffc%-\
\xff\x9e4D\xff\xceLX\xff\xe8df\xff\xf3xm\
\xff\xf7\x85q\xff\xf8\x8ar\xff\xf7\x87q\xff\xf5}n\
\xff\xf3lj\xff\xefUd\xff\xe6;]\xff\xd4(T\
\xff\xad\x22F\xffq#2\xff?$!\xff2$\x1d\
\xff4$\x1e\xff4$\x1e\xff4$\x1e\xff4$\x1e\
\xff4$\x1e\xff4$\x1e\xff4$\x1e\xff4$\x1e\
\xff4$\x1e\xff4$\x1e\xff4$\x1e\x9e4$\x1e\
\x064$\x1e\x004$\x1e\x004$\x1e84$\x1e\
\xea4$\x1e\xff4$\x1e\xff4$\x1e\xff4$\x1e\
\xff4$\x1e\xff4$\x1e\xff4$\x1e\xff4$\x1e\
\xff4$\x1e\xff4$\x1e\xff4$\x1e\xff2#\x1d\
\xff6\x22\x1e\xffe+/\xff\xb5OP\xff\xeb\x82l\
\xff\xfd\xabz\xff\xff\xc4\x80\xff\xff\xd1\x84\xff\xff\xd8\x85\
\xff\xff\xda\x86\xff\xff\xdc\x87\xff\xff\xda\x86\xff\xff\xd9\x85\
\xff\xff\xd5\x84\xff\xfe\xcc\x80\xff\xfc\xb6z\xff\xf7\x90o\
\xff\xf0Zd\xff\xe2.Z\xff\xb7\x22J\xffh$/\
\xff6$\x1f\xff3$\x1e\xff4$\x1e\xff4$\x1e\
\xff4$\x1e\xff4$\x1e\xff4$\x1e\xff4$\x1e\
\xff4$\x1e\xff4$\x1e\xff4$\x1e\xf34$\x1e\
H4$\x1e\x004$\x1e\x024$\x1e\x964$\x1e\
\xff4$\x1e\xff4$\x1e\xff4$\x1e\xff4$\x1e\
\xff4$\x1e\xff4$\x1e\xff4$\x1e\xff4$\x1e\
\xff4$\x1e\xff5%\x1e\xff6&\x1e\xffM+&\
\xff\xa0QI\xff\xec\x94o\xff\xff\xc3\x80\xff\xff\xd7\x86\
\xff\xff\xe0\x89\xff\xff\xe5\x8c\xff\xff\xe8\x8d\xff\xff\xe9\x8e\
\xff\xff\xe9\x8d\xff\xff\xe9\x8d\xff\xff\xe9\x8e\xff\xff\xe9\x8e\
\xff\xff\xe8\x8d\xff\xff\xe6\x8c\xff\xff\xe4\x8b\xff\xff\xdf\x88\
\xff\xfe\xcf\x81\xff\xf9\xa1s\xff\xf0Xc\xff\xdb(W\
\xff\x93#=\xffA$\x22\xff2$\x1d\xff4$\x1e\
\xff4$\x1e\xff4$\x1e\xff4$\x1e\xff4$\x1e\
\xff4$\x1e\xff4$\x1e\xff4$\x1e\xff4$\x1e\
\xa94$\x1e\x074$\x1e(4$\x1e\xdd4$\x1e\
\xff4$\x1e\xff4$\x1e\xff4$\x1e\xff4$\x1e\
\xff4$\x1e\xff4$\x1e\xff4$\x1e\xff4$\x1e\
\xff;*\x1f\xff?,\x1f\xffi8/\xff\xcf|_\
\xff\xfe\xc0~\xff\xff\xda\x86\xff\xff\xe3\x8b\xff\xff\xe9\x8d\
\xff\xf8\xe1\x89\xff\xdd\xc7z\xff\xbc\xa7h\xff\xa1\x8dZ\
\xff\x93\x80R\xff\x92\x7fR\xff\x9e\x8aX\xff\xb6\xa1e\
\xff\xd7\xc1w\xff\xf5\xdd\x87\xff\xff\xe9\x8e\xff\xff\xe8\x8d\
\xff\xff\xe6\x8c\xff\xff\xe3\x8a\xff\xfe\xcd\x80\xff\xf6\x83k\
\xff\xe75\x5c\xff\xac\x22F\xffJ$%\xff2$\x1d\
\xff4$\x1e\xff4$\x1e\xff4$\x1e\xff4$\x1e\
\xff4$\x1e\xff4$\x1e\xff4$\x1e\xff4$\x1e\
\xe94$\x1e84$\x1eh4$\x1e\xfb4$\x1e\
\xff4$\x1e\xff4$\x1e\xff4$\x1e\xff4$\x1e\
\xff4$\x1e\xff4$\x1e\xff4$\x1e\xff=+\x1f\
\xff<)\x1f\xffn<4\xff\xdf\x95k\xff\xff\xd1\x84\
\xff\xff\xe1\x8a\xff\xff\xe9\x8d\xff\xf0\xd9\x85\xff\xb3\x9fd\
\xffo]>\xffF6(\xff6&\x1f\xff2\x22\x1d\
\xff1!\x1c\xff1!\x1c\xff2\x22\x1d\xff5%\x1f\
\xffB2&\xffeT9\xff\xa6\x92\x5c\xff\xe8\xd1\x80\
\xff\xff\xe8\x8d\xff\xff\xe7\x8c\xff\xff\xe7\x8c\xff\xff\xdd\x87\
\xff\xf9\x9dq\xff\xea=^\xff\xb2\x22G\xffJ$%\
\xff2$\x1e\xff4$\x1e\xff4$\x1e\xff4$\x1e\
\xff4$\x1e\xff4$\x1e\xff4$\x1e\xff4$\x1e\
\xfe4$\x1e\x7f4$\x1e\xa64$\x1e\xff4$\x1e\
\xff4$\x1e\xff4$\x1e\xff4$\x1e\xff4$\x1e\
\xff4$\x1e\xff4$\x1e\xff<*\x1f\xff<)\x1e\
\xffk=3\xff\xe5\xa3o\xff\xff\xd9\x86\xff\xff\xe5\x8c\
\xff\xfe\xe6\x8c\xff\xc4\xafm\xffeS9\xff6&\x1f\
\xff1!\x1c\xff3#\x1d\xff4$\x1e\xff4$\x1e\
\xff4$\x1e\xff4$\x1e\xff4$\x1e\xff4$\x1e\
\xff3#\x1d\xff1!\x1c\xff4$\x1e\xffWF1\
\xff\xb2\x9ec\xff\xf9\xe1\x89\xff\xff\xe7\x8d\xff\xff\xe7\x8c\
\xff\xff\xe2\x89\xff\xf9\xa3s\xff\xe9:]\xff\xa6#C\
\xffA$\x22\xff3$\x1e\xff4$\x1e\xff4$\x1e\
\xff4$\x1e\xff4$\x1e\xff4$\x1e\xff4$\x1e\
\xff4$\x1e\xbd4$\x1e\xd24$\x1e\xff4$\x1e\
\xff4$\x1e\xff4$\x1e\xff4$\x1e\xff4$\x1e\
\xff4$\x1e\xff8'\x1f\xff=+\x1f\xff]8-\
\xff\xdf\xa1l\xff\xff\xdb\x87\xff\xff\xe6\x8c\xff\xf8\xe1\x89\
\xff\x9f\x8bY\xff@0%\xff1!\x1c\xff4$\x1e\
\xff4$\x1e\xff4$\x1e\xff4$\x1e\xff4$\x1e\
\xff4$\x1e\xff4$\x1e\xff4$\x1e\xff4$\x1e\
\xff4$\x1e\xff4$\x1e\xff4$\x1e\xff2\x22\x1d\
\xff9)!\xff\x88uL\xff\xef\xd8\x84\xff\xff\xe8\x8d\
\xff\xff\xe7\x8c\xff\xff\xe2\x89\xff\xf7\x94o\xff\xe1.Y\
\xff\x89#8\xff7$\x1f\xff4$\x1e\xff4$\x1e\
\xff4$\x1e\xff4$\x1e\xff4$\x1e\xff4$\x1e\
\xff4$\x1e\xe54$\x1e\xee4$\x1e\xff4$\x1e\
\xff4$\x1e\xff4$\x1e\xff4$\x1e\xff4$\x1e\
\xff5$\x1e\xff>,\x1f\xffJ.%\xff\xca\x90`\
\xff\xff\xd9\x86\xff\xff\xe6\x8c\xff\xf9\xe1\x89\xff\x93\x80R\
\xff7' \xff3#\x1d\xff4$\x1e\xff4$\x1e\
\xff4$\x1e\xff4$\x1e\xff4$\x1e\xff4$\x1e\
\xff4$\x1e\xff4$\x1e\xff4$\x1e\xff4$\x1e\
\xff4$\x1e\xff4$\x1e\xff4$\x1e\xff4$\x1e\
\xff3#\x1e\xff3#\x1d\xffzhD\xff\xef\xd8\x84\
\xff\xff\xe7\x8d\xff\xff\xe7\x8d\xff\xff\xda\x85\xff\xf2mg\
\xff\xcb$O\xffa$+\xff3$\x1e\xff4$\x1e\
\xff4$\x1e\xff4$\x1e\xff4$\x1e\xff4$\x1e\
\xff4$\x1e\xf84$\x1e\xfc4$\x1e\xff4$\x1e\
\xff4$\x1e\xff4$\x1e\xff4$\x1e\xff4$\x1e\
\xff:)\x1f\xff>*\x1f\xff\x9fmI\xff\xff\xd1\x82\
\xff\xff\xe5\x8b\xff\xff\xe7\x8c\xff\xa4\x90\x5c\xff8( \
\xff3#\x1d\xff4$\x1e\xff4$\x1e\xff4$\x1e\
\xff4$\x1e\xff4$\x1e\xff4$\x1e\xff4$\x1e\
\xff4$\x1e\xff4$\x1e\xff4$\x1e\xff4$\x1e\
\xff4$\x1e\xff4$\x1e\xff4$\x1e\xff4$\x1e\
\xff4$\x1e\xff4$\x1e\xff3#\x1d\xff\x88uL\
\xff\xf9\xe1\x89\xff\xff\xe7\x8c\xff\xff\xe8\x8d\xff\xfc\xbc{\
\xff\xe5<\x5c\xff\x9e#?\xff=$!\xff3$\x1e\
\xff4$\x1e\xff4$\x1e\xff4$\x1e\xff4$\x1e\
\xff4$\x1e\xfe4$\x1e\xff4$\x1e\xff4$\x1e\
\xff4$\x1e\xff4$\x1e\xff4$\x1e\xff4$\x1e\
\xff=+\x1f\xffgC/\xff\xef\xb8s\xff\xff\xe2\x8a\
\xff\xff\xe9\x8e\xff\xcd\xb8r\xffE4'\xff2\x22\x1d\
\xff4$\x1e\xff4$\x1e\xff4$\x1e\xff4$\x1e\
\xff4$\x1e\xff4$\x1e\xff4$\x1e\xff4$\x1e\
\xff4$\x1e\xff4$\x1e\xff4$\x1e\xff4$\x1e\
\xff4$\x1e\xff4$\x1e\xff4$\x1e\xff4$\x1e\
\xff4$\x1e\xff4$\x1e\xff3#\x1e\xff9)!\
\xff\xb2\x9ec\xff\xff\xe8\x8d\xff\xff\xe7\x8c\xff\xff\xe1\x89\
\xff\xf1qj\xff\xc5$M\xffY$)\xff2$\x1d\
\xff4$\x1e\xff4$\x1e\xff4$\x1e\xff4$\x1e\
\xff4$\x1e\xff4$\x1e\xff4$\x1e\xff4$\x1e\
\xff4$\x1e\xff4$\x1e\xff4$\x1e\xff8'\x1f\
\xffC- \xff\xb9\x82R\xff\xff\xd9\x86\xff\xff\xe7\x8c\
\xff\xf6\xde\x88\xffp^?\xff1!\x1c\xff4$\x1e\
\xff4$\x1e\xff4$\x1e\xff4$\x1e\xff4$\x1e\
\xff4$\x1e\xff4$\x1e\xff4$\x1e\xff4$\x1e\
\xff4$\x1e\xff4$\x1e\xff4$\x1e\xff4$\x1e\
\xff4$\x1e\xff4$\x1e\xff4$\x1e\xff4$\x1e\
\xff4$\x1e\xff4$\x1e\xff4$\x1e\xff2\x22\x1d\
\xffWF1\xff\xe8\xd1\x80\xff\xff\xe7\x8d\xff\xff\xe9\x8d\
\xff\xf9\xa9z\xff\xda0V\xffx$2\xff3$\x1e\
\xff4$\x1e\xff4$\x1e\xff4$\x1e\xff4$\x1e\
\xff4$\x1e\xff4$\x1e\xff4$\x1e\xff4$\x1e\
\xff4$\x1e\xff4$\x1e\xff4$\x1e\xff:)\x1e\
\xffiD.\xff\xf1\xb7q\xff\xff\xe3\x8b\xff\xff\xe9\x8e\
\xff\xc4\xafm\xff;+\x22\xff3#\x1e\xff4$\x1e\
\xff4$\x1e\xff4$\x1e\xff4$\x1e\xff4$\x1e\
\xff4$\x1e\xff4$\x1e\xff4$\x1e\xff4$\x1e\
\xff4$\x1e\xff4$\x1e\xff4$\x1e\xff4$\x1e\
\xff4$\x1e\xff4$\x1e\xff4$\x1e\xff4$\x1e\
\xff4$\x1e\xff4$\x1e\xff4$\x1e\xff4$\x1e\
\xff4$\x1e\xff\xa5\x91\x5c\xff\xff\xe8\x8d\xff\xff\xe8\x8d\
\xff\xfe\xd0\x85\xff\xe7H`\xff\x8f#:\xff5$\x1e\
\xff4$\x1e\xff4$\x1e\xff4$\x1e\xff4$\x1e\
\xff4$\x1e\xff4$\x1e\xff4$\x1e\xff4$\x1e\
\xff4$\x1e\xff4$\x1e\xff4$\x1e\xff>+\x1f\
\xff\xa3lE\xff\xff\xd3\x81\xff\xff\xe6\x8c\xff\xfe\xe5\x8c\
\xff\x82pI\xff1!\x1c\xff4$\x1e\xff4$\x1e\
\xff4$\x1e\xff4$\x1e\xff4$\x1e\xff4$\x1e\
\xff4$\x1e\xff4$\x1e\xff4$\x1e\xff4$\x1e\
\xff4$\x1e\xff4$\x1e\xff4$\x1e\xff4$\x1e\
\xff4$\x1e\xff4$\x1e\xff4$\x1e\xff4$\x1e\
\xff4$\x1e\xff4$\x1e\xff4$\x1e\xff4$\x1e\
\xff1!\x1c\xffeT9\xff\xf4\xdd\x87\xff\xff\xe7\x8d\
\xff\xff\xe2\x8b\xff\xf1ik\xff\x9d%?\xff7$\x1f\
\xff4$\x1e\xff4$\x1e\xff4$\x1e\xff4$\x1e\
\xff4$\x1e\xff4$\x1e\xff4$\x1e\xff4$\x1e\
\xff4$\x1e\xff4$\x1e\xff4$\x1e\xffM2#\
\xff\xd4\x93\x5c\xff\xff\xdf\x88\xff\xff\xe8\x8d\xff\xec\xd5\x82\
\xffUD0\xff2\x22\x1d\xff4$\x1e\xff4$\x1e\
\xff4$\x1e\xff4$\x1e\xff4$\x1e\xff4$\x1e\
\xff4$\x1e\xff4$\x1e\xff4$\x1e\xff4$\x1e\
\xff4$\x1e\xff4$\x1e\xff4$\x1e\xff4$\x1e\
\xff4$\x1e\xff4$\x1e\xff4$\x1e\xff4$\x1e\
\xff4$\x1e\xff4$\x1e\xff4$\x1e\xff4$\x1e\
\xff3#\x1d\xffB2&\xff\xd7\xc1w\xff\xff\xe8\x8d\
\xff\xff\xe8\x8d\xff\xf8\x86t\xff\xa2(B\xff6$\x1f\
\xff4$\x1e\xff4$\x1e\xff4$\x1e\xff4$\x1e\
\xff4$\x1e\xff4$\x1e\xff4$\x1e\xff4$\x1e\
\xff4$\x1e\xff4$\x1e\xff4%\x1e\xfff@,\
\xff\xef\xadl\xff\xff\xe4\x8b\xff\xff\xe9\x8e\xff\xd3\xbdu\
\xff?/$\xff3#\x1e\xff4$\x1e\xff4$\x1e\
\xff4$\x1e\xff4$\x1e\xff4$\x1e\xff4$\x1e\
\xff4$\x1e\xff4$\x1e\xff4$\x1e\xff4$\x1e\
\xff4$\x1e\xff4$\x1e\xff4$\x1e\xff4$\x1e\
\xff4$\x1e\xff4$\x1e\xff4$\x1e\xff4$\x1e\
\xff4$\x1e\xff4$\x1e\xff4$\x1e\xff4$\x1e\
\xff4$\x1e\xff5%\x1f\xff\xb6\xa1e\xff\xff\xe9\x8e\
\xff\xff\xe9\x8d\xff\xfb\x9by\xff\x9d-B\xff4$\x1e\
\xff4$\x1e\xff4$\x1e\xff4$\x1e\xff4$\x1e\
\xff4$\x1e\xff4$\x1e\xff4$\x1e\xff4$\x1e\
\xff4$\x1e\xff4$\x1e\xff4%\x1d\xff\x82N6\
\xff\xfb\xbdv\xff\xff\xe6\x8c\xff\xff\xe9\x8e\xff\xbe\xa9i\
\xff7' \xff4$\x1e\xff4$\x1e\xff4$\x1e\
\xff4$\x1e\xff4$\x1e\xff4$\x1e\xff4$\x1e\
\xff4$\x1e\xff4$\x1e\xff4$\x1e\xff4$\x1e\
\xff4$\x1e\xff4$\x1e\xff4$\x1e\xff4$\x1e\
\xff4$\x1e\xff4$\x1e\xff4$\x1e\xff4$\x1e\
\xff4$\x1e\xff4$\x1e\xff4$\x1e\xff4$\x1e\
\xff4$\x1e\xff2\x22\x1d\xff\x9e\x8aX\xff\xff\xe9\x8e\
\xff\xff\xe9\x8d\xff\xfc\xa5|\xff\x902?\xff2#\x1d\
\xff4$\x1e\xff4$\x1e\xff4$\x1e\xff4$\x1e\
\xff4$\x1e\xff4$\x1e\xff4$\x1e\xff4$\x1e\
\xff4$\x1e\xff4$\x1e\xff5$\x1d\xff\x98W?\
\xff\xff\xc5z\xff\xff\xe7\x8c\xff\xff\xe9\x8e\xff\xb3\x9ec\
\xff4$\x1e\xff4$\x1e\xff4$\x1e\xff4$\x1e\
\xff4$\x1e\xff4$\x1e\xff4$\x1e\xff4$\x1e\
\xff4$\x1e\xff4$\x1e\xff4$\x1e\xff4$\x1e\
\xff4$\x1e\xff4$\x1e\xff4$\x1e\xff4$\x1e\
\xff4$\x1e\xff4$\x1e\xff4$\x1e\xff4$\x1e\
\xff4$\x1e\xff4$\x1e\xff4$\x1e\xff4$\x1e\
\xff4$\x1e\xff1!\x1c\xff\x92\x7fR\xff\xff\xe8\x8d\
\xff\xff\xe9\x8d\xff\xfc\xa7|\xff\x866:\xff1$\x1d\
\xff4$\x1e\xff4$\x1e\xff4$\x1e\xff4$\x1e\
\xff4$\x1e\xff4$\x1e\xff4$\x1e\xff4$\x1e\
\xff4$\x1e\xff4$\x1e\xff5$\x1e\xff\xa5ZE\
\xff\xff\xc7|\xff\xff\xe7\x8c\xff\xff\xe9\x8e\xff\xb4\x9fd\
\xff4$\x1e\xff4$\x1e\xff4$\x1e\xff4$\x1e\
\xff4$\x1e\xff4$\x1e\xff4$\x1e\xff4$\x1e\
\xff4$\x1e\xff4$\x1e\xff4$\x1e\xff4$\x1e\
\xff4$\x1e\xff4$\x1e\xff4$\x1e\xff4$\x1e\
\xff4$\x1e\xff4$\x1e\xff4$\x1e\xff4$\x1e\
\xff4$\x1e\xff4$\x1e\xff4$\x1e\xff4$\x1e\
\xff4$\x1e\xff1!\x1c\xff\x93\x80R\xff\xff\xe8\x8d\
\xff\xff\xe9\x8d\xff\xfa\xa1y\xff\x8066\xff1$\x1d\
\xff4$\x1e\xff4$\x1e\xff4$\x1e\xff4$\x1e\
\xff4$\x1e\xff4$\x1e\xff4$\x1e\xff4$\x1e\
\xff4$\x1e\xff4$\x1e\xff4#\x1e\xff\xa7UF\
\xff\xff\xc5{\xff\xff\xe7\x8c\xff\xff\xe9\x8e\xff\xc1\xack\
\xff8( \xff4$\x1e\xff4$\x1e\xff4$\x1e\
\xff4$\x1e\xff4$\x1e\xff4$\x1e\xff4$\x1e\
\xff4$\x1e\xff4$\x1e\xff4$\x1e\xff4$\x1e\
\xff4$\x1e\xff4$\x1e\xff4$\x1e\xff4$\x1e\
\xff4$\x1e\xff4$\x1e\xff4$\x1e\xff4$\x1e\
\xff4$\x1e\xff4$\x1e\xff4$\x1e\xff4$\x1e\
\xff4$\x1e\xff2\x22\x1d\xff\xa1\x8dZ\xff\xff\xe9\x8e\
\xff\xff\xe8\x8d\xff\xf5\x93r\xffu4/\xff1#\x1d\
\xff4$\x1e\xff4$\x1e\xff4$\x1e\xff4$\x1e\
\xff4$\x1e\xff4$\x1e\xff4$\x1e\xff4$\x1e\
\xff4$\x1e\xff4$\x1e\xff3\x22\x1d\xff\x9fID\
\xff\xff\xbex\xff\xff\xe7\x8c\xff\xff\xe8\x8d\xff\xd8\xc1w\
\xffB2&\xff3#\x1e\xff4$\x1e\xff4$\x1e\
\xff4$\x1e\xff4$\x1e\xff4$\x1e\xff4$\x1e\
\xff4$\x1e\xff4$\x1e\xff4$\x1e\xff4$\x1e\
\xff4$\x1e\xff4$\x1e\xff4$\x1e\xff4$\x1e\
\xff4$\x1e\xff4$\x1e\xff4$\x1e\xff4$\x1e\
\xff4$\x1e\xff4$\x1e\xff4$\x1e\xff4$\x1e\
\xff4$\x1e\xff6&\x1f\xff\xbb\xa7h\xff\xff\xea\x8e\
\xff\xff\xe2\x8b\xff\xe9\x7fg\xffe1(\xff2#\x1d\
\xff4$\x1e\xff4$\x1e\xff4$\x1e\xff4$\x1e\
\xff4$\x1e\xff4$\x1e\xff4$\x1e\xff4$\x1e\
\xff4$\x1e\xff4$\x1e\xff2#\x1d\xff\x919>\
\xff\xfd\xads\xff\xff\xe6\x8b\xff\xff\xe7\x8d\xff\xf0\xd9\x84\
\xff[J4\xff2\x22\x1d\xff4$\x1e\xff4$\x1e\
\xff4$\x1e\xff4$\x1e\xff4$\x1e\xff4$\x1e\
\xff4$\x1e\xff4$\x1e\xff4$\x1e\xff4$\x1e\
\xff4$\x1e\xff4$\x1e\xff4$\x1e\xff4$\x1e\
\xff4$\x1e\xff4$\x1e\xff4$\x1e\xff4$\x1e\
\xff4$\x1e\xff4$\x1e\xff4$\x1e\xff4$\x1e\
\xff3#\x1d\xffF6(\xff\xdd\xc7z\xff\xff\xe9\x8e\
\xff\xff\xd6\x87\xff\xd5hV\xffS-#\xff2#\x1e\
\xff4$\x1e\xff4$\x1e\xff4$\x1e\xff4$\x1e\
\xff4$\x1e\xff4$\x1e\xff4$\x1e\xff4$\x1e\
\xff4$\x1e\xff4$\x1e\xff1$\x1d\xff{)6\
\xff\xf6\x8dk\xff\xff\xe3\x88\xff\xff\xe6\x8c\xff\xff\xe7\x8c\
\xff\x8e{O\xff1!\x1c\xff4$\x1e\xff4$\x1e\
\xff4$\x1e\xff4$\x1e\xff4$\x1e\xff4$\x1e\
\xff4$\x1e\xff4$\x1e\xff4$\x1e\xff4$\x1e\
\xff4$\x1e\xff4$\x1e\xff4$\x1e\xff4$\x1e\
\xff4$\x1e\xff4$\x1e\xff4$\x1e\xff4$\x1e\
\xff4$\x1e\xff4$\x1e\xff4$\x1e\xff4$\x1e\
\xff1!\x1c\xffo]>\xff\xf8\xe0\x89\xff\xff\xe7\x8d\
\xff\xfc\xbc~\xff\xb6RA\xffD) \xff3$\x1e\
\xff4$\x1e\xff4$\x1e\xff4$\x1e\xff4$\x1e\
\xff4$\x1e\xff4$\x1e\xff4$\x1e\xff4$\x1e\
\xff4$\x1e\xff4$\x1e\xff2$\x1d\xff_#,\
\xff\xe7_`\xff\xff\xd6\x82\xff\xff\xe7\x8c\xff\xff\xe8\x8d\
\xff\xd0\xbas\xffA0%\xff3#\x1d\xff4$\x1e\
\xff4$\x1e\xff4$\x1e\xff4$\x1e\xff4$\x1e\
\xff4$\x1e\xff4$\x1e\xff4$\x1e\xff4$\x1e\
\xff4$\x1e\xff4$\x1e\xff4$\x1e\xff4$\x1e\
\xff4$\x1e\xff4$\x1e\xff4$\x1e\xff4$\x1e\
\xff4$\x1e\xff4$\x1e\xff4$\x1e\xff4$\x1e\
\xff6&\x1f\xff\xb3\x9fd\xff\xff\xe9\x8e\xff\xff\xe0\x8a\
\xff\xed\x96k\xff\x91A0\xff8%\x1e\xff4$\x1e\
\xff4$\x1e\xff4$\x1e\xff4$\x1e\xff4$\x1e\
\xff4$\x1e\xff4$\x1e\xff4$\x1e\xff4$\x1e\
\xff4$\x1e\xff4$\x1e\xff3$\x1e\xffE##\
\xff\xca4R\xff\xfc\xaev\xff\xff\xe8\x8c\xff\xff\xe6\x8c\
\xff\xfb\xe3\x8a\xff\x80nH\xff1!\x1c\xff4$\x1e\
\xff4$\x1e\xff4$\x1e\xff4$\x1e\xff4$\x1e\
\xff4$\x1e\xff4$\x1e\xff4$\x1e\xff4$\x1e\
\xff4$\x1e\xff4$\x1e\xff4$\x1e\xff4$\x1e\
\xff4$\x1e\xff4$\x1e\xff4$\x1e\xff4$\x1e\
\xff4$\x1e\xff4$\x1e\xff4$\x1e\xff1!\x1c\
\xffeS9\xff\xf0\xd9\x85\xff\xff\xe6\x8c\xff\xfe\xcc\x82\
\xff\xcekN\xffl5&\xff3#\x1e\xff4$\x1e\
\xff4$\x1e\xff4$\x1e\xff4$\x1e\xff4$\x1e\
\xff4$\x1e\xff4$\x1e\xff4$\x1e\xff4$\x1e\
\xff4$\x1e\xff4$\x1e\xff4$\x1e\xff5$\x1e\
\xff\x9c#A\xff\xf2ef\xff\xfe\xdc\x86\xff\xff\xe7\x8c\
\xff\xff\xe8\x8d\xff\xdc\xc6z\xffP?.\xff2\x22\x1d\
\xff4$\x1e\xff4$\x1e\xff4$\x1e\xff4$\x1e\
\xff4$\x1e\xff4$\x1e\xff4$\x1e\xff4$\x1e\
\xff4$\x1e\xff4$\x1e\xff4$\x1e\xff4$\x1e\
\xff4$\x1e\xff4$\x1e\xff4$\x1e\xff4$\x1e\
\xff4$\x1e\xff4$\x1e\xff3#\x1d\xffA0%\
\xff\xc5\xafm\xff\xff\xe9\x8e\xff\xff\xdc\x88\xff\xec\xa2l\
\xff\xa7L5\xffI+!\xff3$\x1e\xff4$\x1e\
\xff4$\x1e\xff4$\x1e\xff4$\x1e\xff4$\x1e\
\xff4$\x1e\xff4$\x1e\xfc4$\x1e\xff4$\x1e\
\xff4$\x1e\xff4$\x1e\xff4$\x1e\xff2$\x1d\
\xffc#-\xff\xdd,X\xff\xf6\x99t\xff\xff\xe7\x8c\
\xff\xff\xe6\x8c\xff\xff\xe8\x8d\xff\xba\xa5g\xff@0%\
\xff2\x22\x1d\xff4$\x1e\xff4$\x1e\xff4$\x1e\
\xff4$\x1e\xff4$\x1e\xff4$\x1e\xff4$\x1e\
\xff4$\x1e\xff4$\x1e\xff4$\x1e\xff4$\x1e\
\xff4$\x1e\xff4$\x1e\xff4$\x1e\xff4$\x1e\
\xff4$\x1e\xff3#\x1d\xff7' \xff\x9f\x8bY\
\xff\xfe\xe6\x8c\xff\xff\xe0\x89\xff\xfb\xc4}\xff\xc7jH\
\xff{:(\xff5$\x1e\xff4$\x1e\xff4$\x1e\
\xff4$\x1e\xff4$\x1e\xff4$\x1e\xff4$\x1e\
\xff4$\x1e\xfe4$\x1e\xec4$\x1e\xff4$\x1e\
\xff4$\x1e\xff4$\x1e\xff4$\x1e\xff4$\x1e\
\xff9$ \xff\xa7#D\xff\xeb?`\xff\xfa\xbb~\
\xff\xff\xe8\x8d\xff\xff\xe6\x8c\xff\xfe\xe6\x8c\xff\xac\x98`\
\xff@0%\xff2\x22\x1d\xff4$\x1e\xff4$\x1e\
\xff4$\x1e\xff4$\x1e\xff4$\x1e\xff4$\x1e\
\xff4$\x1e\xff4$\x1e\xff4$\x1e\xff4$\x1e\
\xff4$\x1e\xff4$\x1e\xff4$\x1e\xff4$\x1e\
\xff2#\x1d\xff8( \xff\x93\x80R\xff\xf8\xe1\x89\
\xff\xff\xe0\x8a\xff\xff\xd0\x82\xff\xdb\x8b\x5c\xff\x9fG0\
\xffK+!\xff3$\x1e\xff4$\x1e\xff4$\x1e\
\xff4$\x1e\xff4$\x1e\xff4$\x1e\xff4$\x1e\
\xff4$\x1e\xf74$\x1e\xce4$\x1e\xff4$\x1e\
\xff4$\x1e\xff4$\x1e\xff4$\x1e\xff4$\x1e\
\xff2$\x1d\xffW$)\xff\xd0#R\xff\xedSd\
\xff\xfc\xc8\x82\xff\xff\xe8\x8c\xff\xff\xe7\x8c\xff\xfe\xe6\x8c\
\xff\xba\xa5g\xffP?-\xff1!\x1c\xff3#\x1d\
\xff4$\x1e\xff4$\x1e\xff4$\x1e\xff4$\x1e\
\xff4$\x1e\xff4$\x1e\xff4$\x1e\xff4$\x1e\
\xff4$\x1e\xff4$\x1e\xff3#\x1e\xff1!\x1c\
\xffD4'\xff\xa4\x90\x5c\xff\xf9\xe1\x89\xff\xff\xdf\x89\
\xff\xff\xd1\x83\xff\xe7\xa1h\xff\xb0Q7\xffj6&\
\xff4$\x1e\xff4$\x1e\xff4$\x1e\xff4$\x1e\
\xff4$\x1e\xff4$\x1e\xff4$\x1e\xff4$\x1e\
\xff4$\x1e\xe24$\x1e\xa14$\x1e\xff4$\x1e\
\xff4$\x1e\xff4$\x1e\xff4$\x1e\xff4$\x1e\
\xff4$\x1e\xff3$\x1e\xff|$5\xff\xdf#W\
\xff\xeeZf\xff\xfc\xc5\x81\xff\xff\xe5\x8b\xff\xff\xe7\x8c\
\xff\xff\xe8\x8d\xff\xdc\xc6z\xff\x80nH\xffA0%\
\xff1!\x1c\xff2\x22\x1d\xff3#\x1e\xff4$\x1e\
\xff4$\x1e\xff4$\x1e\xff4$\x1e\xff3#\x1e\
\xff2\x22\x1d\xff1!\x1c\xff;+\x22\xffp_?\
\xff\xcd\xb8r\xff\xff\xe5\x8c\xff\xff\xdc\x87\xff\xff\xcf\x82\
\xff\xec\xa7m\xff\xb6W;\xff\x7f<)\xff:&\x1f\
\xff3$\x1e\xff4$\x1e\xff4$\x1e\xff4$\x1e\
\xff4$\x1e\xff4$\x1e\xff4$\x1e\xff4$\x1e\
\xff4$\x1e\xb84$\x1eb4$\x1e\xf94$\x1e\
\xff4$\x1e\xff4$\x1e\xff4$\x1e\xff4$\x1e\
\xff4$\x1e\xff3$\x1e\xff8$\x1f\xff\x92$;\
\xff\xe2#X\xff\xedRe\xff\xfb\xb0|\xff\xff\xdb\x88\
\xff\xff\xe5\x8c\xff\xff\xe9\x8d\xff\xfb\xe3\x8a\xff\xcf\xbas\
\xff\x8dzO\xff[J4\xffB1&\xff8( \
\xff4$\x1e\xff4$\x1e\xff7' \xff?/$\
\xffUD0\xff\x82pI\xff\xc4\xafm\xff\xf6\xde\x88\
\xff\xff\xe3\x8b\xff\xff\xd6\x85\xff\xff\xca\x80\xff\xeb\x9fj\
\xff\xb8X<\xff\x87?+\xff@( \xff3$\x1e\
\xff4$\x1e\xff4$\x1e\xff4$\x1e\xff4$\x1e\
\xff4$\x1e\xff4$\x1e\xff4$\x1e\xff4$\x1e\
\xfd4$\x1ex4$\x1e#4$\x1e\xd94$\x1e\
\xff4$\x1e\xff4$\x1e\xff4$\x1e\xff4$\x1e\
\xff4$\x1e\xff4$\x1e\xff3$\x1e\xff<$ \
\xff\x93$;\xff\xdf#W\xff\xeb@b\xff\xf7\x8et\
\xff\xfe\xc4\x81\xff\xff\xdd\x88\xff\xff\xe6\x8c\xff\xff\xea\x8e\
\xff\xff\xe7\x8d\xff\xf0\xd9\x84\xff\xd7\xc1w\xff\xc1\xack\
\xff\xb4\xa0d\xff\xb3\x9ec\xff\xbe\xa9i\xff\xd3\xbdu\
\xff\xec\xd5\x82\xff\xfe\xe5\x8b\xff\xff\xe4\x8b\xff\xff\xd9\x86\
\xff\xff\xcf\x82\xff\xfc\xbc|\xff\xdf\x85^\xff\xb5S9\
\xff\x83>*\xffB) \xff3$\x1e\xff4$\x1e\
\xff4$\x1e\xff4$\x1e\xff4$\x1e\xff4$\x1e\
\xff4$\x1e\xff4$\x1e\xff4$\x1e\xff4$\x1e\
\xe54$\x1e24$\x1e\x004$\x1e\x8e4$\x1e\
\xff4$\x1e\xff4$\x1e\xff4$\x1e\xff4$\x1e\
\xff4$\x1e\xff4$\x1e\xff4$\x1e\xff3$\x1e\
\xff:$\x1f\xff\x80$4\xff\xd2\x22Q\xff\xe9.]\
\xff\xf2`j\xff\xfa\x97v\xff\xfd\xba\x7f\xff\xfe\xd1\x86\
\xff\xff\xde\x8a\xff\xff\xe6\x8c\xff\xff\xe9\x8d\xff\xff\xea\x8e\
\xff\xff\xea\x8e\xff\xff\xea\x8e\xff\xff\xe8\x8d\xff\xff\xe4\x8b\
\xff\xff\xde\x88\xff\xff\xd5\x84\xff\xff\xcc\x81\xff\xfe\xba}\
\xff\xf1\x93n\xff\xccaL\xff\xa8K2\xffs<(\
\xff<'\x1f\xff3$\x1e\xff4$\x1e\xff4$\x1e\
\xff4$\x1e\xff4$\x1e\xff4$\x1e\xff4$\x1e\
\xff4$\x1e\xff4$\x1e\xff4$\x1e\xff4$\x1e\
\xa14$\x1e\x054$\x1e\x004$\x1e04$\x1e\
\xe54$\x1e\xff4$\x1e\xff4$\x1e\xff4$\x1e\
\xff4$\x1e\xff4$\x1e\xff4$\x1e\xff4$\x1e\
\xff3$\x1e\xff4$\x1e\xff]$)\xff\xab#C\
\xff\xdd$V\xff\xed8a\xff\xf4^j\xff\xf8~r\
\xff\xfb\x95w\xff\xfc\xa6{\xff\xfc\xb4~\xff\xfd\xbe\x80\
\xff\xfe\xc4\x81\xff\xfe\xc5\x81\xff\xfe\xc1\x80\xff\xfe\xbb~\
\xff\xfe\xaf|\xff\xfc\x9cx\xff\xf2\x80l\xff\xd8aT\
\xff\xb3M:\xff\x8bE,\xffW4$\xff5%\x1e\
\xff3$\x1e\xff4$\x1e\xff4$\x1e\xff4$\x1e\
\xff4$\x1e\xff4$\x1e\xff4$\x1e\xff4$\x1e\
\xff4$\x1e\xff4$\x1e\xff4$\x1e\xee4$\x1e\
?4$\x1e\x004$\x1e\x004$\x1e\x004$\x1e\
\x804$\x1e\xff4$\x1e\xff4$\x1e\xff4$\x1e\
\xff4$\x1e\xff4$\x1e\xff4$\x1e\xff4$\x1e\
\xff4$\x1e\xff4$\x1e\xff2$\x1d\xff;$ \
\xffh$-\xff\xa4#B\xff\xd0%S\xff\xe62]\
\xff\xf1Ge\xff\xf6[k\xff\xf9in\xff\xfbqp\
\xff\xfbuq\xff\xfbuq\xff\xf9ro\xff\xf3ji\
\xff\xe6_^\xff\xccSL\xff\xa7J8\xff~A+\
\xffW4$\xff:'\x1f\xff2#\x1e\xff4$\x1e\
\xff4$\x1e\xff4$\x1e\xff4$\x1e\xff4$\x1e\
\xff4$\x1e\xff4$\x1e\xff4$\x1e\xff4$\x1e\
\xff4$\x1e\xff4$\x1e\xff4$\x1e\x924$\x1e\
\x034$\x1e\x004$\x1e\x004$\x1e\x004$\x1e\
\x154$\x1e\xba4$\x1e\xff4$\x1e\xff4$\x1e\
\xff4$\x1e\xff4$\x1e\xff4$\x1e\xff4$\x1e\
\xff4$\x1e\xff4$\x1e\xff4$\x1e\xff3$\x1e\
\xff2$\x1d\xff7$\x1f\xffM$&\xffn#1\
\xff\x8c#;\xff\xa2'C\xff\xac-H\xff\xad4J\
\xff\xa6:H\xff\x9a=C\xff\x8c<;\xff{91\
\xffe5(\xffP/\x22\xff>(\x1f\xff4$\x1e\
\xff2#\x1e\xff4$\x1e\xff4$\x1e\xff4$\x1e\
\xff4$\x1e\xff4$\x1e\xff4$\x1e\xff4$\x1e\
\xff4$\x1e\xff4$\x1e\xff4$\x1e\xff4$\x1e\
\xff4$\x1e\xff4$\x1e\xc94$\x1e\x1e4$\x1e\
\x004$\x1e\x00\x00\x00\x00\x004$\x1e\x004$\x1e\
\x004$\x1e.4$\x1e\xd24$\x1e\xff4$\x1e\
\xff4$\x1e\xff4$\x1e\xff4$\x1e\xff4$\x1e\
\xff4$\x1e\xff4$\x1e\xff4$\x1e\xff4$\x1e\
\xff4$\x1e\xff4$\x1e\xff2$\x1e\xff1$\x1d\
\xff2$\x1d\xff4$\x1e\xff6#\x1e\xff5#\x1e\
\xff4#\x1e\xff2#\x1d\xff1#\x1d\xff1#\x1d\
\xff2#\x1d\xff2#\x1e\xff3$\x1e\xff4$\x1e\
\xff4$\x1e\xff4$\x1e\xff4$\x1e\xff4$\x1e\
\xff4$\x1e\xff4$\x1e\xff4$\x1e\xff4$\x1e\
\xff4$\x1e\xff4$\x1e\xff4$\x1e\xff4$\x1e\
\xff4$\x1e\xdd4$\x1e;4$\x1e\x004$\x1e\
\x004$\x1e\x00\x00\x00\x00\x004$\x1e\x004$\x1e\
\x004$\x1e\x004$\x1e:4$\x1e\xd24$\x1e\
\xff4$\x1e\xff4$\x1e\xff4$\x1e\xff4$\x1e\
\xff4$\x1e\xff4$\x1e\xff4$\x1e\xff4$\x1e\
\xff4$\x1e\xff4$\x1e\xff4$\x1e\xff4$\x1e\
\xff4$\x1e\xff4$\x1e\xff4$\x1e\xff4$\x1e\
\xff4$\x1e\xff4$\x1e\xff4$\x1e\xff4$\x1e\
\xff4$\x1e\xff4$\x1e\xff4$\x1e\xff4$\x1e\
\xff4$\x1e\xff4$\x1e\xff4$\x1e\xff4$\x1e\
\xff4$\x1e\xff4$\x1e\xff4$\x1e\xff4$\x1e\
\xff4$\x1e\xff4$\x1e\xff4$\x1e\xff4$\x1e\
\xdd4$\x1eF4$\x1e\x004$\x1e\x004$\x1e\
\x00\x00\x00\x00\x00\x00\x00\x00\x00\x00\x00\x00\x004$\x1e\
\x004$\x1e\x004$\x1e\x004$\x1e.4$\x1e\
\xb94$\x1e\xff4$\x1e\xff4$\x1e\xff4$\x1e\
\xff4$\x1e\xff4$\x1e\xff4$\x1e\xff4$\x1e\
\xff4$\x1e\xff4$\x1e\xff4$\x1e\xff4$\x1e\
\xff4$\x1e\xff4$\x1e\xff4$\x1e\xff4$\x1e\
\xff4$\x1e\xff4$\x1e\xff4$\x1e\xff4$\x1e\
\xff4$\x1e\xff4$\x1e\xff4$\x1e\xff4$\x1e\
\xff4$\x1e\xff4$\x1e\xff4$\x1e\xff4$\x1e\
\xff4$\x1e\xff4$\x1e\xff4$\x1e\xff4$\x1e\
\xff4$\x1e\xff4$\x1e\xff4$\x1e\xc54$\x1e\
94$\x1e\x004$\x1e\x004$\x1e\x00\x00\x00\x00\
\x00\x00\x00\x00\x00\x00\x00\x00\x00\x00\x00\x00\x00\x00\x00\x00\
\x004$\x1e\x004$\x1e\x004$\x1e\x004$\x1e\
\x144$\x1e\x804$\x1e\xe54$\x1e\xff4$\x1e\
\xff4$\x1e\xff4$\x1e\xff4$\x1e\xff4$\x1e\
\xff4$\x1e\xff4$\x1e\xff4$\x1e\xff4$\x1e\
\xff4$\x1e\xff4$\x1e\xff4$\x1e\xff4$\x1e\
\xff4$\x1e\xff4$\x1e\xff4$\x1e\xff4$\x1e\
\xff4$\x1e\xff4$\x1e\xff4$\x1e\xff4$\x1e\
\xff4$\x1e\xff4$\x1e\xff4$\x1e\xff4$\x1e\
\xff4$\x1e\xff4$\x1e\xff4$\x1e\xff4$\x1e\
\xff4$\x1e\xea4$\x1e\x8c4$\x1e\x1b4$\x1e\
\x004$\x1e\x004$\x1e\x00\x00\x00\x00\x00\x00\x00\x00\
\x00\x00\x00\x00\x00\x00\x00\x00\x00\x00\x00\x00\x00\x00\x00\x00\
\x00\x00\x00\x00\x004$\x1e\x004$\x1e\x004$\x1e\
\x004$\x1e\x004$\x1e04$\x1e\x8e4$\x1e\
\xd84$\x1e\xf94$\x1e\xff4$\x1e\xff4$\x1e\
\xff4$\x1e\xff4$\x1e\xff4$\x1e\xff4$\x1e\
\xff4$\x1e\xff4$\x1e\xff4$\x1e\xff4$\x1e\
\xff4$\x1e\xff4$\x1e\xff4$\x1e\xff4$\x1e\
\xff4$\x1e\xff4$\x1e\xff4$\x1e\xff4$\x1e\
\xff4$\x1e\xff4$\x1e\xff4$\x1e\xff4$\x1e\
\xff4$\x1e\xff4$\x1e\xfa4$\x1e\xdd4$\x1e\
\x964$\x1e84$\x1e\x024$\x1e\x004$\x1e\
\x004$\x1e\x00\x00\x00\x00\x00\x00\x00\x00\x00\x00\x00\x00\
\x00\x00\x00\x00\x00\x00\x00\x00\x00\x00\x00\x00\x00\x00\x00\x00\
\x00\x00\x00\x00\x00\x00\x00\x00\x00\x00\x00\x00\x004$\x1e\
\x004$\x1e\x004$\x1e\x004$\x1e\x004$\x1e\
#4$\x1eb4$\x1e\xa14$\x1e\xce4$\x1e\
\xed4$\x1e\xfc4$\x1e\xff4$\x1e\xff4$\x1e\
\xff4$\x1e\xff4$\x1e\xff4$\x1e\xff4$\x1e\
\xff4$\x1e\xff4$\x1e\xff4$\x1e\xff4$\x1e\
\xff4$\x1e\xff4$\x1e\xff4$\x1e\xff4$\x1e\
\xff4$\x1e\xff4$\x1e\xfc4$\x1e\xef4$\x1e\
\xd24$\x1e\xa64$\x1eh4$\x1e(4$\x1e\
\x024$\x1e\x004$\x1e\x004$\x1e\x00\x00\x00\x00\
\x00\x00\x00\x00\x00\x00\x00\x00\x00\x00\x00\x00\x00\x00\x00\x00\
\x00\x00\x00\x00\x00\xf8\x00\x00\x00\x00\x1f\x00\x00\xf0\x00\x00\
\x00\x00\x0f\x00\x00\xe0\x00\x00\x00\x00\x07\x00\x00\xc0\x00\x00\
\x00\x00\x03\x00\x00\x80\x00\x00\x00\x00\x01\x00\x00\x00\x00\x00\
\x00\x00\x00\x00\x00\x00\x00\x00\x00\x00\x00\x00\x00\x00\x00\x00\
\x00\x00\x00\x00\x00\x00\x00\x00\x00\x00\x00\x00\x00\x00\x00\x00\
\x00\x00\x00\x00\x00\x00\x00\x00\x00\x00\x00\x00\x00\x00\x00\x00\
\x00\x00\x00\x00\x00\x00\x00\x00\x00\x00\x00\x00\x00\x00\x00\x00\
\x00\x00\x00\x00\x00\x00\x00\x00\x00\x00\x00\x00\x00\x00\x00\x00\
\x00\x00\x00\x00\x00\x00\x00\x00\x00\x00\x00\x00\x00\x00\x00\x00\
\x00\x00\x00\x00\x00\x00\x00\x00\x00\x00\x00\x00\x00\x00\x00\x00\
\x00\x00\x00\x00\x00\x00\x00\x00\x00\x00\x00\x00\x00\x00\x00\x00\
\x00\x00\x00\x00\x00\x00\x00\x00\x00\x00\x00\x00\x00\x00\x00\x00\
\x00\x00\x00\x00\x00\x00\x00\x00\x00\x00\x00\x00\x00\x00\x00\x00\
\x00\x00\x00\x00\x00\x00\x00\x00\x00\x00\x00\x00\x00\x00\x00\x00\
\x00\x00\x00\x00\x00\x00\x00\x00\x00\x00\x00\x00\x00\x00\x00\x00\
\x00\x00\x00\x00\x00\x00\x00\x00\x00\x00\x00\x00\x00\x00\x00\x00\
\x00\x00\x00\x00\x00\x00\x00\x00\x00\x00\x00\x00\x00\x00\x00\x00\
\x00\x00\x00\x00\x00\x00\x00\x00\x00\x00\x00\x00\x00\x00\x00\x00\
\x00\x00\x00\x00\x00\x00\x00\x00\x00\x00\x00\x00\x00\x00\x00\x00\
\x00\x00\x00\x00\x00\x00\x00\x00\x00\x00\x00\x00\x00\x00\x00\x00\
\x00\x00\x00\x00\x00\x00\x00\x00\x00\x00\x00\x00\x00\x00\x00\x00\
\x00\x00\x00\x00\x00\x80\x00\x00\x00\x00\x00\x00\x00\x80\x00\x00\
\x00\x00\x01\x00\x00\xc0\x00\x00\x00\x00\x03\x00\x00\xe0\x00\x00\
\x00\x00\x07\x00\x00\xf0\x00\x00\x00\x00\x0f\x00\x00\xfc\x00\x00\
\x00\x00?\x00\x00\x89PNG\x0d\x0a\x1a\x0a\x00\x00\x00\
\x0dIHDR\x00\x00\x01\x00\x00\x00\x01\x00\x08\x06\x00\
\x00\x00\x5cr\xa8f\x00\x00a\xa0IDATx\xda\
\xed\xbdy\x9cd\xd7]\xd8\xfb=\xe7\xdc{k\xef\xea\
}\xf6\xd1,\xdaf$\xcbh\xb7,\xcb\x8a\x17\xd9\xd8\
,^ \xf0\xfc\x1e\x04\xfb\xd9!\x8f\x84\x84$\x06\x02\
!\x84\x0f\x09\x10\x12\x13B\xc8F\xd8!\x84%!\x80\
1\x06\xdb\xf2.\xc9\xb26K\x96,k\x9d\xd1\xec3\
\xbd/\xb5\xde\xed\x9c\xf7\xc7\xb9U]\xdd\xd33\xd3\xdb\
LU\xf7\xdc\xaf>\xa5\x9e\xee\xae\xbau\xeb\xf6\xfd\xfd\
\xceo;\xbf\x9f\xd8{\xed\x1d\xa4\x5c\x92Q`\x17\xb0\
\x03\xd8\x0d\xec\x03\xf6\x02\xdb\x93\xdf\xf5\x03E \x9b<\
D\xb7Ox\x8b\xa2\x81F\xf2h&_\xa7\x801\xe0\
\x0cp,y\x9cK\xbe?\x09\xf8\xdd>\xe9^\xc6\xe9\
\xf6\x09\xf4\x18\x19\xacp\xef\x03n\x02\x0e\x03\xfb\x81\x11\
`\x08\x18\xc4\x0axJw\x90@!y\xb4\xb8n\xc9\
s40\x8fU\x0c\x13\xc0Y\xe0e\xe0\xb9\xe4\xebI\
\xac\x82H!U\x00e\xe0\x10p\x17p\x1fp#V\
\xe0\x0b\xeb9hJW\x91X\x8b\xac\x1f8\xb8\xcc\xef\
O\x03\xaf\x01O\x02_\x06\xbe\x01\xbc\xd2\xed\x93\xee\x16\
\xe2*t\x01n\x00\xee\x01\xde\x05\xdc\x06\x5c\xdb\xed\x13\
J\xe9*s\xc07\x81/\x01\x9f\x06\x9eN~vU\
p\xb5(\x80\x1b\x81\x07\x80\xf7\x03w`\xfd\xf5\x94\x94\
\xe5x\x05\xf8\x02\xf0\x7f\x80\xafb\xdd\x89-\xcbVV\
\x00;\x80o\x03\xfe/\xe0nR\xa1OY=/c\
\xad\x82?\xc4*\x83-\xc7VT\x00o\x04\xbe\x0f\xf8\
Nl\xe4>%e\xbd\x18\xe0+\xc0\xff\x00\xfe\x12\x1b\
X\xdc\x12l\x15\x05P\x00\xde\x03\xfc p\x7f\xb7O\
&eKs\x06\xf8c\xe0\xb7\xb0\xb1\x83M\xcdfW\
\x00\x03\xd8\xd5\xfe\xefa\xd3v))W\x8a\x1a6N\
\xf0\x9f\x81'\xba}2ke\xb3*\x80>\xe0C\xc0\
\x0f\x93F\xf1S\xbaK\x00\xfc\x19\xf0\xef\xb1\xa9\xc5M\
\x85\xec\xf6\x09\xac\x12\x05|\x10\x1b\x90\xf9\x15R\xe1O\
\xe9>\x1e6\xd0\xfc0\xf0\x9b\x9c_\x98\xd4\xd3\xa8\xf2\
\xe0\xcen\x9f\xc3Jy\x1b\xf0;\xc0?\xc2V\xe6\xa5\
\xa4\xf4\x12\x0e\xb6\xae\xe4\xfb\x80\x12\xf0ul\xa9rO\
\xb3\x19,\x80=X\xcd\xfail\xb5^JJ/3\
\x00\xfc\x14\xd6J\xfd\xben\x9f\xcc\xa5\xe8e\x05 \x81\
\x1f\x02\x1e\x07>\x8c5\xffSR6\x0b\xd7b\xd3\x86\
\xff\x07\xb8\xbe\xdb's!zU\x01\xdc\x00|\x1c\xf8\
\xaf\xd8\x1dw))\x9b\x95\xf7ck\x08~\x98\x1e\xdc\
%\xda\x8b\x0a\xe0\xff\x05\x1e\x01\xbe\xbd\xdb'\x92\x92\xb2\
A\x0c\x01\xff\x09\xf8S\xec6\xf2\x9e\xa1\x97\x14\xc00\
6\xc8\xf7[\xd8\x0b\x96\x92\xb2\xd5x?vq\xfb\xee\
n\x9fH\x8b^\xc9\x02\xbc\x11\xf8s\xec\x86\x9d\x94\x94\
\xadL\x1f\xf0\xb7\xb1{S\xbe\x0c\xc4\xdd<\x99^\xb0\
\x00>\x82\x8d\xf0\x1f\xea\xf6\x89\xa4\xa4\x5c!\x04\xf0\xa3\
\xc0_`;Lu\x8dn*\x80\x0c\xf0\xab\xc0o\x90\
\xee\xd4K\xb9:\xf9Vl\x1f\x82\xbf\xd5\xad\x13\xe8\x96\
\x02\x18\x00\xfe7\xf0\x0f\xbb\xf5\xc1SRz\x84\x03\xc0\
_\x01\xdf\xdf\x8d7\xefF\x0c\xe0Z\xac\xbf\xff\xd6n\
|\xe0\x94\x94\x1e\xc4\x03\xde\x8b\xddW\xf0\xf0\x95|\xe3\
+\xad\x00\xee\xc2\xee\xa7Nw\xee\xa5\xa4,F`\xcb\
\xdd\xfb\x81\x07\xb1=\x08.;W\xd2\x05x\x0b\xf0I\
l\xc7\xdd\x94\x94\x94\xe5\xf9\xc7\xd8T\xb8{%\xde\xec\
J)\x80\x07\xb0f\xff\xf0\x15z\xbf\x94\x94\xcd\xcc\x07\
\x81\xdf\xc3\xba\x06\x97\x95+\xa1\x00\x1e\xc0\xd6C\x97\xaf\
\xc0{\xa5\xa4l\x15>\x00\xfc>\x97Y\x09\x5cn\x05\
\xf0\xb7\xb0\xe5\x8f\xa5\xcb\xfc>))[\x91\xef\xc5\xba\
\x03\x97m~\xc7\xe5\x0c\x02\xde\x89-t\x18\xbc\x5co\
\x90\x92r\x15p\x0bv\xfc\xdc__\x8e\x83_.\x05\
p-\xf0\x09\xd2\xae\xbc))\x1b\xc1\x1dXk\xfd\x0b\
\x1b}\xe0\xcb\xa1\x00\x06\xb0\xa9\xbe\xc3\x97\xff\xba\xa4\xa4\
\x5c5\xdc\x8f\xedH\xfc\xb5\x8d<\xe8F\xc7\x00<\xe0\
\x0f\x80\xdb\xaf\xd0EII\xb9\x9a\xf8\xcf\xc0\xbb7\xf2\
\x80\x1b\xad\x00~y\xa3O0\xe5B\x985>R6\
1\x1e\xb6\xcb\xd0-\x1bu\xc0\x8dT\x00?\x04\xfc\x83\
+}E\xae\x0e\x0c\x06\x8d!\xc6\x10a\x88\xb1\x85c\
\x0a\x81\x83\xc0\xc1vL\x93+\x10\xfdTilr\x06\
\xb1J`C\x82\xeb\x1b\x95^x#v\xf5OY\x17\
\x06\x83\xc1\x8e\xb87m\xd1\x138(\xf2(rH\xb2\
H\xf28\x14\x90\x14P\xe4\x10(\x04\x22yE\xeb\xff\
1v\xab\xb9!&B\x9b\x06\x9a&1M4\x0d\x22\
QA\xd3\xc0\x0a\xb8h\xbf?\xed\xf7l\xfd?9\x1f\
c\x16\x9d\x91\xe8|\xa6\xe8\xect\xd5s]\xaf\xb6\x22\
\xb7\x00\xff\x0d\xdb\x8e|]\x1az#\x14\xc0\x08\xf0\xdb\
@\xb6\xdbWe\xf3\xd1)\xf0\x00\x12I\x0eE\x01\x97\
><F\xc9\xb3\x13\x8fQ<\x06\xf0\xe8\xc7!\x9f(\
\x01\x99\xac\xfe\xaa\xad\x00\x04\x12\x8c\x04\x04\x06\x0dB\x83\
\x00\x83F\xcb\x10##\xb4\x0c\xd1\x22D\xcb&\xb1\xf2\
\x89\xf0\x89d\x93@\xd4h2M\xc8<1!ZD\
h\xe3[EbB\x8c\x0e\xc1\xc4`4Z7A\xfb\
\x18\x13\xa0\xa3\x1a\x86\x08\x8c\x06c\xad\x94\xb6\xf2\x10\x82\
T!\x5c6\xbe\x07x\x8cu.\xbc\xebU\x00\x02\xf8\
\x8f\xd8&\x9e)+\xa2e\xcek\x04\x0aI\x0e\x8fQ\
r\xec!\xc7Nr\xec\x22\xcf\x1er\x8c\xe0\x90G\xe1\
!\x92\x86\xc8\x22Y\x91Mr\x1c\xfb\x0f\xb3\xb0\x86+\
\x81\x94\x02\xa1\x04BI\xa4\xa3\x90\x8e@8\x12\xa9d\
\xf23\x01R\x22\xa4\x00%@\x80\x96\x06\xa4&\x96\x11\
\xb1\x89\x08\x09h\xd0\xa0\xce<M\xe6\xf1M\x93\xc04\
\x09u\x03\xad\x9b\x988\x80\xc8\xc7\xc4\x1a\xb4U\x02Z\
\xd7\xd0\xc1,\xb1?I\x1c\xcd\x81\xf6\xeds\xb5\x0f\x22\
QN\xa9B\xd8h~\x1e\xdbb\xec\xb1\xb5\x1e`\xbd\
\xa3\xc1\xfe.\xf0\xeb\xdd\xbe\x0a\xbd\x8f\x15z0\x08<\
\x14}\xe4\xd8K\x91\xeb)r \x11\xfc\x11<\xfa\x96\
\x88G\xa7\xd9m\x16\x1b{\x02\x84\x12HW!]\x89\
t$\xd2U(O\x22\x5c\x89p@\xb8\xc2\xaax\xcf\
\x0a\xbaH4\x85\xe9\xb4\xda\x05\x08#@\xda\xdf\x1b#\
\x16\xdeN\x08\x8c1\x04\x844E\x93\x86\xa9\xd1\xa0N\
\x8d9\x9aT\xd1\x22\xb2g\x18\xc7\x98(\x86(\x06\x1d\
\xa3\xa3:q0\x87nL\x135'\x89\xc3I\xe2`\
\x02\x1dV\x00\x8d\xc1Xe\x96*\x84\x8d\xe09\xe0^\
\xa0\xb2\x96\x17\xafG\x01\xdc\x80mw\x9cV\xfa-K\
\xcb\x1f\xb7R\xe72B\x86\xdd\xf4q3e\x0eS`\
7\x19J(2\x89\xf7\xae\xdb\xde\xfby\x87\x01+\xa8\
\xd2\xae\xe6N\xc6Az\xd2\x0a~V!=\x89p\x04\
\xb8 <l<\xd0X\xab<\x09\x03\xd8CHl\xd8\
W\xb4\x0e\xd8R\x04\x06\xa4X\xf8\xbdi\xff\x1a\x13c\
5\x86\x11\x08\x03Z\x18\x02\x15\x12:\x015\xea\xccE\
S\xd4\xcc<\x81n\xa2\x9d\xd8\x0av\x0c&\xd2V\xb1\
\x18C\xecW\x88\x1bs\xc4\x8d\x19\xc2\xfaI\xa2\xfa\x09\
\xe2`\x16\xa3k\x89\xcb\xa0Re\xb0>~\x15\xf8\x91\
\xb5\xbcp\xad\x0a@bK\x13\xdf\xd9\xedO\xde{\x98\
\xc4\xbc\x97\x08\x8ad\xd9G\x1f7Q\xe6u\x94\xd8O\
\x86\x02\x0a\x97Vp\xcd,\x17\xc3\xe9\x10z\xe9\xd8\x15\
\xdd\xc98\xa8\x8cBz\x0a\x99\x13\x08O\x822\xe0\x0a\
\x84\x93\x08j\x08&0\x0bBo@\xb8 \xb3\x02\x91\
\x15\x90\x11V\xce\x0c\x18mll/\x06\x13\x1b\x88H\
\x04\x17\x88L\xfb\xfd\x11\x80L\xb4Ab\xc5\x0b\xb1`\
Bh\xa9\x89\x9c\x88\x8aW\xa7\xe6\xd4\xa8\x9aYjz\
\x0e#\xb5u3Lr\xbcD\xc0u\xb3A\x5c\xaf\x11\
7g\x08\xe6_#\xaa\x9c j\x9eE\xc7U{\x02\
\xa9e\xb0\x16bl{\xb1\xcf\xae\xf6\x85kU\x00?\
\x08\xfc\xf7n\x7f\xea\xde\xc2\x0a\xb3$\x83\xc3(y\x0e\
\xd1\xcf\xad\xf4q\x90\x22;ppX\x88\xee_ p\
\xdbZy\xa5@z\xca\x0a}\xceAf$2#\x10\
YiMz\x9b\x01\xb4\x87\x0b\x0dD\x02\xa1\xec\xea/\
\xb3\x02\x91\x11\xc8\x92@\xe6\x13\x17@c\x95C\x04\xa6\
\x9d\xdd3m%aZ\xdfk\xda\x0f\x13\x1b\xab\x1c\x02\
0\x91\xc1\xf8`\x9a\xc6*\x0b\xdd\xfe(\x80U\x08\xad\
,D\xc3\xf1\xa9\xe7j\xccys\xcc3E(\x9b\xe0\
j\xa4\xeb\xda\xe7\xb9\x0a\xe19\xe80F7cLP\
#\x98;M4s\x0a\xbf\xf2\x0aQ\xe3\x0c&\xaa[\
\x7fD\xb4\xcd\x95\x94K\xf3M\xe0\x0d\xac\xd2\x15X\x8b\
\x02\xd8\x8b\x1d\xd7\xb5\xad\xdb\x9f\xb8\xfb\x98\xc4\x9f\x05I\
\x11\x8f\xbd\x14x\x1d\x03\xdcJ\x99}d)\x22\x11\x5c\
p\xa5_8\x0cH\x81r\x05*\xeb\xa2r\xc9j\x9f\
\x95v\xe5v\xb1\x8a\xc1Id\xc2X\x81\x97Y\x81,\
XA\x17Y\x81\xcc\x09d\x92\x8b\xd1~\x22\xb4\x91\xb1\
\xae\x80\xbe\xc0{\x8b\x8b\xfc\xbc\xa5,\xdaJ\xc1Z\x0e\
\xa6\x09\xbai05\x83n\x18ku$\xd6\x87H\xfe\
\x8b\x88\x09\x84\xcf\xac\x9caF\x9d\xa3\xca4\x91\x1b\xa0\
\x5c\x17\xe1\xba\xc8\xac\x8b*\xe5\x10\xae\x02m0Z\x13\
\xd7*\x04S\xa7\xf0'\x9f\xc7\x9f9J\xecOX\x0d\
$D\xf2\xc1S.\xc1/`\xe7\x12\xae\x98\xb5(\x80\
\xdf\x06>\xd4\xedO\xda}4 P\x94\xc9p\x90\x22\
\xb7R\xe60ev\x93%\xdf\x11\xaf_\xc9j\xef\xe0\
\xe4\x1d\x9c\x9c\x83\xccJdN@V <\x1b\xc8\x93\
^\x22\xf0\x8e\x15t\x91\xb1\xca\xa0\xb5\xda#\xad\xa0\xeb\
d\x95>\xaf\x86\xe7BB\xbe\x92\x0c\xb2\xb8\xc81\x92\
\xf7\xd0>\x98\xbaU\x06\xba\xae\xd1U\xab$\x84\xb6.\
@D\xcc\xbc\x98a\x96\x09f8K@\xd5\xba\x08B\
!=\x17U\xce#\xb3.2\xe3!\xb2.:\x8a\x88\
*c\xf8\x13Gh\x9c\xfa:a\xf5\x04:\xae%\xae\
G\xaa\x08.B\x03\xdbv\xef\x1b+}\xc1j\x15\xc0\
\x9b\xb0;\x92.\xdb\xfe\xe4\xde\xc7\xda\xbe\x92~\xb2\x5c\
O\x91\xdb)s\x882;\xc9\x90E\xb6r\xf0\x17\x22\
\x11:\xe9\xd8\x00\x9e\x9b\xb7+\xbe\xccJdQ \xf2\
\x02\x99\xc7\xae\xfen+\xf0\x07\xb8 ]\x10\x99\xc4\x9f\
'1\xc9}\xd0a\x87\xdf\xbf\xb4\xa6gi\x12\xa1\xe5\
b\x1bl$'\x91\xa7\xb6\xdb\xdd\xa14\x8cN~a\
\x80\xd8,\xbcf\xa9\xe2h\xc7\x0a\x80\x08t\x90X\x09\
\x15C<\xa31\x0d\x83\x08%Zk\xea\xb2\xc1\xb4\x18\
g\x92\x934\xcd\x0c\x9a\x08a$BHd\xc6Ed\
\xace\xa0\xcay\xeb*\xe8\x06\xcds\xafP?\xfe\x04\
\xfe\xc4+\xe8`\x16\xa1D\xea\x1e\x5c\x98\xbf\xc46\x18\
]Q\x81\xd0j\x14\x80\x02>\x87\xdd\x95t\x15b\xcd\
xE\x89,\xd7S\xe0\x0e\xca\x1c\xa6\x8fm\xe4($\
\x82\x7f\x093_\x08\xa4\x12\xa8\x9c\x83\x93sq\x8a\x0e\
2/P\x03\x02\xd1'Q9\xbb\xa2\xb7ok\x07\xa4\
\xdbZ\xf1\x85u\xdb\x03\xd3\x0e\xf4\x99%\xbex\xfbm\
\x00\x94\xb5\x1el:\x10\x84g-\x05\xe9a\x15\x88\xb1\
1\x03\x91\x15\xa0\xeds\x12o\x05\xa3A\xa8\xc4\xe4\x8f\
\xecAM\x87\x92\xd1~\x22\xe0A\x12\x0f\x88\x92\xf8B\
\xd0\xa1$Z\xca$\xb6\xeeB<g\xd0\x15\x83\x99\xb7\
\xaf\x0f\x08\x98\x16cL\x893T\x98H\x8a\x89\x92Z\
\x07!AId\xdeC\x15\xf38\x83\x05D\x16\x82\xd9\
S\xd4O<C\xed\xc8W\xd1\xc1,\x08\x83\x90W\xf1\
Z\xb4<\x06\xf8Nl\xab\xf1K\xb2\x1a\x05\xf0}\xd8\
\x1a\xe4\xab\x0c\x1b\xd5\x97d\xf0\xd8O\x91\xbb\xe8\xe3u\
\xf4\xb1\x8b\x02\x05\x14j\xa10\xe7\xc2\x87@(\x89\x93\
sp\x8b\x1e\xaa\xa0P}\x125,Q\x83\x0b&\xbe\
i\x05\xc1\x95\x15X\xe1\xd9\xd4\x9c\x89\x0d&\x04\xe3\x1b\
+\x90\xba]\x03\x84\x90\x89p\xbb\xd6-P}\x02\x99\
\xb1\xdf\xcb\x5c\x12\x1fp\xb0JD\x89E\xab>\xb0\xd8\
bXbA\xb4\xad\xed\xd6\x0a\xdf\x8a\x03Df!c\
`H\xe2\x00\xf6{]\xd1\xc4\xf3\x06]K\xb2\x0c\xc9\
s\x90\xf6\xf5q\xd5`\xe6\x0d\xf1\xb4\x81\x1a4\xe3\x80\
i&\x18\x17\xc7\xa91\x85!\xb2J I!Z\xcb\
B\xa1\x0aY\xdc\xed\xfd\xa8\x81\x0c\x91?N\xe5\xc5G\
h\x9c|\x9a\xa82a\xb3\x0d\xa9k\xd0\xc93\xc0=\
@\xf3RO\x5c\xa9\x02(\x00O\x027v\xfb\x93]\
Y\xac\x9f\xef\xb2\x9d<w\xd0\xc7\x9d\x94\xd9K\x892\
\x0e\xce\xca\x04_\x0aT\xce\xc5-\xb88}\x0e\xce\xa8\
B\x8d\x08\x9cA\x89\x10\xc2F\xd5\xe3D\x90\x93@\x1e\
\x0akJ\xd7\x8d]m#\x16\x99\xf2\x22#\x90eP\
\x05\x81\xcc\x0a+\xf4E\x81\xcc\x80\xc8Y\xa5\xd1\xb2\xdc\
;\x05\xdatX\x0b-\x05\xb2\xeaJ\xf2\xe5\xca\xfe;\
\xea\x0cL\x94(\xaa\xc0Z\x04\xd1\xb4u\x03t 0\
\xf5\x85,\x82\x09\xad\xe2\xd0\x13\x06=\x0b\xcdF\xc0\x14\
c\x8c\xcbc\xd4\x98\x82$\x95\xday\xb2F\x1bd\xd6\
\xc3\x19.\xe3\xee,\x11\x87\xe3\xcc?\xffy\xeaG\x9e\
@\xc7u\x84h\xd5\x13\xa4`G\xee\xfd\xd6\xa5\x9e\xb4\
R\x05\xf0\x0f\xb0{\x91\xaf\x12l\xe8[R$\xc7\xcd\
\x94\xb8\x87>\xae\xa7\x8f!\xb2\xe4:6\xde\x5c\xe4\xe5\
\x02T\xc6\xae\xf8^\xbf\x8b\xda\xa6pwId\x9f\x8d\
\x92\x13\xd8\xd5Md\x92t\x1d\xd6\xcc\xd6M+@\xed\
 aF \xb2\xa0r\x02\xd5/p\xfb\xad\xb0;}\
\xa0\x8a\xd6rh\xaf\xdcr\xe1\xfe\x17\xc9\x02\xda\x0aG\
,\xa4\xffh\xfb\xf7F'\xd9\xc0\xb8]\xe6\xbf\xf0o\
\xb3\xe4\xf3\xc0\xca\x5c\xee\xce\xa0a\xebu\xb1Ufq\
\xcd\xa0g\xacR0A\x92\xa5\x08\xad\xb5\xa0g \x9e\
6\xd4\xabM&\xf4\x19&\xc41\x9ab.9T\xc7\
\x1b\x1b\x9b\xd5\x90\x8e\xc4\xd9>\x80\xbb3O\xed\xe43\
T_\xfc\x22\xe1\xdcI\xd0!H\xd5\xed\x1b\xa8\x17x\
\x09\xdbI\xa8z\xb1'\xadD\x01\x94\x81\xa7\x80\x83\xdd\
\xfeDW\x06+1.{(r/en\xa7\xcc\x0e\
\xf2\x14\x92U\xff\xe2K\xa61\x06\xe9(\xbcb\x06o\
\xd0\xc3\xdd\xa9p\xf7(d\x1f\x89\x0fmWh\x99\xb7\
Q\xfe\xb6/\x1d\xb7\xc3\x04\xc8\x82@\x0d\x0a\x9c\xb2\x15\
tw@\x22\xb3\xa0r 3tn\xd0\xbb\xc8\x89\xb0\
\xf2\x18YG=@Ki\x18\x0d:\xb2\xca@\x87\xf6\
\xdf\xba\xa3\xc0\x08Vq\xfc\xc4\x85\x10-\xc5\xd30V\
!\xcc\x1a\xe2\x19\xfb\xd5\x84\x06\xdd\x00=m\x88\xc7`\
\xbeZ\xe1\x9c>\xc6\x94<IH#I\xa7\x8aE\xe7\
l\xe2\x18U.\xe1\xed\x19$\x9c;C}\xfc\x19\x9a\
\xe7\x9e&\x9e\x1fKS\x87\x96\xbf\x8f\xdd5xAV\
\xa2\x00~\x08\xf8\xaf\xdd\xfe$W\x02C\x8c$O\x9e\
[\xe8\xe3>\xfa\xb8\x8e2\x83xdX\xbc\xa4-\xfb\
b\x84\x148\x05\x17o \x83\xb7\xd3\xc1\xdb\xe7 \x07\
\x92 \x9bL\xaa\xf2\x94\xbd\x89\xe3\x9a\xc1\x98d\x15\xf7\
\xb0\xabzY\xa0\x8a\x02\xa7\x1f\x9c\x82@z \x1d\xec\
\xcaN\xc7*~9Y*\xd4f\xc1Jh)\x848\
\xb4J\xc1$\xdf_\xf0\xb5\x17\xa2\x95IH\x82\x8b-\
E\x10M\x19\x9bN\xac\x18\xe2i\x08'cff\xa6\
9c\x8e2'\xcf&\xf1\x81%B\xad\x0dj\xb0\x84\
3P$\x9a\xaf\x10\x991\x1ac\x8f\xe3\x8f=\x8f\x09\
\x1a6\xa0r\xf5\xf2*p\x1b\x17)\x0e\xbaTO\xc0\
<\xf0\x9b\xd8-\xbf[\x18\xbb\xec\xb9\x0c\xd3\xc7[\x19\
\xe0\xed\x0cq=\xfd\x0c\xe0\xae\xa4-\xbb\x01\xe9*\xb2\
\xc39r\xfb\xf3d\x0f\xbbx\xd79\xa8>\x89\x94v\
\xe5\x16\x89mn\x22\xc0\x11\xa8a\x89\xb7K\xe2\xed\x96\
x\xdb%\x99\x1d\x82\xec.\x897$p\x8a\x02'\x93\
\xdc\xbb\x9d\x059]B$\x81I\xe9\x82\xf2\xc0\xc9\x80\
\xca\x82\x93\xb5\xdf\xb7d\xcct\xc4).\xaa\x0c:>\
\x8bp\x12\x97\xa6_\xe2\x0c\x0ad\xd9\x163\x89\x0c\xa8\
\x92\xa4\x90)P\x0e\x87Qa\x9e\x86\xae\x11\x89fG\
\xaf\x02{r\xa6\x19 <\x07a$T]2\x83\xfb\
Q\xfd\x03\xc4\x8d)L\xb3\xca\xf9=\x0b\xae\x1a\x06\xb1\
J\xe0\xe9\x0b=\xe1R\x16\xc0\x07\x80?\xec\xf6\xa7\xb8\
\xbc\xd8@_\x86\x03\xf4\xf1v\xfa\xb9\x852\xc3+\xf6\
\xf5\x85\x108%\x97\xec\xce\x1c\x99\x03.\xde^\x89,\
\x09\x88\x0dB\x08\xb4o\xa5A\x16@\xf6%\x01\xbb\xac\
\x0d\xd8\xc9\xc4\xb7w\xf3I\x95\x9fZ8n\xcf#\x16\
\xbe\xb4,\x84\x96e\x107\x17\xac\x85\xce\xe7^\xf2x\
-e\x17A<\xa7\x89&\x0d\xd1\x98&\x9e\x86\xe8\x9c\
avl\x9eS\xf5W\x99\x16'1\x22\x5c\x1c$\x94\
\x02w\xe7 z\xaeN\x5ci\x22\x8a\x1e\xda\x9b\xa0~\
\xfa\xcb\xf8g_H\x8e\x7fU\xba\x04OcK\x84\x83\
\xe5~y1\x0b@\x01\xff\x09\xb8\xa6\xdb\x9f\xe0\xf2\xa1\
\x01\x87\x02\xb73\xc0\xb71\xc4-\xf43Lv%\xbd\
M4HO\x91\xdd\x9e\xa3p(O\xee\x16\x17o\xbf\
B\x15\x05\x84\x80\xb1\x11~5(\xf1\xf6H\xdc\xed\x12\
\xa7_\xa0\xf2\x02\xb7\x0f\xbc~\x81W\x168\x85\xce\x12\
\xdfn_\x8f\xb5\xb3\xc8B\xc8%\x96A\xe7g\xb2z\
\xf6\xe2\xb4\x9e\xabl\x8c\xc4\x19\x908\xfd\x12Q\xb2)\
\xcd\x5c6C?\xa38\x8d\x02\x8d\xb8J\xd8\xb2\x06Z\
\x11\xcf\xd8\xe0\x0c\x960\xcd\x00S\xf3\x91\xbaDf\xdb\
\xb5\x90QD\x951\xab\xa1\xae>%\xb0\x03\xf8*\xf0\
\xcar\xbf\xbc\x98\x02\xb8\x07\xf8\x19\xae\xec\x00\xd1+H\
\x8c\xa0@\x89\xfb\x18\xe4]\x0cr\x1d}\xf4\xe3\xe2^\
:\xc2o\xc0)\xb9\x14\x0e\xe6)|K\x8e\xdc\xcd\x0e\
\xee\xa8\xb4\xf5\xf0M\xeb\xcf\xabaIf\xb7\xc2\x19I\
Ru\x19p\x8aV\xf0\xdd~\x81\xca\xb2\x10\xc1\xdfb\
\x08a\x95\x81\x93\xb5\xae\x82\xf2\xb0\x99\x87\xce\xe6G+\
\xb1\x0a\xa4Mk:\xfd\x02wD\x22\xfb\xc0)J\xfa\
2\xfd\x14\x9b#\x04~D\x83y\x10\x1a!$\xc6\x0f\
A\x09T)\x87n4!\x8c!\xf0\xc8\x0c\x1d@\xe6\
\x8bD\xd5s\xc9F\xa3-zK_\x98\x12\xf0\xc7\xcb\
\xfd\xe2b\x0a\xe0g\xd8\xa2\xed\xbd\x0d1\x0e\x83\xf4\xf1\
\x0e\x86y;\x83\xec\xa5H\xf1\xfc\x00\xd3\xf9/DH\
Av{\x8e\xe2\xeb\x0a\xe4\xef\xf2\xc8\x1c\x90\x08\x05\xba\
f\x90E\x89\xb7G\xe1\x0c\xdb`\x9ep\xec\xea\xee\xf6\
AfP\xe0\x15\x13\xff\xb6\xdb\x17\xe0\x0a\xd2\xb2\x0c\x9c\
,\xa8L\x12\xd4\xa4\xd5g\x80\x15\xba\x07\xb6BR\x0d\
H\xd4\x90@\xf6A6\x9f\xa5\xdf\x8c\x22j\x19ja\
\x85X\xfa\x89\x12\x88p\xcayP\x0a\xd3\x08l\x9b\xb2\
\xa6\xc6+\xef\xc5\x1d\xd8AX\x19\xc7\x04\x95\x85\x9e\x08\
W\x07{\xb0\xc3y'\x97\xfe\xe2B\x0a`;\xf0+\
\xd8\x02\xa0-\x85!\xc6e\x84~\xde\xcd\x10\xf71\xc8\
Nr\xe4/\xfdB\x0d2\xa3\xc8\x1f\xc8\xd3ww\x9e\
\xc2m\x0eN\xbf\x84H\x80#pvX3\xdf\xd6\xef\
\xdb\x88\xbf[\x02o@\xe0\x16mD\xff\xea\xb9\xdf\x96\
AX\xe1w2V\x11(\xaf\xc3\x22XIZ\xb1U\
l\x94\xb5\xae\x81\x1a\x00\xaf_Qv\x86\xc86\xfa\xa9\
5j\x04\xd4l\x9d\x80\x1f\xe3\x0e\x950A\x84\x89l\
\x89\xb1i\xc68\x85Q\xbc\xa1\xbd\xc4\x8d\x19b\x7f\xfa\
jR\x02.0\xc32\x93\x85.\xa4\x00>\x80\xed8\
\xba\x850\x18b<\xf6\xd0\xcfw0\xc2=\x0c\xb2\x9d\
\x0c\xad\xc4\xfa\x05_\x86\xd1\xe0\x94\x1c\xfan-\xd1w\
_\x96\xecAe\xfb\xe9)P\x83\x02w\xd4\xee\xd7G\
\x032Y\xf1\x87\x04^\xc9\x0a~7\x03\xd0B\xd8\xba\
\x18\xe9\xd8\x87r@\xb9\x1d_;\x1f\x8e}\xaeP \
\xe5\xe5;o\x91\xecIpr\xd6Eho<Zi\
\x9c@\xdaZ\x09gX\xe2\x8c@1_\xa4\x14\x8c\xe2\
W#\x1az\x0e\x13\x85\xd8\xc0k\x0e]k\xb4c\x04\
\xc6\x0fQ\xf9A\xbc\xa1}\xb61Ic\xc2\xbe\xe9\xd5\
\x91!\x18\x05~\x17\x1b\xa1j\xb3\x5c\x16@`;\x8b\
\xbc\xb5\xdbg\xbc\xb1\xc4\xb8\xecf\x80\xf70\xc4m\x0c\
0\x9c\xd4\xf1_\xda\xdf\xf7\xb6g\xe8\xbb\xbb@\xe1\x16\
\x17Y\xb4\x9brT\x9fD\xe6iG\xaeE\x92\xees\
\xfb\x04N\x8ev[\xae+EK\xc8\x97\xba\xb7a\x03\
\xfcj\x95\xa8\xd9 h\xd4\x89\x1aMt\x1c\xa1\xe3\x18\
\x1d\xc7\xa0\x13\xa7\x5cJ\x94\xe3\xa0<\x0f'\x9b\xc3\xcb\
\xe5p\xb292\xc5\x22nn\xc9e\xd1\x1d\x85A\xeb\
%\x91=\x1d@X\x83\xa8\x99\xa4JW\x9190u\
Ct\x1c\xe6\xbf\xees\xec\xc5#\x9c\xae\xbdH\xac|\
2;\x87\xd1\x8d\x90hj\xdev5J*\xadT\x7f\
\x01#\x1bT\x8f~\x91\xe6\xccSX\x99\xd8\xf2q\x01\
\x83\xed\xe0\xf5\xe0\xa2K\xb8\x8c\x02\xb8\x0e;\x7f\xac\xd8\
\xed3\xde\xb8O\x1e\xe1\xb1\x87A\xde\xcb\x08wPf\
\x10\x89\x5c\x91\xf0\xe7\xae\xcbQ\xbe\xafH\xeeZe7\
\xd4dl\xde\xba3?\xaf\xf2\xe0\x96\x05N\xfe\x0a\x05\
\xf6D\xb2Z;v\xf1\xd21\xd4\xa7\xabT\xc6\xcfQ\
97\xc6\xcc\x89c\xcc\x9f=\xc3\xfc\xd93\xd4\xa6\xa7\
\x08\xaaU\xc2f\x83\xb0\xd1 l6\xd0\x91U\x00&\
\x8e1\xc6*\x00!%\xd2qP\xae\x87\x9b\xcb\xe1f\
s\xb8\xb9\x1c^\xa1Hah\x88\xbe\xed;\xe9\xdb\xb1\
\x93\x81k\xf6Q\xda\xb6\x8d\xd2\xe8v\xf2CE\xa4L\
\x9a\x09E\x10w\xeeYX\xc3g\xc2@\xdcR\x04\x0d\
Vf\x11@\xbb\xb0(\x1e74\x9f3\x1c\xff\xdaI\
\x8e\x8e?CT\x08\xf0F\x06\x08\xcf\xcd`\xc2ha\
\x83\x84\x00\xd5_\xc4\xa8\x90\xdak\x0f\xd3\x98~\xc4\xe6\
/\xb7~p\xf0\xb7\x81\x0fw\xfe`\xb9\xbd\x94\xdf\xca\
\x96\x12~k\xf6\x0f\xf1~F\xb8\x93>\xca\x97\x16\xfe\
\xd8\xee\xb0+\xdeV\xa4|_\x0ew\x9bJ\xf6\xe8'\
-\xb6\x12\xdf\xb5\x15\xe0s\xcb\x02\xe9\xb6\xdf\xf0\xb2 \
\xa4\xf5\x9b\xa5\x84(\x84\xd9\xd3\xe7\x989q\x9cs\xdf\
x\x96\xb3\xdfx\x8e\xd9\xd3'\xa9\x8e\x8f\xd3\x9c\x9f\xa3\
3\xba&\x84@Hi\x9b~\x0a\xd9\xee\xe7\xa7\x1c\x07\
\x5cw\xd1{\x18c\xd0QDs~\x9e\xc6\xdcl\xbb\
S\x8fYR\xe1\x93\xed+S\x1a\xddFy\xd7.\xb6\
\x1d\xba\x89\x1d7\xbf\x9e\xa1\xfd\xfb(\xef\xda\x81r\xad\
Q\x11\x07\x89Y\xbf\xf2?\x14\x90\xc4\x07\x5c\x88\xb2\x10\
\xd5!\xf6[}\x09.\xf2\xda\xe4\xf7j\x9b _\x84\
\x83C{\xc9=\x91\xe3\xe5W\x9f\xc1\xaf5P\xfd\x05\
\xa2\xc9\xf9\xe4B&\x7f\xe2\xd9*j\xa0Hq\xff\xfd\
\x08\x14\x8d\xe9G0z\xcbW\x0e\xbe\x1d;\xbcw\xa6\
\xf5\x83\xa5\x16\x80\x04>\xcf\x16\xd9\xf3o\x88p\xd9\xce\
 \xdf\xc5v\xee\xa1\x8f\xfeK\x16\xf7\x98\x08TQR\
\xbe\xbfD\xdf\x9dY\x9c!\x89*\x09LkeO|\
P\xa7\x00n\x7fb\xee\xc3e\x11|!\xc1I\xf2\xe9\
\x8d\xb9\x80\x89\x97_\xe2\xc4\x93\x8fq\xf2\xa9'\x98z\
\xed(\xd5\xf11L\x1c'}\x06\x14\xd2q\xac\xb0_\
\xee\xeb\xaau\xdb\x8a\xc0\x18\x84\x92\x94F\xb73t\xe0\
 {n\xbf\x93=\xb7\xdf\xcd\xc8\xf5\xd7\x93\xeb\xf70\
1D\xabU\x06`M\xfb\xd8\xba\x04Q\xcd*\x94\x15\
!\x81\x18\xe2\x93p\xee\x919^~\xf5\x1bT\xfbk\
\xe8\xd9*\xa6\xee/\xf8\xfb-w`\xa8\x80\xd11\xf5\
\xe3\x8fP\x9f~\xc8\xfa\x22[\xdb\x12x7\xf07\xad\
o\x96*\x80k\xb1\x95C\x9b\xde\x020D8\x0c1\
\xc0\xfb\xd8\xc9[\xe8\xa3|i\xe1\x0f\x0d\xeev\x97\xfe\
\xb7\x97(\xde\x9c\xc1\x19\xb2;\xf5Z\xd1j\xa1\x92\x12\
\xd8\xb2\xad\xde\xe32\x15\xef(\xcf\xae\x82\xcd\xf9\x88s\
\xcf\x7f\x83#_\xfe\x1c\xc7\x1f\x7f\x9c\xa9\xa3\xaf\x126\
\x1b\x08)Q\x8e\x8btz\xa7\x19\x86\x8e\x22\xe2(\xc4\
h\x8d\x9b\xcd1|\xf0Z\xf6\xdey7\x07\xef\x7f+\
\xdbo\xba\x99l\xc9!\x0eW!\xc8\x1d\x98\x18\x82\xaa\
\xb5\x08Z=\x13.JR\xf9\xab'a\xfa\xb1:/\
\xbf|\x84)}\x9ahbf\xf1\x8b[\xbd\x18\x87K\
\x980\xa0~\xfc+4f\xb6\xbc%\xf0_\x80\x1fn\
_\xaa%\x0a\xe0CX?a\x93\x13#)\xd0\xcf{\
\xd8\xc9;\xe8gx\xd1L\x9d\xf3H\xdad{\xfb2\
\x0c\xbe\xbdD\xfe\x06\x0fg\xc8\xfa\xfb\xad\x80\x94\xca\x81\
[J\xfc\xfc\x96\x1b\xb0\x81\x08as\xe5\xc6\xc0\xd4\x91\
\x13\xbc\xf2\x85\xcf\xf2\xf2\xe7?\xc7\xc4K/\x10\xfaM\
\xa4\xb2\x01:\xb1\x09\x22\xd6\xc6\x18\xe2 @\xc7\x11n\
&\xcb\xe8\x8d\x87\xb9\xe1\x81wp\xed\xfdoe\xe8\xc0\
n \x09\xf6\xad\xf4\x1a\xb6\xe2\x03\xbeU\x04q\x93K\
\xd7\x10\xb4J\x8b+0\xf7\x5c\xc0\xab/\x1f\xe7\xd4\xf1\
o\xa2k\xb5\xc5V\x92\x01\x94\xc0\x19-\xa1k>\xb5\
\x13\x0f\xd1\x9c{\x14\xb3u-\x81g\xb1}\x03}8\
_\x01\xfc/\xe0ow\xfb\x0c\xd7\x87-\xef-\xf3\xad\
\xec\xe1\xfd\x0c0z\xc9\xe6\x9cFC\xf6P\x86\xfe\xb7\
\x95\xc8\x1fp\xf1v\x08\xbbm5\xb2>\xa9[\x168\
\xc5\xcbS\xab/$\xb8Y\x08\x9bp\xe2\xa9'x\xfe\
\xe3\x7f\xcek\x8f>Lmr\xd2\x06\xe56\x89\xd0_\
\x88\xb62\x88\x22\x8a##\xec\xbb\xe7M\xdc\xfc\x9d\xef\
c\xcf\xedw\xb4?\xf7\x8a\xdd\x83$]\x18\xd6 \xac\
\xae0[ A\xf8\xd0x\xcd\xf0\xe2\x93G8\xfa\xec\
S\x08\x11#:\x85\xdb\x18p\x15\xceH\x1f\xf1\x5c\x95\
\xfa\xe9\x87h\xcc>\x8a\xdd\xbf\xbd\xe5\x94@\x80U\x00\
_\x87\xc5u\x00e\xe0_a\x83\x04\x9b\x14+\xea%\
\xde\xc4n\xbe\x9b\x01\xb6'\xf7\xc7\x05$V\x03\x0ar\
\xb7\xe6\x18x[\x89\xe2\x0d.\xee6\xd163\xbd~\
[\xc1\xe7\x146\xbeV_H\xf0r\x10\xf9\x11/\x7f\
\xf6s|\xfec\xbf\xc8c\xbf\xf5\xdf9\xf7\xc271\
Z\xe3d2\xd6\xa7\xdf\xc4\xc2\x0f6\x08\xd9Rda\
\xb3\xc1\xb9o>\xcf\x8b\x9f\xfe\x1bN}\xed)\x94\x97\
g\xf0\x9ak\xf0\xf2r\xa1\xd7\xc0%\x8f\x97\x04\x0a3\
\xc9&$\x9b\xf2\xbf0\x06pm\xbcfxd\x90p\
\xcecvb\x02d\xbc\xd0hD\xd8\xcd[&\x08Q\
\xfdE\x94\x1aA\x07\x0d\xe2`\x8c\xd55V\xd8\x14(\
\xec\x0c\x81\xc7a\xb1\x02\xb8\x15\xf8\xa7\x9b\xf9\xd3\x1a\x22\
r\xdc\xcc.\xfeo\x86\xd8\x97\xa4\xe2/pW\xc5@\
F\x90\xbd=O\xf9\xcdE\x8a\xd79\xb8\xc3\xa2\xbd\xea\
gG\xec\xb6\x5c\xd9\x1a\xe2\xb3Q\x08ps\xa0#\xcd\
\xcb\x9f\xfd<\x0f\xfe\x9b\x9f\xe3\xc9?\xf8]fO\x9d\
\xb49x\xcf\xbb\x22\x81\xbcn \xa4D\xb9.\x08\xc1\
\xcc\xf1\xd7x\xf9\xb3\x9f\xe6\xe4SO\xe2\xe6\xfa\x18\xdc\
\xb7\x0f7+V\x5c[ \x1d\xeb2\x09a3x\x17\
\x95\xd3$p\xeb\x96ad\xc7\x10\xfe\xb8bfr\xcc\
6\x15m\xb7P\x02B\xdbeE\xf6\x15\x91f\x08\x1d\
\xcc\x11\x07\xe3[\xd1\x15\xf0\x81?\x81\xc5\x0a\xe0\xbb\x80\
wu\xfb\xcc\xd6\x8a!\xc4e\x07\xbb\xf8 \xa3\x1c\xc6\
\xb9X\xc0/\x06\x91\x17\xe4n\xcfQ~c\x9e\xd2a\
\x0f\xb7\xdf\xde\x08nI\x90\x19N*\xf86\xf8\x1c\x9d\
\x8c-\xd8y\xed\xe1\xaf\xf2\x99\x9f\xffY\x1e\xff\xbd\xdf\
f\xfe\xeci\xdcL\xd6\x0e\xcc\xd8\xe4\xab\xfdJ\x11B\
\xa0\x5c\x17\xa9\x143\xa7N\xf0\xd2\x83\x9f\xe1\xf43_\
\xa308\xca\xd0\x81\xddH\xb5\xb2\x22#!\x92\xcdF\
nGs\x92\x8b\x5cB\x03x\xc30\xb4}\x18\x7f\xd2\
enj,\xd9H\xd4\xd1[ \x88\x11\x8e@\x15J\
(\x06\x88\x82It8\xb3\xd5\x94\x80\xc2V\x05\x06\x9d\
\x0a\xe0\xc7\x80\xc3\xdd>\xb3\xb5\xa1\x91\xe4\xd8\xc6\xf7\xb0\
\x83\xfb\xf0.V\xe1\x17\x83\xec\x93\xe4n\xcdQ\xba+\
O\xdfa\x0f\xa7l7\xacx\xfd\x02\xb7\xb4\xf1\xe6\xbe\
T\xe0\xe6a\xe2\x95\xe3|\xfec\x1f\xe3\xa1\xff\xf2\x1f\
\x999q\x1c7\x93i\xaf\x88W%B\xd8l\x86\x92\
L\x1f?\xc6\x8b\x0f~\x8a\x99\xe3'\x19\xdcw\x90\xbe\
\x1d\xfd\xed\x9e\x85\x97\xa2\xb5\xd9\xa8U\xa1x)\xbc!\
\x18\x1c\x1e\xa69%\x99\x9d\x9a@\xc8\x0e\xf3A\x80\x09\
bd\xceAf\xfa\x90\xbaD\xd4<\x8d\x89k[I\
\x09\xf4\x01\xff\x078\xd7R\x009\xecH\xa1M\xd8\xf9\
\xc7\xb6\xed\x1e\xe0[\xd9\xcb\xfb\xc9\x91\xbd\xb0\xf0k\x90\
\xfd\x92\xcc\xcdY\x0aw\xe4\xe8{]\x06\xb7\xcf\xe6\xf4\
\xbd\x01\xdb\xa4c\xa3qs\x10\xd6\x1b<\xf6;\xbf\xcf\
g\xfe\xf5\xcfp\xfa\x99\xaf\xa1<\x17\xe5vy\x93@\
/\x91X\x04\x00g\xbf\xf1\x1c/=\xf8i\xe2\xd0\xb0\
\xfd\xd0!\xbc\x82\xb3\x22\xa1\x16\xca\xee-@&\xa9\xc6\
\x0b\xb8\x04\xad\x99\x07\xee\x00\x0c\x0e\x8f\xd0\x9c\x12\xccN\
\x8e%\xb2\xddQ#\x10id\xd1C\xa92Bg\x08\
\x9b'V\x10p\xd84(l\x0c\xe0\x99\x96\x02\xd8\x0f\
\xfc\x04v\xd7\xd0\xa6\xc2\xfa\xfd\x87\xd8\xc7\x87\xe8c\x04\
\xc3\x05lG\x0dr@\x919\x9c%\x7fk\x8e\xbe[\
2d\x06!\xd3ow\xeb]\x96U?\x07'\x9ex\
\x9aO\xfe\x8b\x9f\xe4\xb9\xbf\xf83\x8c\x8eq\xb2\xd9\xab\
\xc6\xd4_-B\x08\x94\xe7\x115\x9b\xbc\xf6\xc8C\x9c\
|\xea)\x06\xf6\xeegh\xdf\xf6\x15[\x03*c-\
\x02\x1d^\xc4%0\xf6\xef\xe3\x94``x\x98\xca\xd9\
\x88\xf9\xd9)dK\x09\x08\xda\x93\x90T\xc9C\xc6\xfd\
\x18\xa3\x89\x9a'\xd9BA\xc11\xe0\xafZ\x0a\xe0N\
6\xe1\xbc?C\x84b\x90=|\x84Q\x0e_x$\
W\x0crP\xe1\x1e\xcc\x90\xfb\x96,}\xb7e)\x8c\
\xd8\x08\xff\xe5X\xf5\x9d\x0c\xc4a\xc8\xa3\xbf\xf1\xdb<\
\xf8\xf3?\xcb\xec\xe9\x93x\xf9\xfc\x96\x0d\xeem4B\
J\x94\xe71{\xfa$/~\xe6\xd3\xe8X\xb0\xf3\x96\
\xd7\xe1d\xd4\x8ab\x03\xad\xceD:Z>U(L\
2\xf9\x08\xbby\xab<8\xc2\xdc\xa9&\xb5\xca$\xb2\
\xf57\x12@\x14\x83\xeb s\x1e2\x1e@G3\xc4\
\xc1\xc4Vq\x05\x9a\xc0\xef\xb4\x14\xc0{\x81wt\xfb\
\x8cV\x87]\x0e\xb6\xf1>\xf6\xf0\xce$[\xbb\xcc\x12\
\x91\x08\xbfw\xd0#{S\x96\xf2\xddY\x8a\xdb%\x99\
!a\xdb\xc7opA\x8fW\xb0\xbe\xfe'\xff\xc5?\
\xe7\xeb\x7f\xfa'\x08)q\xbc\x154\x16M9\x0f\xe5\
\xb8\xe88\xe2\xb5\xaf<\xc4\xb9\xe7_`\xfb\xe1[\xe8\
\xdbQ&\x0e/\xfdZ\x91d\x09Zm\xcd\x97S\x02\
\xd2\x818\x86\xfc\xb0\xa4\xd87\xcc\xf4\xf1y\xfc\xc6\xdc\
\x22Em\xfc\x08Y\xf2\x10\xc2C\xd2O\xe4\x9f\xc1D\
\xf3[E\x09\xfc\x8f\x96\x02\xf80\xb6}\xf0\xa6\xc1\x10\
Q\xe4V\xf6\xf1\xfdd)-\xbf\xfa\xc7\xd6\xe7w\xf7\
zx\x073\xf4\xbd9G\xdfnAv\xa8\xc3\xd7\xdb\
 d\xe2\x83\xbe\xf8\xe9\xcf\xf1\x89\x9f\xf8Q\xc6^x\
\x1e\xafPHW\xfdubS\x87\x1e\x93G^\xe1\xd5\
/~\x8e\xbe\x1d{\xd9v\xe3\xfe\x15\xb9\x04B&\xfd\
\x06L\xa2\x04:0\x89\x15 \x00m\xa00\xe2\x90\xcf\
\x0c1\xf1\xda8aT_(\x142\xc6\xb6\x1e\xef\xcf\
\x22\xa2,\xc2x\x84\x8d\xe3\xc0J\xf7,\xf7,9\xe0\
\x0f[\x0a\xe0G\xb0q\x80M\x815\xfd\x07\xd8\xcf\x0f\
2\xc0\xb5v\xb0\xe4R4\x88\x92\xc4\xbd\xc6\xc3\xd9\xe5\
R~k\x9e\x81k\x15\xb9\xc1\x8d\x17~\xe5\x02F\xf3\
\xc8\xaf\xfd:\x9f\xffw\xff\x86\xb0^\xc3\xcd\xe5\xd6}\
\xdc\x94\x05\x94\xe7\xe1W*\xbc\xfc\xb9\x07\xd1\xb1d\xcf\
m\xb7\x22\x1dq\xc9*B!\xad%\x00\xe7\x07\x07[\
#\x05M\x0cFB\xdf\xce\x0c*\xeeg\xf2\xd89\xb4\
\x0e\xda;'\x09t\xd2k0\x83\x08\x8b\x18\xdd$j\
\x9e\xde\xec\x1d\x85\x14I\x0c`\x04;\xfcc[\xb7\xcf\
h\xa5\x184\xdb\xf8vv\xf1N\xe4r\x92\xacA\xe4\
$\xee>\x0fY\x96\x94\xbf\xb5\xc8\xc0M\x0e\xb9\xfe\xa4\
zl\xb5;\xd3.\x82\x93\x01\xbfZ\xe7S?\xfb3\
<\xf5?\x7f\x0f\xe5:Hw\xd3\xc5R7\x05R)\
0\x86\xa3_y\x98\xb9\xd3g\xd8\xf7\x867\xe2\xe5\xdd\
K\xc7\x05\x92\xeaA\xa4\xddO\xd09\x1eMy\x1d\xdd\
\x88$\xf4\xef(\x10W\xf3L\x9d9\x83hu\x0b\x12\
\xd6\x15\x10y\x17\xe9:\x88\xb8\x8f88\x8b\x8ef7\
\xbb+\xf0\xa8*\x0f\xee\xbc\x01;H\xb0\xd4\xed\xb3Y\
\x09\x9a\x80\x027\xb0\x9f\x0f\x91\xa3|\xbe\xe9\xaf\xed^\
~w\xbf\x87\xc8HJo+0\xf8\x06\x8fB\xbf\xfd\
\xf5F\x0a\xbf\x9b\x83\xb9\xd3\xe3|\xe2'~\x94\x97?\
\xff \x99|j\xf2_n\x84\x948\xae\xcb\xd9\xe7\x9f\
\xe5\xdc\xf3\xcf\xb3\xf7\xce{\xc8\x0f\x16.\x9d*L\x94\
\x80\x10\x8b\x95@\xe7\xc82\x8c\x1d\xbdV\x1e-S9\
\x1d3?\x9dL\x1e\xc6\xfe\xce\x041\xaa/\x8b\x88=\
\xd0\x8a\xb0q\x8cM\xee\x0a\xbc\xa0\xca\x83;o\x05>\
\xc8\xf2\xcdAz\x0c\xbb\xd1g/\x7f\x87\x11nC\xb3\
\xd4\xb1\xc3\x96|\xee\xcf \x1cA\xe1\xcd\x05\x86\xde\x96\
\xa5\xd8\xbf\xd09g\xa3\xf0\x0a0\xf6\xc2\xab|\xfc\x9f\
\xfe\x08g\xbe\xfe4\x99B1\xcd\xeb_)\x84\xc0\xf1\
<\xa6^;\xc2\xf1\xc7\x1fc\xf7\xadwR\xde9\xb0\
\xa2\xe0\xe0yJ\x00\xeb\xc2\xb5\x14\x881\xe0\x16\xa1\xaf\
o\x90\xe9\xe3\x15\xea\xf5i\x9b\x19\x10@\xacAJd\
\xceEF%t\x5c!\xf6\xcfnf+\xe0\x94*\x0f\
\xee|+\xf0\xben\x9f\xc9J0\xc4\x94\xb9\x9d}|\
\x00\xc92{r\x0d8\xbb]dN\xe2]\xef1\xfc\
\xbe<\xc5a\x81\xa36v\xe5\xf7\x0ap\xeak\xcf\xf3\
\xf1\x8f\xfe\x13\xa6\x8f\xbf\x86\x97_AW\xe1\x94\x0dG\
y\x1e\x95\xb1s\xbc\xf6\x95G\xd8\xf9\xba[\x19\xd8;\
\xb22%\xe0\xb1\xc8\x1d\x10\x9d\xb3\x17\xed\x8f\xc8\x0f)\
<\xfa\x998:N\x1c7\xdb\xf1\x00\x13\xc5\xc8\x82\x87\
\x10\x0a\xa1\x8b\x84\xcd\xe3\x98x\xd3\xce\x1a\x18W\xe5\xc1\
\x9d\xefa\x13t\x00\xb2\xbd\xfc\xfb\xd9\xcf\x87\xe9c\xdf\
\xf9\x81\xbf\x18\xd4\xa8\x83\xeaW\xa8!\x87\xe1\xef/Q\
\xda-\xf1T\xc7\xd4\xdb\x0d\xc0+\xc0\xc9'\x9f\xe3\xe3\
?\xf6O\xa8\x9c;\x93\x06\xfb\xba\x8cr]\x1a3\xd3\
\x1c}\xe4av\xdc|\x1b\x83\xd7\x8c\xae\xd8\x12\x00\xdb\
[\xa05\xfbp\xd1\xa0S\x05\xa5\x91\x0c\xf1l\x8e\xa9\
3g1R\xdb\xdd\x83\x1a\xbba(\xef!\xe3,F\
GD\xcd\xe3\xc9\x8b6\x9d\x058-\x81\x9d\xeb>\xcc\
e\xc7J\xef\x00\xf7\xd0\xcfM\xe7W\xfbi\x90%\x89\
\xb3\xcd\x01\x04\xfd\xef-P\xdc'q[\x99\x9c\x0dZ\
\xfd\xbd<\x9cy\xf6E\xfe\xf2\xc7?Je\xec\x1cN\
v\x05#\xc4R.;N6Ke\xec\x1c\x7f\xf9\xe3\
\xff\x94\xd3\xcf\xbc\x80\xb7B\x83\xcc+\xd9G\xabbp\
Q\x8b\x80\x18D\x1e\x0e\xde\xbf\x87m;\xaf\xc5D\xad\
\xc1\x04`\x1a!h\x8d\xc8\xbbd\x0a\x87q\xb2{0\
f\x03\xfd\xcb+GqS(\x00\x83\xc6c;\xdbx\
\x0b.\xf9\xc5\x81?c'\xcc:\xbb]tES|\
G\x9e\xbe\xdb]\x5c\xdb\x07\xb3\xdd\xf5z\xbd\xb89\x18\
{\xf1h\x22\xfcgqS\xe1\xef)\xdcl\x96\xca\xb9\
\xb3\xfc\xe5?\xfb(c/\x1e=\xaf\x95\xf9y$A\
@\xaf\xcfv{2\xcb\x8c\x0701\xe4v\xc2\xf5o\
:D1;\x8an\x05\x91\x0c\xe8Z\x80\xc8HT\xb6\
\x9fL\xe9V\x84\xbc\xc4|\x89\xde$/\xb1\xc3\x03{\
\x18\x83@2\xc4\xbd\x94\xb9\xe1|\xd3?\xf1\xfbM`\
\xf0n\xca0\xf0\xad9\x5c\x17\x9c\xa4]\xf5F\xfcM\
\x9c\x0c\xcc\x1c?\xcb_\xfe\xf8G\x999q<]\xf9\
{\x14'\x9be\xf6\xe4q>\xf1\x93?\xc6\xdc\xe9q\
\x9cK\x95y'A\xe3L\xff\xe21\xe7\x9d\xc4\x06\x86\
_\x97\xe5\xda[_\x872Y\xdb!Y\x80iFv\
\x02t^\xe1\xe5\x0f\xe0\xe5\x0fll\xa0\xe9\xca\x90\x97\
@\x7f\xb7\xcf\xe2b\x18b\xb2\xecf\x98{Qd\x16\
\xaf\xfe1\xa8!\x85\xc8\x0aD\x9fb\xe0{\x8ax%\
pZm\xfb7\xe0\xef\xa1\x5ch\xcc\xd5\xf8\xe4O\xff\
s&^y)\xf5\xf9{\x1c7\x97g\xfc\xc5o\xf2\
\xd7?\xfdS\xf8\xd5\xa6-\xd2\xba\x18IE\xa0W\x5c\
<\xbb\xb0\x8d\x06r\xb0\xe7\x0d\xdb\xd8\xb6\xfdZ\x8c^\
XQt\xd5G\xb8\x12\xe9\xe5\xc8\x14oA\xa8,\xb0\
\xa9\x94\x80'a%\xb3\xb0\xbb\x85U\xd1en\xa5\x8f\
\xfd\xb0\xd4\xf4\xcf\x0a\xd46\x17]7\x94\xbf\xabH\xe1\
\x80\xc41\x1d\xab\xff:\x11\xca\xb6\xc0~\xf0\x17\xfe5\
'\x9f\xf8*^a\xcb\x8dJ\xdc\x92x\x85\x22\xc7\x1e\
}\x98\xcf\xfc\xfc\xbf\xc6h}\xe9\x06\xbf&\x99\xf1\x90\
_\xe82\xb4\xe8\xd7\x1a2;\xe1\xba\xbbn\xa0\x98\xd9\
\x866\xb1\xb5\x02\xc2\x18\x13\xd9X\x80\x93\xdd\x8d\x9b;\
\xb0\xd9b\x01\x19\x89\xad\x09\xeeI\xac\xef?\xc2 w\
\x9c\xbf\xfa\x03\xceN\x17\xd3\xd0\xe4\xee\xcdS\xba\xcbC\
\xc2\xc6\x05\xfe\x04\xb8\x19x\xf47\x7f\x93o~\xf2/\
S\xe1\xdfdx\x85\x02\xcf\x7f\xe2\xcf\xf9\xcao\xfc\x06\
\xce\x0a\x07\xb3\x0a\x07\xdc\xc2B\xe9p\x1b\x03Z\xc0\xd0\
-Y\xf6\xee\xbf\x01\xa9=\xfbC\x03\xa6\x1e <\x89\
\xcc\xe4\xf1\x0a\x87\x91\xaa\xc0&\xb2\x02d\x0f[\x00v\
\x09/q\x13E\x0e,\xfeU\x0c\xaa_!<\x81\xda\
\xe1R\xfe\xb6<n\xd6V2I\xb91\x81?/\x0f\
/|\xea\x8b<\xfa\x1b\xff\xcd\x06\xfc\xd2\x22\x9f\xcd\x85\
\x10\xb8\xd9,_\xfd\xcd_\xe3\x85O}a\xc5\x99\x01\
\xe1\xd8\xcc\x80ZZf\xa2A\x0e\xc0\x9e\xbbw0X\
\xd8\x8d\xd6\xba\xdd=\x88X#\xf2\x0a7w\x0dNv\
o{\xdc\xda&@I\xe02\xec\x88_?\x06\x83\xa2\
\xc0\x00\xb7\x93\xe9,\xf95\xb6\xd4Wmw0JP\
\xfc\xd6\x22\xd9\xed\x02\x05\xb8N\xf27[\xa7\xf9\xefd\
`\xfc\xa5\xe3|\xf6\xdf\xb6L\xc8-;$bK#\
\x94\xc2h\xcd\xe7?\xf6sL\xbc|\xe2\xd2A\xc1\x04\
\xe9Y%\xb0\xb4\xb6Gk(^\xa78p\xf8\x10\x1e\
}mA\xd7U\x1f\x99u\x91^\x96L\xe9&\xa4\xdc\
4\xb1\x80^._\xd2\xe4\xd8K\x89\x83\x88\xce\x11<\
\x1a\xd46\x07\x01dn\xcd\x91\xbb\xd1\xb1\xa3\xae\xa5]\
\xfd\xd7\xab|\xa5\xb2\xad\xba?\xf7\xb1\x7fCu\xec\x1c\
*\xdd\xcb\xbf\xa9Q\x9e\xc7\xfc\xb9s|\xeec\xbfH\
\x14\xc4\xb6\x07\xc4%0&\x19\xfd\x96_\x12K\xd2@\
\x16Fo\xebg{\xf9\x00\xc6\x88\x85X@\x10!\x8a\
\x1e\xae\xb7\x07\xe5m\xdb4V@\x8f*\x00\x83\xc0\xa1\
\xc4arl\xa3S\xf8eQ\x22K\x0a1\xe4\x92\xbf\
;Gf\x00\x94\x00\xb7sv\xdf:p2\xf0\xf8\xef\
\xfe\x0e\xaf=\xfce\xdc\xb4\xc4wK\xe0\xe5\xf3\x1c}\
\xf8\x8b<\xf1{\xbf\xbbb+\xc0\x00\x99rk\xabw\
\xc7\xcf5d\xae\x81\xbd\x87\xf7Sd\x04\x8dmL\xa0\
k\x012#\x91\x99\x12^\xf1\x10\xe2\x8a\x8c\x89^?\
=\xa9\x00l\xf0o\x98>\x0e\xa3\xf0\x16\x9a|\x8ad\
\xf5\xf7\x04\x99\xd7\xe7\xc8\xec\x12(7Y\xfd7\xa0\xe8\
\xc7\xf6\xf0{\x8e\xc7~\xe77\xd2\x5c\xff\x16\xc3\xc9d\
\xf8\xeao\xff:'\x9e\xfc\xc6\xa5\x8b\x84\xa0\x9d\x19\xc8\
\xf6\xb38\x80h\x80\x0c\x0c|K\x9e\x1dC\x07\x90\xda\
I\xea\x02B\x8c6\xc8\xa2\x8b\x9b\xbd\x06'\xb3mS\
\xd4\x05\xf4\xac\x02\xc8\xb0\x8b\x12\x07\x92\xe9-\xc6\x9a\xfe\
e\x89,J\xd4\xbe\x0c\xdeu\xae\xcd\xdd\x8a\x85\xc8\xff\
z\x14\xaeT\x10TC\xbe\xf4\xab\xbfD\xd0\xa8\xdb\xbd\
\xe7)[\x06\xa9\x1c\x82Z\x8d/\xff\xea\xbf'\xa8\x85\
+r\x05\xb4\xb6n\xc0RW\xc0\xc4\xe0\xed\x81\x9d\x87\
vRd\xc4\x9a\xfb\x02t5@d%Nn\x18'\
{\xcd\xc5G\xd0\xf7\x08=\xa8\x00\x0c\x12\x8f\x127\xe2\
\xd1G[\xaa%\xa8Q\x17QR\xb8\xd7g\xc8l\x13\
v\xd0\x86\xb0\xc2\xbb\xde\xd5\xdf\xc9\xc2S\x7f\xf4?9\
\xf9\xd4\x13\xb8\xd9\x9e\xcd\x8c\xa6\xac\x037\x97\xe3\xc4\x93\
\x8f\xf3\xd4\x1f\xfd\xd1\xf9\xa9\xbe\xe5\xb0\x99>\xb2e\x16\
+\x0c\x03x\xd0wK\x96\x9d\x83\x07\x91&\x83\x11`\
\x1a\x81\xddS\x90qps\x07lJ\xb0\xc7\xad\x80\x9e\
S\x00\x06\x8dC\x89\x12\xd7&\xb9\x7f\x92\xd5_!\x8a\
\x12\xb9\xcb\xc3\xdb\xed\x90\xe9\xb7\xc2\xef\xa8\xf5\x97\xfc:\
\x19\x18{\xe1\x18O\xfc\xfeo\xe3x=\x99\x14I\xd9\
 \x94\xe7\xf1\xc4\xef\xfd&\xe3/\x1e_Q<@\xc7\
\xb6B0\xd3\xb7\xc4\x0a\xd0\xe0\xee\x84m\x07\xb7\xd1/\
wZ+\xc0\x80\xae\xf8\x88\xa2\x87\xe3\x8d\xa02\x1d\xf1\
\xab\x1e\xa5\xe7\x14\x00@\x8e=\xe4\xd8i\xa3\xff\xc6\xd8\
QM#\x0e\xb2O\xe1\x1e\xc8\xe0\xf6\xdbf\x8fR$\
\x89\xcc\xf5(Ya\xff\xb0\x8f\xfe\xc6\x7f\xa36e'\
\xf2\xa6l]\x94\xe3P\x9b\x9a\xe4\xd1\xdf\xfc5\xfb\x83\
\x15\x94w\xe8\xd8*\x00\x95\xd4\xff\xd8\x1f\x82\xc8@\xe9\
\xe6\x0c\xdb\xf2{pL\x0e\x83\xc6\xf8\x11\x08\x83\xcc\x16\
\xf1\xf2\xd7m\xfc\x98\xa9\x0d\xa6\xc7\x14\x80A\xa0(p\
\x90\x0c\x83\xb4l0Y\x94\x88\xb2B\xed\xf2P\x03\x12\
\xaf?Y\xfd\x974rX\x0bn\x0e^{\xe41^\
\xfe\xdcg\xd2:\xff\xab\x047\x97\xe3\xa5\xcf~\x9a\xa3\
\x8f<\x8e\xbb\x02W@'\xd3\x842e\x16)\x0cc\
\xc0\xdd\x0b\xc3\xfbF(\xe9\xe1vJ\x10?B\x16\xb3\
8\xde\x0e\xa4\xd3\xb7\xbe\x1b\xf42\xd3S\x0a\xc0`\x90\
\xe4\xc8\xb1\x17\xa7c\xc4\x97\x1au\x90\x05\x89\xda\xed\xe1\
\xf6\x09\xdc\xfc\xc2\xea\xbf\x9ek+$\x84\x8d\x98\xc7\x7f\
\xf7\xd7\x89\xc30\xed\xe7w\x95 \xa4$\x0e\x02\x1e\xff\
\xdd\xdf l\xc6+\xaa\x86\x89#\xc8\x14\x92\xf1c\x1d\
V\x80,A\xe1\x06\x8fm\x99}6\x16\x80A7\x22\
p\xb0\xc1\xc0\xcc\xae\x0bO\xab\xea\x01z\xec\x8e\xd7d\
\x18!\xcf.k\xfek\x83\x1aP\x88\x82@\xed\xf4\x90\
}\xc9\xea\xdf\x91\xfa[O\x8c\xc5\xcd\xc2+\x9f\xff\x02\
'\x9e|<]\xfd\xaf2\xdcl\x96\x13O<\xc6\xab\
_\xf8\xd2\x8a\xac\x00\xa3\x01a\x03\x82\x8b\x14\x86\x01\xef\
\xa0dh\xdb0}z\xb4\x9d\x12\xc4\x18d\xb6\x84\xe3\
\xed@\x88\xdeu+{J\x01\xd8\xfc\xff6\xb2\x8c\xd8\
\xf4\x9f\xb0\x83=d\x9fB\xedrQ9p\x8a\x1d\xbe\
\xff:\x10\x12\xfcj\xc8S\x7f\xf4\xfb\xbd\xec\xa2\xa5\x5c\
.\x84\x0d\xfe<\xf5G\xbf\x8f_[\x99\x15\xa0c\x1b\
0v\x0b\xb4\xef\x19\xa3A\x0dA\xfe@\x86!\xb5\x13\
al\xe5\x90\xf1#DV\xe1\xe4v!\x9dr\xcff\
\x03zH\x01\x18\x14Yr\xec\xc2\xa5\x84\xd1\x06\x91\x97\
\xa8~\x079\xec\xda\x18@\xde\x9a`\xa2e\xfe\xaf\xe3\
\x9a:Y8\xf2\xd0C\x9c\xf9\xfa\xd3i\xd1\xcfU\x8a\
\x93\xcdr\xfa\x99\xafq\xf4\xa1\x87V\x94\x16\xd4\x89\x15\
\xe0\x95l\x91P\xab\xf2TH\xc8\x1c\x96\x0c\x14F(\
\x9aA4\x1a\xdd\x08\x11\x19\x89\x93\x1dF:\xfd\x17\x9e\
[\xd9ezF\x01\xb46\xff\xe4\xd8\x8d\xc2\xb5U\x7f\
e\x05Y\x89\xda\xe1\x22\x1d\x81[\x12H\xc7\x16\xff\xac\
+\xf8' \xf25\xcf\xfe\xd9\xffZ\xd4\xe0!\xe5\xea\
\xc3h\xcd\xb3\x7f\xf6'\xc4\x81^QF\xa05L\xc4\
\xed\xac\x127\xe0l\x83\xe2\x8e\x1c\xfdlG\x0a;t\
\xd0\x04\x11\x22\x9b\xc5\xcd\xecL\xdc\x80\xde\xbb\xd7zF\
\x01\x80FQ \xcb(\xc2(;\xd7mP\x22\xcb\x12\
9\xe2\x22\xa4\xc1\xed[\x88\xfe\xaf+\xf2\x9f\x81SO\
=\xc3\xc9\xa7\x9e\xc0\xc9\xa4y\xff\xab\x19'\x93\xe1\xc4\
\x93\x8fq\xf2k\xcf\xe2\xae\xa4.@'\xe3\xc6\x0a6\
\x16E\xd2qZ\x16\x04\xde\xb5\x92a\xb1\x83\x8c)a\
tl\x07\x8b\xe6\xb3\xa8T\x01\xac\x0c\x97\x01<\xfam\
\xeaoP\xd9yl{2\x08\x17\x9c\xbc\xf5\xbf\x84H\
\xba\x18\xac\xe3Z\x1a\xe0\xb9\x8f\xff\x1f\xc2f3\x8d\xfc\
_\xe5\x08)\x09\x9b>\xcf\xfd\xc5\x9f\xae\xcc\x020\xb6\
\x14\xd8\xf5l3\xd1V\xa5\xba\x90\xe0\xec\x15\xe4\xca9\
\xcaf\x14\x90\x980\xb2CL\xb2CH\xa7\xd4\x8b\xf2\
\xdf+\x0a\xc0\xee\xfe\xcb\xb0\x03\x07\xdbyG\xf6I\x1b\
\x03\x18\xb1\x11T\xa7h\xfd.\xd5\x9a\xd4\xb4\xc6\x8b\xa9\
<\x98~\xed\x0c\xc7\x1e}\x04'\x93n\xf5M\x01\xc7\
\xf38\xf6\xe8\xc3L\xbdv\xce\x16\xfb\x5c\x02\x9d\x08\xbc\
\x9bO\x1a\x89\x9aVe\xa0$\xb3\xc7\xa1_\x8f\x22\x85\
\x87\x09\x22\xc0\xa0\xf2}(w[O\xee\x0d\xe8!\x05\
\xa0\xc8\xb2\x1dG\xe7\x90y\x85p\x05r\xd4E\xe4%\
B\x80S\x10Hi\x83\x7f\xeb\xe9\xcd\xa3\x5cx\xf5\x8b\
\x9f\xa3:1\x8eT\xbd\x9b\x9eI\xb9rH\xc7\xa1:\
1\xce\x91/}\xee\xd2MDY\x98#\xa8<k\x99\
\xda\x19\xe3\xd6\x22pv\x0b\x8an\x99\xa2\x19F\x9b\xd8\
N\x12\xca\xe4Q\xde\x10\x22U\x00\xcbc[\xb4\xdbQ\
L\xca\xb8\x88<\x88\xacD\x8d\xda%_\xba\xf6\xe2J\
\xd1\xce\xde\xac\x09!\xa19\x1f\xf2\xd2g?\x85t\xd2\
\xdd~)\x0bH\xa5x\xe9\xc1O\xe1W\xa2\x15\xa5\x04\
\x0d\xd6\x15u\xb2\x8b\xdb\x89\xbb{$\xb9b\x96\xb2\x19\
F\xa00\xcd\x00<\x07\x95\xe9\x07\x99\xa5\xd7\xfc\x80\x9e\
P\x00\x00\x8a<\xae\xe9C\xba\xb6\xeaO\x14\x15j\x87\
\x07\xb1Af\x93\x96\xcd\xc2\x9e\xf0Z\xd3\x7f\x8e\x07\xe7\
\xbe\xf9M\xc6_|!\xdd\xf4\x93\xb2\x08\xe5e\x18{\
\xe9\x05\xc6^|\xd16\x11\xbd\x04IK@\x94g\xf7\
\xa5\xb4R\x82\xeev\x81\xea\x87~3L\x86\x12\xda\x0f\
\x11\x8eDf\x87\x90\xaa\xaf\xe7\xea\x01zD\x01\x18\x1c\
\xca8\x94\x10\x8eD\x14$\xb2$\x91\x05i\xd3.9\
\xdb\xaf]\xca\xf5\xf5\xe6\x14\x12\x8e|\xe9\xf3\x84\xbe\x9f\
6\xf9LY\x84\x10\x82\xb0\xd1\xe0\xe8C_\xbct\x1b\
q\x16*\x03\xa5L\x82\xd3\xc9\xaeT\x91\x13\xa8=\x92\
\xbc,\x90\xa3l\xe3\x03Q\x8c\x93\x1dD9\xc5\x9e\x8b\
\x03\xf4\x88\x02\xc0*\x00S@\x16\x95\xd5\xac;\x5c;\
\xaeI\x81\x9b\x13\x88V\xe9\xef:\xcc\xff\xc6\x5c\x93\xe3\
\x8f?\x9a6\xfbHY\x16\xa9\x14\xaf=\xfa\x08\xcd9\
\x7fen@2^\xac=PD\xdb\xd4\xa0\xbbG\x22\
\x1dE?\xa3H\xa30~\x80\xcc\x17\x10\xaa\xd8\xed\x8f\
x\xfeg\xee\xf6\x09X\x0c\x0e\x05\x94\xc9\xa1\xfa\x15\xc6\
\x11\xa8\xed.hcW\xfed\xeb\xefz\xd2\x7f\x8e\x07\
\x93\xaf\x1ea\xea\xb5\xa3i\xa3\xcf\x94eQ\x9e\xc7\xd4\
\x91W\x98x\xf5\xc8\xca\xb2\x01q2Z\x5c&n@\
\x22M\xce\x90@\x15\x04}f\x00\x87\x0c:\x88\x90\x9e\
\x8br\xfb{\xae\x1e\xa0G\x14\x80@\x99\x02\x8e\x9b\x05\
)Q\x83\xb6\xe7\x7f\xab/\x9b\xf2\x92\x11\xce\xac\xfd\xd2\
\x09\x09'\xbf\xf6$a\xa3ag\xbd\xa7\xa4,A\x08\
A\xd0hp\xea\xe9\xa7Xiy\x88 )M\xcf\xda\
{\xcchP\xfd\x025*\xc8\xe8,E\x86A[\xc3\
_e\x06{ncP\x0f(\x00;\xfcS\x99\x02N\
_\x06\x01\xc8A\x07\x5c\xab\x00\xa4\x9b<\x04\x88\xb5v\
\xfe\x11\x10\x87\x86\x93O<\x86\x90\xa9\xf0\xa7\x5c\x18!\
\x04'\x1f\x7f\x948\xe4\x92\xf9f\x93T\x01\x0ai]\
\x00\xe5a\xd3\x81%\x81\xda&\xf0\x8cK\x89A;Z\
<\x06U\x18\x02\x9c\x9e\xea\x0f\xd0\x03\x0a\x00\x04\x0e\x8e\
)\xa2r\x0e\xb8 \xfb\x15B\x0a\x8cI\xfc+\x95\xf8\
\xffk<\xber`\xee\xf48\x93G^A9+H\
\xf4\xa6\x5c\xb5(\xd7e\xe2\xc8\xab\xcc\x9d\x99`%e\
\x22\xc6$\xd6i\x92\x12DX\xab\xd5\x19\x91\xe0A\x8e\
\x22n\x9c\x01\xa3Q\x85\x22B,\xe93\xdee\xba\xae\
\x00LR\x04\xe48y\x84r\x10J \x8a\x12c\x8c\
\xd5\xac^\xa2a\xd7q\xa6\xd2\x81\xe9\xe3\xc7\xa8\x8c\x8f\
\xa5-\xbfR.\x8at\x1c*c\xe7\x989q\xec\xfc\
I\xc1\xcb\xd1!\xcb\xc2M\x9a\x87\x1ap\x86%\xe4\x0c\
\x05S\x22\x9bL\x11\x12N\x06\xa1zk\xd6D\xd7\x15\
\x00\x00F\xa22Y\xa4\xa7\xac\x05PT\xad\xea \xa4\
g3\x00b=JS\xc0\xb9o>\x87\x89{\xb73\
KJ\xef`\xe2\x98s\xcf?\xbb\xa2\xe7\xb6\xea\x01\x04\
I\xaa\xdaK\xe2\x00\x83\x02\x91\x17x\xda#/J\xe8\
 \x06\xe1\xa0\xbc%}\xc5\xbaL\x0f(\x00c\x15\x80\
\x93A8\x12<\xbb\x07\x80\xc4\xb4\x92n\x12iM\x9e\
\xba\xa6w\xd0p\xf6\xb9g\xd3\xdc\x7f\xca\xca\x10\x82\xb3\
\xdfxv\xc5\xae\xba\x01k\xfa\x0b[j.\x00\x99\x13\
\xc8>\x81\x10Pd\x00\x15*\x84t\x90^oM\x99\
\xee\x01\x05\x00BH\x94\x97\x87\x18D_G\xb1\x7f\xd2\
\xf3\xbfe\xfe\xaf%v\x22\x15\xd4\xa7\xeb\xcc\x9d9\x9d\
\xe6\xffSV\x84T\x8a\xd9S\xa7\xa8\xcf\xd4W4@\
\xa4\xb5X\x01\xc8\xa4(Hx\xa0F%H(PF\
\x85\x0e\xc2q\x90\xed1\xc5\xbd\x11\x07\xe8\x01\x05\x90d\
\x01\xf2yLd\x03\x80\xad|\x9ft\xec\xc5\x5cO\xe0\
^*\xa8M\x8cS\x9b\x1cO\xa7\xfc\xa6\xac\x08\xe9(\
\xaa\x13cT\xc7\xc6V\x14\x07\xd0-\x05 \x16\xeeY\
!\xc1\x19\x16 \x0d\x19<\x5cm\xa3\xd9\xc2\xc9\xf5\x8a\
\xec\xdb\xcf\xda\xed\x13\x00@Hd>\x03\x11\xc8>\xd5\
V\xa7\xc2a\xc1\xc1Z\xeb\xa1\x15T\xce\x9d\xa1>;\
\x9bZ\x00)+BHEcn\x96\xca\xd8\xd9\x95\xcd\
\xcf6\x0bu*\x22Q\x02H\xdb\xcf\x12\x09\x12E\x9e\
~\x88@H\x8f\x15\xd5\x1a_!\xba\xaf\x00\x92mU\
B\xda\x06 2\xb3pJ\xc2Y\xf0\xff\xd7\xe3\xbdO\
\x1d\x7f\xad\xa7r\xaf)\x9b\x00\x033'\x8e\xad\xe9\xa5\
*\xc9\x5c\xa9\x92\x00\x0f\x94\x91\x14\xe8\xb3\x0a\xc0\xcd!\
T\xeflD\xeb\xbe\x02\xc0 3YL`\xc05\xb6\
\x00(A\xc8\xf5W\x00\x02\xcc\x9e:\xd9\xed\x0f\x99\xb2\
\x09Y\xe9}\xd3*\x08\x02\xdan\x80\x14I \xb0(\
\x11\x06\xb2\xe4\x11\x11\x08\xc7\xb1V@\x8f,H\xddW\
\x00\x06d>\x0f\x91AfDR\x01h/N\xab\xce\
z\xbd\xb1\xfb\xf93g\xba\xfd)S6!\xf3gW\
q\xdf\x98\x85)`B&q\x80\x8c@\x94\x04\x06\x83\
G\x06/\xca\x81\xb2\xd9\x80^\xa1\xeb\x0a\xc0`\x90\xd9\
\x1c:2 \xed\x1c@\xc0\xa6U\xd4Bpe-&\
\x80\x9d\xfc\xa3i\xcc\xcd\xa4\xf5\xff)\xabB\x08A}\
f\x86\xa8iV\x94=6\x1d\x99\x00\x92\xd2`\x99\x01\
\x99\x03c\x0c..\x998\x97\xa4\xb5\xd2\x18\xc0\x02\x06\
\xf0<Ll\xc7)\x09g\xa1\xe6W$\xff[k\x0d\
\x80\x10\xe0Wj\xf8\xd5j\xda\xfc3eU\x08)\x09\
jU\xfcjm\xc5\x1d\x82\xda\xafM\xca\x81\x85\x07\x22\
k\xefg\x17\x17O\xe7\x10B\xf5T9p\xd7\xa5B\
\x08\x89\x10\x02\xad#pAt\xc4\x00\xda\xc2\xcf\x1a\xf7\
\x00I\x08\xea5\x82z=U\x00)\xabBHIP\
\xaf\x13\xd4W\xa6\x00\xa0\xc3Um\xa5\x03\xa5m\x10b\
\x00\x89$c\xb2@j\x01,`\x0c\xc2q1B\x10\
\x87\x0dpZ=\xbf\xd6g\xfa\xb7\x10\x02\x22\xbfI\xd4\
l\xa6U\x80)\xabC\x08\xa2f\x83\xb0\xd9\x5cY\x10\
j\xe9}\x9a\xb8\xb02/l:\x1b\x83k2(\x1c\
[\xf1\xda#t\xf9L\x0c8VU\xea\xa0\x89\x91\x1d\
g$\xda\xcfX;\x02\x22\xdf'\xf2\x9bi\x0c e\
U\x08!\x08}\x9f\xc8\xf7W\xb7v\xb4\x8a\xd8\xa4]\
\xe8EV@\xd2\x03\xc4#\x8b\xd2\x1e\xa6\x87n\xc5.\
[\x00 \xa4k\xb5mT\xc3\x88\xf3\xc73\xad\xe7Z\
\x09\x01q\x18\xa2\xc30\xb5\x00RV\x87\x10\x988B\
G\xd1\xca\x06\x86\xb4^\xd6\xfaA+\x13\xe0`\xb7\xb6\
cp\x8d\x87\xd4\x0e\xacs\xb2\xd5F\xd2u\x0b@(\
\x07\x83&\x8ekh\xa1\x97\xfe\xda*\x89\xb5\x1e^\x80\
\x8e\x22\xe2(\xea\xa1\xfdW)\x9b\x05\x1dit\x1c\xaf\
\xec\xdeY\x22\xd0B,\xa4\x02I\x5c~\x17\x17e\x9c\
^\xda\x0c\xd8m\x05\x00B)\x8c0D\xbaj-\x80\
\x0e\x8cY\x7f\x17e\xa3c\x8c\xd6\xa9\x05\x90\xb2*\x04\
\xa0\xe3\xc8n!_\xe1\xadc\x96\x1c@\xc8$\xa8\xad\
l*P\x19\x89\xd4\xeb\xdc\xdc\xb2\xc1tU\x01\xd8m\
\x94\x0a#4qT]\xbc_\xbfu\x8dz\xab\x8dz\
\xca\xd5\x82\x10\x18\xad1z\x95=$:\x93X\x12\xbb\
\xfaw\xa4\x07\xa4\x91\xbdd\x00t;\x06`\xda-T\
\xa2\xa8B\x1c\x04\x1d\xbf\xa3=y\xb5G\xdc\xa5\x94\xab\
\x09c\x10\xad=*\xab\xa0S\xb8[\xad\xc2\xda\x9b\xdb\
\x0c8q\x86n\x8b]']?\x13\x91\x8c\xfb\x8d\xf4\
<Q\xdcX$\xec\x06;\x89u=V\x80\x90\xca\xd6\
\x00\xf4J\xd4%eS`\x00\xa9\x1c\xbb\x85|-E\
h\xc9\xff\x84\xea\xf4>\xed\x08\x5ca\xd69\xdez\x03\
\xe9\xba\x02\x00\xc0\x18\x22*\x84A}\xf1e1\xb6\xe5\
Rk\x00\xc3\xea\x8fk{\xbc)\xc7\xe9\x91\xcb\x9d\xb2\
\x99\x90\x8eD*\xb5\xf6{\xa7%]\xad\xcaV\x01\x8e\
\xf0@\xf7\x8e\x13\xd0\x03\x0a@ \x80XT\x08\xa3:\
m\x97+q\x01\xb4\xb6\x8f\xb5`\x8c\xed\xf2*]7\
\xb5\x00RV\x87\xb1\x19*\xe98k^\xac\x05X\x09\
\xeb\x90w\x89\x83H\x15\xc0\xf9D\xa2J\xd4\xac\xa1}\
\x83\x10\x0b\x83\x94Ml\x1fk2\x00\x0c8\xd9,n\
6\x87I\x15@\xca*0\xc6\xe0\xe5r\xc9\xbd\xb3Q\
\x07\x05G\xbbV\x01\xf4\x88\x0e\xe8\x11\x05 1\xf8\x04\
\xc1,q3^(\x01\xd6`\x22\xd3\x1e\xc4\xb8j\x0c\
x\xb9<n.\x87\xe9\xb1\xa9\xac)\xbd\x8d\xd1\x1a'\
\x9b\xc3\xcd\xad\xbd\x85\x97\x10`\x220:9\x801x\
\xe4Qa\xef\x8c\x09\xef\xbe\x02H\xd4\xab\x91\x1a\xbf9\
AX\xf7\x17\x95\x01\x1b\x93\x04\x02\xd7rh\x0dn.\
\xf9#\xea\xde\xb8\xe0)\x9b\x04c\x16\x16\x8f\xf5\xac\x1d\
1\xed\x16\xf7\xdah\x1c\x9d\xc33\x03=3%\xb8\xcb\
\x0a@\xd8\x95\xd9\x18\x8c4\xf8\x8ds\x04\xd5\xba\xad\x95\
N\x04\xdfh\xd0\x11kR\x98\xc6\x80W\xc8\xe3\xe5\x0b\
\xb6\x18(%e\x85\x18\xadq\xf3y\xbcB~U\x0a\
\xa0\xf36\xd5\x06L\xb8\x90\xc76\xc6\xa0\xb4\x83\xab\xf3\
\xa4\x16\x00IzD\xc7\x80\x00G\xd0l\x9c!\xa8T\
\x16\x15\x01\x19\x03q\xb4\xb6\x18\x9e\xb5\x00$\xb9\x81\x81\
4\x06\x90\xb2*\x8c1\xe4\x07\x06q\xb3b\xed1\x00\
c]\x80V\x1a\xdbD\x1a\x13\x82#\x8b\xb4\xeb\x83\xbb\
L\xd7]\x00\xa3\xe3v\xc45\x0a&\x09*s\xf6z\
\x89\xf5[\x00-\xfav\xec\xec\xf6\xc7L\xd9\x84\x94\xd7\
r\xdf\x98\x85/\xc6`{]\xb6\x14@l+\xdb2\
f\x08E\x1e\xd3\x03e\xae]w\x01\x88\x13\x05\xe0f\
\x88\xa9P\x9f?K\x18\xb6.\x98\xfd\x1aG\xc9\xbf\xd7\
\x189\xed\xdf\xbd\xb7\xbb\x1f3eSR\xde\xbdg\xe5\
O^&\xb0\xaf5\x98\x86i[\xb2Zk4\x1ae\
\x8a(r\xf4\x82\x1b\xd0]\x05 \xb0\xad\xc00\x08\xe5\
\x11Q\xa3>s\x92\xb0\x16'\xdb1\x13\x0b`\x9dV\
\xc0\xd0\xbe\x03\xe9f\xa0\x94\xd5!``\xef\xbe\xd5<\
\xfd\xbc\x1f\x98\x18t\xc3\xde\xc3\xc6\x18t\xa4A\x18d\
\xec!R\x17 \xb9Jqh'\x01\xbb\x19\x8c\x08h\
N\x1f#\xa8\xd4\xed\x05Lv\x03\x9a\x08\xa2pm\xef\
`b(m\xdbN\xbe\xbf\x1f\x9d\x0e\x07MY\x01&\
\x8e\xc9\x95\xfb)m\xdf\xbe\xea\x0c@;^\xd0\xbaw\
\x9b\x06\xb4\xc1h\x83\x894(\x83\xd0\x0e\x8e(u\xfb\
c\x02\xddV\x00B`\xa2\x10\x8cF:\x19\x10\x82\xe6\
\xfc\x09\x1a\x95Y[-i\x80\x18\xb46k\xb6\x00t\
\x0c\x85\x91Q\x0a#\xa3\xe9t\xe0\x94\x15\xa1\xe3\x98\xe2\
\xc86\x8a\xa3\xdb\xec}\xb7\x12\x04\xe7u\xfa1!\x98\
z\xe2\x02D\x1a\xa3L\xd2_@\xe1\xd2O/T\x03\
\xf5F\x10\x10@9\x08$~4Fc\xea\x1cQ\xa2\
yu\x98d\x02b\x88CV}\xcdt\x0c\xf9\xc1<\
\xe5\x1d\xbbR\x0b eE\xe88\xa6\x7f\xf7n\xf2\x03\
yV\xb5\x1b\xb8c\x81\xd2\x06\xe2\x00t\xdd\x16\xb2\xe9\
P#2\xa0\x83\x08a\x14\x8aBR\x04\xdf\xdd8@\
\xd7\x15\x00\x80\x09|\xdbDMH\xe2\xb8B\xf5\xec\x11\
B_cX\x88\x03\xc4\xe1\xda\x0b\x82\x84\x84m\x87o\
J\xf7\x03\xa4\xac\x0cc\xd8~\xf8\xe6U\x85\x8d\xc4\x92\
o\x8c\x06]36\x0b\x00\xe8@\x83+0A\x84\xd1\
\x1aIol\x0b\xee\xfa\x19\x08!\xd0\xcd\x1a\xc2\xf1\x10\
\x8e\x871\x01\xd5\xb3\xcf\xd1H\x0a\x82L\x92\x01\xd0\xf1\
:\x02\x81\x06v\xdc|\x0bBu\xfd\xe3\xa6l\x02\x84\
Rl\xbf\xe9u\xab|\xd1\xe2\xf5\xc5h\x88+\x06\xe3\
\xdbR`\xad\xb5\xfd\x1a\xc7\x18\xa1Qd\x90t\x7fB\
P\xf7%B\x08L\xa3\x8ap3\x08\xc7\x05b\xea\xb3\
/\xd3\x98\x9dA\xb7j\x01\x12+ \x0a\xacK\xb0j\
7 \x82\xa1}\x07)\x8en\xb7M\x1eSR.\x80\
\x8e\x22J\xdb\xb63\xb8\xef\xe0\xca\xfd\x7f\x92\xba\xff\x8e\
\x00\xa06\x10\xcf\xdb4\xa0\x0ec\x10\xda\xc6\xb3\xa2\xc8\
\xa6\x02)\xd1\xee\x81\xdfE\xba\xaf\x00\x10\xe8F\x15\x99\
\xc9\x22\x1c;V5\xf4'\xa8\x9e>J\x90T\x00\xea\
\xd0\x06\x02M\x9cTV\xad\x928\x82\xf2\xae\x11\x86\xf7\
\x1f$^k:!\xe5\xaa \x0eC\x86\x0e\x1c\xa4\xbc\
s\x84x\x85\xf7\x9a\x10I\x96\xb9\xb3\x08(\x06=\xa7\
\xd1\x0d\x83\x0e5:\xd9\xdf\xaeu\x04B\xe3P\x84\x1e\
\xd8\x11\xd0}\x05 \x04&\x0e\xed\xa9H\x85@\x12\x85\
s\xcc\x9f|\x06\xdf\x8f1F`\xc2\xc4\x05\xd06\xb0\
\xb2\xea\x02*\x03\xca\x15\xec\xb9\xe3\xce\x85\x9dY))\
\xcb`\x8ca\xef\x1dw\xa1\xd62\xbdka\xd3\x1f:\
L\x5c\x80\xa0\x95\xff\x17\x98\xd8\xa0M\x84I\xfe\xeb\x05\
\xba\xaf\x00\x000\xe8F\x05\x99\xc9\x83\x10\x08\x11S\x1b\
\x7f\x81\xda\xe4$\xb1X\xf0\xff\xb5\xb6\xf5\x00k\xa9\x0a\
4\x1a\xf6\xdcqw\xb25\xb87.~Joa\x8c\
\xc1\xcd\xe5\xd8s\xfb\xdd\xabkB\xd3\xaaYi\x1f\x07\
\xe2:\xe8Y\x83\x0e4\xb1\x1f!\x5c\x91t\xa8\xb6\x91\
lC\x80$\xdb\xed\x8f\xdc#\x0a\xc0\x18\xe2\xda\x1c\xb2\
PN\xce\xca\xa19\x7f\x84\xca\xc9W\x09\x93\x0d\x15&\
\x82X'\xc1\x95`\xf5o\x11\x050r\xddu\xd6\x0d\
\x08\xd6p\x80\x94-O\x1c\x04\x8c\x1c\xbc\x8e\x91\xeb\xae\
]\xd5=&\x97\x06\x00\x0d\xc45C<\x93\x98\xff\x91\
\x06\xc7\xb6\x19\xd7,\xf8\x15i\x10\xb0\x851\x98F\x05\
U\xec\x07\x04BH\x22\x7f\x92\xf9S\xdf\xc0\x0f4Z\
\x0b\x1b\x07\x08\xedU\x8e\x03Vm\x9e\x19\x0d\xb9\xfe\x0c\
{\xefzCZ\x0f\x90\xb2,:\x8e\xd8\xf7\xc67\x91\
-{\xab\xab\x00\x5c\xa2\x00\xe2\x18t\xc5\x10O\xc7\xc4\
\xcdd\xea\xb5'\x89\x9b!\x9a\x00\x01H\xf2\x8b\x94A\
\xb7\xe8\x0d\x05\x80\xc0D\xd67\x12\xae\x974P0\xcc\
\x9f~\x9c\xea\xf8\x04\x91\x00\x13$n\x80\xb15\x01k\
)\x0a21\x5c{\xff[q3\x99\xb4& e\x11\
\xd6\xfc\xcfs\xf0M\xf7\xaf\xba\xde\xa4s|\xbd1\xd6\
e\x8dg\x0d\xf1\xac\xb6\x1d\xae\x5c;\xf46\xf6C\xb4\
\xb07\xae@\xa2\xf1\xbb\xfd\xb1{D\x01\x08\x81\x09\x1a\
\x18\xbf\x81*\x0d\xd9\xab($\xcd\x99W\x98?\xf12\
\xa1\xb6\x91|\x1d';\x035\xe8\x15\x0em\xed$\x0a\
`\xfbM\x87\x19\xbd\xf10Q\xd0\xfd\x8b\x9f\xd2;\xc4\
\x81\xcf\xb6\x1b\x0e1z\xe3\x8dD\xab0\xff\x97\x8e\x0e\
\x8f\xb5]\xac\xc21C\x5c\x8b1\xb1F\xe4\x04\xba\xaa\
\xd1\x84\xed\xe0_L%\xa9\x04\xec.=\xa3\x00t\xd0\
\xc4\x04Md\xdf \xc6h\x84P\xe8h\x9e\xd9W\x1f\
\xa1^\xf1\x89c\x81\x0e \x8a\xb0S\x7f\x9b\x0b\xbdD\
V\x8a\xd1\x90)\xb9\xdc\xf0\xc0;\xd1Q\xea\x06\xa4,\
\xa0\xa3\x98\xeb\xde\xf6\x00\x99\x92\xb3*\xf3_\x88\x85\xbd\
\xff\x90\xc4\xa8\xea\x10\x9d\x8b\x89*!\x1a\x8dp\x04\xa6\
\x11\x11\xd3lg\x00\x22\xea@\xf7\xa7\x04\xf5\x86\x02\x00\
\xab\x04\xfc\x06B9\x0b\xd3X\x04T\xcf<C\xe5\xec\
)\x22@\x07\xa0#\xd3\xde%\x18\xaf!\xa5\x1f\x87p\
\xed\xfdo\xa782\x8a^i\xa27eKc7\xff\
\x8cp\xdd\xdfz\xfb\xaa\xef\xa9\xce\x02 \x9d\xb4\xb1\x8f\
+\x86\xf0lL\xd4\xb0\xd1\x7f\x8cU0\x11>`\x12\
\xa1\x8f1\xac\xc1\x8f\xdd`zF\x01\x08!\x89\xe7'\
\x11\x8e\x87\xcc\x95\xc0h\x84phT_c\xfa\x85G\
i\x84\x10\x87\xd6\x0ah\xc9mTc\xd5\xc1\xc08\x80\
\xa1\xfd;\xd8w\xcf\xbdD~\x9a\x0dH\x81\xc8\xf7\xd9\
\xff\xc6\xfb\x18\xda\xbfsU\xd1\xff\xd6^\x81\x96\xc5`\
\x92,U4a\x08\xcf\x85\x98H#<aw\x03\xea\
\x98X\xf8m\x0b\xc0\x10c\xe8\xbe\x15\xda3\x0a\x00a\
+\x02\x11\x12\x91-$q\x00\x81\xd1\x0df\x8f>D\
ub\x920f\x91\x1b\x10\xfbIF`\x0dJ\xf4u\
\xef\xfdn\xdcl&m\x16z\xb5c4n&\xc3M\
\xdf\xf1\xfe5\xbd|\x91\x05\x10C\xdc\x84\xe0dL8\
\x13\xa2\xb5\xb1\xe3\xc1C\x88c\x1fM\x98\xdc\xaa\x82\x88\
j\xaa\x00\x96\x22\x00=?\x85*\xf5'CCAH\
\x87\xfa\xcc\x0b\xcc\xbc\xf4u\xfc\xb8\x95\x01H.\x9dY\
\x9b\x15\x10\xfa\xb0\xfb\xb6\xd7\xb3\xe7\x8e\xbb\x89\xfc4\x18\
x5\x13\xfa>{n\xbf\x93=\xb7\x7f\xcb\xaa\x82\x7f\
`\x03\x80\xed\xd5\xbf5\xc5\xaa\x09\xfe\x91\x90p&D\
x 2\x02\xdd\xd4D4\x13\x81\x17\x80&`\xb2\xe3\
\xfb\xee\xd1S\x0a\x00!\x88f\xc7P\xe5a\x84rl\
\xaf\xc0$\x188\xf5\xd2\xe7\xa9\xcdT\x89BA\x1cX\
E \x1c\x88\x1ak\xb0\x02\x0c8\x19\xc9\xeb\xdf\xff=\
vph\xcaU\x8b\x10\x92\xd7\x7f\xf7\x07p\xb2r\xd5\
\xdd\x7f\xa4\x5c\x18[\xd7*U\x8f&\x0d\xfe\xc9\x10\x13\
jdQZ+\xb6\xae\x89D\x9d\x980I\xff5\xd1\
4\xe9\xb6\xf0C\xaf)\x00\x04&hb\xc2\x00\x99\xef\
\xa3\xbd\xb4KI\xf5\xcc\xe3\xcc\xbc\xfaM\xfc\x18\xb4\x0f\
Q`\xda\xf3\x03\xc25X\x01Q\x13\x0e\xdcw\x1f\xbb\
^\x7f+Q\xb3\xd9\xed\x0f\x9e\xd2\x05\xa2f\x93\xdd\xb7\
\xde\xc6\x817\xdfG\xb4\xca[\xa0\x15\xfd\x87\xa4\xf2O\
\xdb:\x93\xe6\xf1\x98\xe0\xac\x0f\x0adI\xa2\xe75Z\
\x84D4iM\x08\x89\xa8\x10S\xef\xf6\xc7\x07zM\
\x01\x08\x81\x0e\x03\xe2\xb9I\x9c\xe1]m\xff\x5c\x08E\
\xe8\x8f3\xf1\xecg\xa8\xcc\xf8\x0bV@\x0c\xc2\x85x\
\x0dV\x80\xd1\x90)8\xdc\xf6\x81\xef_\x5c\xc9\x91r\
u\x90\xc4\x98n\xff\xc0\x0f\x90\xc9\xab5\xad\xfe\xadn\
\xbf\xed\xacT\x0d\x9a\xaf\x06D\xd3\x11\x22og]\x98\
\x9a!\xc6O\x14@+\xfe\xdfL\xd2\x80\xa9\x05p\x1e\
\x02\x83\xae\xce\x22\xbc,\xc2\xcb\xb6#,BJ\xe6O\
}\x85\x99W\x9f\xa7\x19&\xc1\xc0D\xe8\xcd\x1a\xad\x80\
\xb0\x09\xd7\xbd\xf5-\xec\xbd\xe3n\xc2Fj\x05\x5cM\
\x84\xcd\x06\xd7\xdc\xf5\x06\xae}\xcb\x9b\x09\xd7\xf0\xa7\xef\
\x0c\xfe\xc5\x89\xf9\x1f\x8c\x19\x9a\xaf\x04\x98X#\x07\x15\
zVc\x22C,\xfc\xa4\x04\xd8\x9a\xac!\xd3h\x1a\
i!\xd0\xf2g\xa4\x88\xab3\xa0c\x9c\xfe\xd1\xf6\xee\
)!\x15\xa1\x7f\x96\x89\xaf\xfd\x0d\x95\xb9\x800\x10D\
\x81!\xd6 \x94\xb5\x02\x22\x9fU[\x01nVq\xd7\
\x87~\x10\xe5yiF\xe0*\xc1h\x8d\xe3e\xb8\xeb\
\x83\x7f\x17'\xb3\xfa\xd5\xbf\x95\xfe\xd3z\xa1\xf4W\x87\
\xd0|-\xc2?\xd6D\x96$B\x09LEc\x88\x08\
\xa9ul\xff5\x04L\xa61\x80\x8ba\xe2\x08]\x9b\
G\x15\xfb\x17\x8a\x82\xb0\xf5\xd4\xb3'\xbe\xc8\xf4\xd7\x9f\
\xa6\x11\xd84`\x14Z\x05`4DUV\xdd+ \
l\xc2\x81{\xef\xe2\x86\xb7\xbf\x93\xb0\xd1\xe8\xf6GO\
\xb9\x02\x84\x8d\x067<\xf0.\xf6\xbf\xf1\xce\xb5\xad\xfe\
rq\xea\xcfh\x88\xe6\xa1\xfe\xa2\x8f\xaejd\xbf\xc4\
\xd4\xed\x180-\x22\x02*v\x9f\x0b\x92\x98&\x01\x13\
\xdd\xbe\x04mzR\x01\x08\xa9\x08'O\x22K\x83\xc8\
\x5c\xb1\x9dk\x11\xc2!\x0a\xc7\x19\xff\xda_1w\xa6\
b\xad\x00\xdf\xeaV\xe1\xd8\xc0^\xb8Z\xc5\x9a\xfc!\
\xef\xf9\xc8\xffGah\x988m\x19\xb6\xa5\x89\xa3\x88\
\xe2\xf0\x08o\xf8\xc8\xdf\xb3?XC\xe8G%\xd1\x7f\
Cb\xfe\xc7\xd0<\xa3\xf1_\xf2\xc1Mv\xfe\xcdh\
\x90\x10\xd1 \xc6OnIID\x05\x9fs\xf4\x8a\xe8\
\xf5\xc6Y,E\x08\x8c\xdf \xae\xcd\xa2\xfaG\x17\x8f\
\xf6V\x8a\xb9\xb3\x0f1\xf1\xf4c\xd4\x1b\x10\xfb\x82\xd0\
\x07\xe9`3\x02\x95\xd5\xb7\x0d\x8b|\x18\xbd\xf1\x1a\xee\
\xfc\x81\x0f\xa7\xbd\x02\xb68q\x10p\xe7\x0f|\x98\xd1\
\x1b\xf6Z\x97q\x95H\xb9\xd0\xfc\xa3\xdd\xa4\xa6\x06\xb5\
\x97C\xc2s!jH\xa1+\x1aB\xdb\x02,\xa0\x82\
n\x97\xfc\x1a\x9a\x9c\x22\xee\x11\xff\x1fzU\x01\x80m\
\x122y\x06gp;\xa8\x85\xc6\x09B(B3\xc3\
\xc43\x7f\xc1\xec\x89i\xfc\xc0\x16\xf6\xc4\xda*\x01\x1d\
$\x01\xc1U^\xdf\xa8\x09\xb7\x7f\xe0\xffa\xcf\x1dw\
\xa6\xae\xc0\x16%l4\xd8{\xe7]\xdc\xf6\x81\xff\x9b\
h\x8d\x7fb!;\x1a\xd3$\x0dk\x9b\x13\x86\xe6s\
M\x840\x08\x17\xcc\x9cm\x01\xa6\x09\x88\xda\xfe\xbf@\
\xe3S\xe7HO\x14\x00\xb5\xe8]\x05 $qm\x16\
\x13\xfa8\xc3;\xed\xd5n\xfdJ9Tf\x9eb\xec\
\xe1\xcfQ\x9d\xb3+x\x14b'.\x0b\xab\x00\xf4*\
\x03\x82:\x06\xaf\xe0p\xff?\xfaQ\xbcB!m\x1a\
\xb2\xc5\xd0q\x84W(\xd8\xbfo\xdeY]\xcb\xaf\x04\
!\x172\xc6\xad\x00`X\x87\xfa\xb1\x98\xe8t\x80\xec\
\x936\xf2\x1f\x1a{\x1fR#\xa4\x86H\xf6\xff\x87\xcc\
\xe2\xf7\x90\xff\x0f=\xad\x00\x04&\xa9\x09P\x03\xdbA\
-\x0cS\x14H\xb4l0\xfe\x8d?c\xf2\xe9\x97\xf1\
C\x08\x1bv\x97\xa0t\xacV\xf6+\xac:\xba\x1b6\
`\xef\x1d7s\xf7\x87~\x90\xc8O\xd3\x82[\x89\xc8\
\xf7y\xc3\xff\xfb\xff\xb1\xe7\x8e\x9b\x08\xd7\xb8\xfa\xb7\xcc\
\x7f\xdd\xeaO\x11Bc\x02\xfc\x97}L\xc3\xdelz\
^\x83\x14\xd8\xec\x7f\x85\x98d\xe3\x0a\x82\x06'\x89\x98\
\xeb\x19\xf3\x1fzY\x01`W\xfap\xf2\x14\xd2\xf5P\
}Ct\xcei\x12\xc2\xa1\xee\xbf\xc4\xb9\xc7\xff\x8a\xd9\
3\x01a(\x08|\x9b\x11\x10\xc2n\xca\x88\xd6\xe2\x0a\
\xf8p\xd7\x07?\xc8\x81{\xef'\xa8\xf7F\xb5V\xca\
\xfa\x08\xea5\x0e\xde\xf7\x16\xee\xfa\x81\xbf\xb3\xea\x8a\xbf\
\x16\xad\xd6\xdfZ/\xac\xfeA\x15\x1a\xa7c\xa2\x93\x01\
\x22\x07\xf1L\xdc\xceBiB\x02\xe6\x12\xd1\x97\xc4T\
ip\x0c\xcd\x1aw\xaf]&\x92z\xa6\x1e&\x0c\x88\
\xa6\xce\xe2n\xbb&\xd9 \xd4\x0a\x08\x0ap\x0d\xd3\xc7\
?\xc5\xd9\xcf=Dm\xde\x16\x06\xb5\xaa\x03I\xfe@\
\xf1\x1a\x5c\x01\xc7S\xbc\xed\xc7\x7f\x92\xbe\x1d;\xd2\xa0\
\xe0&'\x0e\x02\xca;v\xf1\xb6\x1f\xfb\x09\x94\xa7V\
7\xeb\xaf\x03\xa9\x16\x84?\x8e\xec}\xd5\x98\x84\xf0T\
\x88\x9e\x0b1Mc\x07\x81J\xb0\xc1\xbfybZ\xda\
F\xe03F\x93S\xf4\x92\xf0\x83=\xdd\xde\x8exI\
E4u\x06\x91\xc9\xa3J\x83\x8b2\x02\x02\x87@L\
0\xf6\xf4\x9f2\xf9\xeci|?I\x03\xca\xa46 \
\x82`~\xf5m\xc4#\x1fF\xae\xdf\xcb\xdb\xff\xd9O\
#\x94J\xa7\x0aoRL\x1c#\x95\xe2\xed?\xf1/\
\x19\xben\xcf\x9a\xa2\xfe\x00$\xab\xbf\xd1I\xd1O\x0c\
\xcd\x19hLj\xa2\x13\xbe\xedW9\xad\xdbO6\xc4\
4\x99E\x13\x03\x12MH\x8dW\x89\xa8\xf6\x94\xf9\x0f\
h\x09\xf4\xb6\xb3+\x04:h\x10M\x9c\xc4\xdd\xbe\x9f\
\xf3\x12\xb7RRi<\xc3\x99/\xfc\x0ds'\x03\xc2\
0)\x0er\xb0=\x03\x9aV\x09\xac6\xdf\x1b\xd4\xe1\
\xc6w\xdc\xcf=\x1f\xf9!\xc2f3m\x22\xba\xd90\
\x86\xb0\xd9\xe4\x9e\x1f\xfc\x07\xdc\xf0\xc0}\x04\xeb\xf0\xe6\
\x94\xeah\xf6\x19\xdb\x8cQ}\x02\xe2\xe9\x18=\x19\xa1\
\xa7\xe3v\xe0O\x00\x01\x15\xc2\xa4\xe7\x9f\x0d\xfe\xcd\xd0\
\xe0\x18\xa6\x1d\x0f\xe8\x19\xe2\xde\xb7\x00\xb0[6\xc3\xc9\
\xd3\xe0\xb8\xa8\xc1\xed\x8b3\x02H\xb4\xd3d\xf2\xd8\xc7\
9\xfd\xe9\xafP\xab\xd8\xb4\xa0\xa1\xddR\x80\xb0\x06a\
\x95U\x17\x08\x85>\xdc\xf3\x91\x0fs\xd3w\xbc\x8f\xa0\
V\xeb\xf6eHY\x05~\xad\xc6\xcd\xdf\xf1>\xde\xf0\
\xe1\x0f\x11\xdaN\x5ckB$B\x1d\xc7\x10%\xfd(\
\xea\xe3\x10V\x0d\xf1\x09\x9fh,DWu;\x9af\
\xd0\xf8\xcc\x12\x13\x00\x12CL\x8d\x97\xf0\x19G\xf4^\
\xc8-\x92\xd0#\xfb\x12/\x86\x10\x104\x89\xa7\xcf\xe0\
\x8e^\x03\x8e\xb3hE\x1684\xe5i\xce>\xf5\xa7\
\x8c=|\x1c\xbfi\x85W8I\xd7V\x03A\xc5Z\
\x03\xab\xda+\x10\xdbMH\xef\xf8\xa9\x9f\xe6\x9a{\xee\
%\xa8U\xbb}%RV@P\xabr\xe0\xde7\xf3\
\x8e\x9f\xfai\x84\x90k\x1e+\x0fv\x11i\xd7\xfb\xc7\
\xd0\x9c\x85\xc64\xe8\xe9\x88\xf0\xa8O<\xb1\x10B\x13\
\x08\x22\xea\xf8\xcc&\xdf)|\xceR\xe1\x1b=\x95\xfb\
\xef\xbcT\xaa<\xb8\xf3{\x81\xbd\xdd>\x93K\x22%\
\xba6\x87;\xba\x17\xb4FWg\x93=\x99\x16!\x0c\
A<\x8e>\xa5\xc8\xef:Ln[\x06\xa5\x92\xb4\xa0\
\x06\xb4M\xdb\xa8\x8c\x8d\x0f\xac\x14\xa3\xc1\xcb;\x5cs\
\xe7\x1b8\xfe\xc4\x13T\xc6\xce\xa2\x5c\xb7\xdbW#\xe5\
\x02\x84\x8d:\xdbn8\xccw\xfe\xbb_&?T^\
\xd3\x14\xa9\x16B\xda[,\x8a\xec\xca\x1f\xd4\xa0r\xda\
\xd8\xae\xbf/\xd7i>\xd1\x80f+\xf0g+\xfdj\
\x8c\xe13\x97\xac\xf613<B\x8d\x97\x11\xac\xe2\xa6\
\xbbr\xccI\xe0L\xb7\xcfb\xc5\xe8\x98\xe0\xcc\xab\xb8\
\xdb\xf7-\xda*lQh\xe535\xfd\x19N\x7f\xf2\
KT\xcehZ\x01|\x99\x14\x08\xe9\x10\xfc\xb9\xb5\x05\
\x05\xcb\xbbF\xf9\xce\x7f\xfb1\x06\xf6\xee'l\xf6\xbc\
\xd7tU\x126\x1b\x0c\xec\xd9\xc7w\xfc\xe2\xc7(\xef\
\x1aY{\xd0/A\xa9\xa4\xd6?\xb2q\xa5\xfa\x98!\
\xaa\x83\x9e\x0a\xf1\x9fnb\xe6\x17L\x7f\x01\xc9\xea?\
\x93l\xfcQ48N\x85o\xd2\x83+\x7f\x8b\xba*\
\x0f\xee\xbc\x17xC\xb7\xcfdE\x08\x89nVQ}\
C\xc8|\x99hf|QK/\x81$\x92\xf3\x04\x13\
3\xa8\xf9\xdd\x94\x0e\xed\xc2\xcd\x82\xe3\xd2Nv\x9a\x88\
\xa4%\x18\xab\xaa\x82\xd0\x11\xf4m\x1f`\xd7\xb7\xdc\xce\
\xd1G\x1e\xa11;\x83r\xba?\xdb-\xc5\x126\x9b\
\xf4m\xdf\xc5{\x7f\xe9?\xb0\xfd\xa6\xeb\xd6\x5c\xec\xd3\
B\xaaD\xa8\x93)T\x8di\xa8\x8d\x01\x81\xc6\xffJ\
\x0d\xff\xd9$v\xde!\xdb5\xc6h2\x85\xc4!\xa6\
\xce$\x0f\xe2s\xaeWW\x7f\x80S\xaa<\xb8\xf3\x16\
\xe0\x81n\x9f\xc9J\x11\x18L\xa3\x8a\xbb\xf3 \xba1\
\x8f\xf1\xeb\x8b\xc6\xb3\x08\x01\x01SD\xa7\x1b\xb8\xf2\x00\
\x85\x83\x038n\xb2\x9d\xa0U\xa4\x91\xec\xcdP\xde\xea\
\xde;\x0e\xa1\x7f\xf70;o\xbe\x8dc_\xfd\x0a\x8d\
\xd9i\x94\x93\xba\x03\xdd&l6\xe8\xdb\xbe\x8b\xf7|\
\xec\x97\xd9u\xeb\xe1uE\xfc\xc1\xdeC\xad\xd5?\x0a\
\xa19\x07\x95S\x06\x1dC\xf8J\x93\xc6\xe7\xaa\x98\xb6\
\xe9\xbf\xe0\xfbW9\x85A\x03\x869\xbe\xc6<O\xd3\
\xaa\x02\xecQ\x8e\xa8\xf2\xe0\xce\xdd\xc0w\xf5\xf2Y.\
\xa2c\x80\x88;\xb2\x87h\xfa\xdc\xd2'`DD`\
\xc6\xd1\xa7<r\xfd\x07\xc9]\x93\xc7q\x17wq\xd5\
\x81\xfd^eV\xf7\xf6q\x08\x03{G\xd9}\xdb]\
\x9c|\xfc\x09j\x13\xe3iL\xa0\x8b\x84\x8d\x06\x03{\
\xf6\xf2\xde_\xfa\x15+\xfc\x1b\x90\xaci\xed=\x0bC\
\xf0\xebP9i\x88\x9a`\xe6#\x1a\x9f\xa9\x12\x9e\x8e\
:\xe2H\xb6\xcbo\x8ds\xf8\xcc\xda\x804'\x99\xe6\
\xcbDTz1\xf2\xdf\xc9s\xaa<\xb8s\x10x\x1f\
\x90\xeb\xf6\xd9\xac\x14!\x04\xba>\x8f3\xbc\x0b\xe1z\
\xc4s\x13\x1d\x8dC\x16\xf6\x0a\x04\xcdq\xf4\xf1\x22\x85\
\xbd\xd7\x92\x19up\x12\xb3\xce\xd8\x9d\x9a\xc4\x815\xf5\
\xe4Z,\x81]\xc3\xec\xbd\xe3\x1eN=\xf34\xf3g\
O\xa3\xbcU\x1e$e\xdd\xf8\xb5*\xdbn<\xcc{\
\x7f\xe9W\xd8~\xf3u\x1b\x22\xfc2\x09\xfc\x85!\x04\
\x0d\x1b\xf4\xf3gm\x90\xb9\xf1\xf9\x1a\xfeS\x0d\xdb\x11\
(Y.\x05\x92\x80J\xb2\xfaCL\x8di\xbeL\x9d\
c\xbdl\xfa\xb7\xf8\x92*\x0f\xee\xf4\xb0\x16\xc0`\xb7\
\xcff\xc5$E\xd9\xbaY\xc3\xdb}=qe&\xc9\
\xfb-\x181\x02A\xa4*\x84\xd5Y8=Lq\xdf\
n\xbc!e\xb5\xfbBw&\xab\x04\x1c\x90\xab\x5c\xc4\
\xe3\x10J\xdb\x078\xf8\xa6\xb70\xf1\xea\xabL\x1e}\
\x15\xe5\xba\x08\xb19\x0c\xa9\xcd\x8c1\x86\xa0Vc\xff\
\xbd\xf7\xf1\x9e\x8f\xfd\x07\x06\xf7\xed\x22\xdc\x88d\xb6\xb0\
\xab\x7f\x1cA\xe0C\xf5,4\xc6\xec\x02\x11>\xd7\xa4\
\xfe\xa9\x0aDt\xc4\x8eD\x92\xe7?M@\x15\x01\xcc\
\xf3\x14s<\x8d\xf57{\xfe^\xf8sU\x1e\xdcY\
\x07\xbe\x07\xd8\xdd\xed\xb3Y\x15B`\x9a5\x84\x9b\xc1\
\x1d\xbd\x86h\xeal\xbb\xd3k\xf2\x04\x04\x10\xaai\xc2\
\xc9*rr;\x85\xfd\xdb\xf1\xca\xc2n,l\xa5o\
\xb5\xad\xeb^\x8b%\xa0#\xc8\xf5\x17\xb8\xee\xado\xa7\
26\xc1\xb9\xe7\x9fC(\x95\xce\x1a\xb8\x8c\xe88&\
j6x\xdd{\xbe\x8bo\xfb\xb9_\xa00X^\xf3\
\x06\x9f\xa5$\xa3(\xac\xf0\x8fC\xf5\xb4A\xb8\x82\xf8\
lH\xf5\xe3\xf3\xe8\xe9\x08T\xe7\x22#i0I\x95\
\xb3H\x1c\xea\x1ce\x9a/%%\xbf\x9b\xe2\x1e\xf8-\
U\x1e\xdc\x19\x01\xdf\x06\xdc\xd8\xed\xb3Y5R\xa0+\
38C;\x10\x99<znbQm@\xcb?\xf3\
\xe58\xd1X\x00\xe7\xb6Q\xd8?\x82; \xdam\x9d\
\x01k\x09$]\x85\xe4*\x03\xfb:\x067\xebr\xdd\
[\xdf\x82r\xb3\x9c\xfc\xda\x13\xe8(B\xaa\x9e7\xff\
6\x1dq\x10 \x94\xe2M?\xf4\x8fx\xcbG?\x8a\
\xe3\xb9\xeb\xca\xf3w\xd22\xfd\x03\x1fj\x93P=i\
\x83|\xc6\xd7T?>O\xf4\x8a\x0f\xce\x12\x0b\x93&\
\xf3\x9c@\x13\x111\xcf$\x9f\xa1\xc9\xd9\xcd`\xfa\xb7\
\xf8eU\x1e\xdc\x09p+\xf0\xa6n\x9f\xcd\xea\xb1\xae\
@\x5c\x9b\xc5\xdbs\x83\x1d*\xd2\xa8,\x19\xda.0\
\x22\xc4g\x1c=&Q\x95\x1d\xe4\xf6\x0f\xe0\xf5-\x0e\
\x0a\xb6-\x01g\xf5\x96\x80\xd1\x80\x10\xec\xbf\xe76\x86\
\x0e\xdc\xc0\xa9\xaf=E}f\x1a\xe5\xa6q\x81\x8d\x22\
\xa8\xd7(\x8d\xee\xe0\xdd?\xfbs\xdc\xf6\xbd\xef\xb7\x83\
b7h\x8f\x96HL\xff0\x80\xea\x14TN\xd8\x88\
\xbfTP{\xb0\x8a\xffX\x92S\x5cb\xd1W9\x93\
\xe4\xfdcf\xf82\x15\x9eOV\xfe\x9e7\xfd\x01f\
\x80\x7f\xdfR\x00\xdb\x81\xb5MG\xec6B@\xe8c\
\xe2\x10o\xf7\x0d\xc4\xb3\xe3\xc9n\xa0\xc5\xa6\x9a\x16\x0d\
|s\x0e}\xd6CU\xb7\x91\xdfW\xc6-'O[\
\x18\xd9F\x14$7\x84\xc7\xaa\xf7\x0e\xc4!l;\xb4\
\x8f}o\xbc\x9f\x99\xe3'\x98:\xfaj\xea\x12\xac\x13\
\x1d\xc7\x84\x8d\x06\xfb\xef\xbd\x8f\xef\xfc\xc5_b\xef]\
\xaf\xb7i\xbe\x0d\xdc\x9b\xe5\xb86\xe5W\x99\x82\xb9\xa3\
\x06\x1d\x81\xcc\x09\x1a\x8f6h\xfc\xcd<\xc4fQ\xcd\
\x88@\xe23M\x8d3\x184\xf3<\xc3\x0c\x0fcM\
\xcaM\xf3\xb7>J\x87\x05\x90\x01>\xc2&Q]\xe7\
!$\xa66\x8b\xc8\xe4qG\xf7\x12M\x9f\xa55\x86\
\xa9\xfd\x14$\xb1\xa8\x12\xc4\x13\xe8sYTc;\xd9\
\xdd\x05\xdc\xfed\x5cC+fc\x16z\x08\xac\xb6N\
\x00\xac\x12(\x8e\xf4s\xc3\x03\xef\xc4\xf1\xb2\x9c}\xf6\
\xeb\x84\x8dz\x9a*\x5c\x03a\xa3\x81\x9b\xcdq\xef\xdf\
\xfb\x07\xbc\xfd'\xff9\xc5\x91\xc1u\x17\xf8,E9\
\xf6N\xa9N\xc1\xecQ\x83\x0e@\x16\x04\xfesMj\
\x1f\x9f\xc3\xd4\xe2E~\xbf\xed\xed\x170\xcfqb\x9a\
K\xfc\xfeMc\xfa\x03|\x15\xf8\x83\x96\x02\x88\x80\xef\
\x03J\xdd>\xab5#\x04z~\x1agh\x07\xb28\
@43\x86\x10\x8b\xb5\xb1@\x12\x8aY\x82p\x12}\
\xa6\x84\xaa\x8f\x90\xdbS\xc0\xebgA\x09@[\x09\x18\
\x03\x8e\xc7\xaa\x95\xba\x8eA9\x8a\xfdo\xbc\x9d\xdd\xb7\
\xde\xcd\xcc\xc9\x13\xcc\x1c\x7f\x0d!dj\x0d\xac\x00\x1d\
EI\x03\xcf\xbb\xf9\xb6\x7f\xf5\xf3\xbc\xee\xbd\xef\x02\xad\
\x88\xc3\x8d}\x1f\xa9\xec\xbe\x90\xca\x04\xcc\x1c\xb1\xb9~\
U\x14\x84GB\xaa\xffk\x16=\x19/\xf2\xfb[f\
b\x85S\xf8\xcc\xe1s\x96)>\xd7\xeb\xd5~\x17\xe2\
\x0fI\xd2\x80`w\x04\xbe\x97\xcd\xb0)\xe8\x82\xd8\x8e\
\x0dqe\x1ao\xe7A\xc0\x06\x08\x91K\x95\x80 \x12\
3V\x09\x8c\x17Q\xf3\xc3d\xb7\xe7\xf1\x06\x85m\xfa\
\xd0\xb1O@\x07\x890{\xab\xdb@\x04\xc9\xc0\xc8\x10\
\x06\xf6n\xe3\xc6w\xbc\x9bL\xa9\x8f\xb1\x17\xbeIs\
n\x0e\xe9:i\xbap\x19\x8c\xd1\x84\xf5\x1a\xb9\x81A\
\xde\xf4\xf7\xff!\x0f\xfc\xb3\x9fd\xe0\x9a\x9d\x84\xf5\x8d\
o\xc7 \xa5\x8d\xf7T\xc6`\xfa\x15C\x1c\x80*\x08\
\xc2\x93!\xd5\xff=K|*\x00w\xf1\xdfH h\
0I\x9ds\x04L1\xc5\x17h\xf0\xdaf\x14~\x80\
_$\xa9\x04l\xfd\xe0\x166\xcb\x9e\x80\x0b!\x04D\
\x01\xba^!\xb3\xf7\x10\xda\xaf\xa1\xeb\x95%\xab\xae\xfd\
\xa3\x06b\x820\x98\xc1\x8c\xf7!+\x83dF\xf2x\
\xc3\xc2\x06\x06;\x82K:\xb4\x8f\xb5d\x08\xc0\xa6\x0a\
\x95\xa3\xb8\xe6\xeeoa\xff\x1b\xdfBP\xab1y\xe4\
U\x22\xdf\xb7{\x09RE\xd0n\xde!\xa4\xe2\xd0\xbb\
\xbe\x83w\xfd\xec/p\xe3;\xee\xc7h\xb5aQ\xfe\
N\x84\x04\xe5\xc2\xfcY\x98z\xc9\x06\xfcT\x1e\xc2\xd3\
1\xb5?\x9f#zu9\xe1\x97\x04T\x99O\x1a{\
N\xf3%\xaa\xbc\xd0\xfe\xed&c\x0a\xf8y`\xaeS\
\x01\xe4\x81\xef\xed\xf6\x99\xad\x1b!1\xcd\x1a:h\xe0\
\xed\xbb\x19]\x9bE7\x1b\xe7)\x01\x81 \x10\x13\xf8\
\xfe\x14f\xaa\x0f13\x88;\x90\xc3\x1b\x11v\xf7`\
\xdc~*&\xe9\x01'eR0\xb4\xca\xbfw\xcb\x1a\
(\x8d\xf6s\xc3\xdb\xdf\xc6\x8e\x9b^Our\x82\x99\
\x93'\x88\xa3\x10\xa5\xaeRE`\x0c\xa1\xdf\xc4h\xcd\
\xbe\xbb\xde\xc0\x03?\xf9\xd3\xdc\xfd\xa1\x1f ?X&\
l\x5c\x9e&LBXE>\x7f\x06\xa6^N:I\
\x17\x04\xe1\xa9\x98\xda_\xce\x11\xbe\xe4\xb34\x90/\x10\
\xc4\x04T8A\xc0,\xd3<\xcc\x1c_c\x93\x05\xfd\
:y\x16\xf8\x15\xc0t*\x80\x00\xf8\x106 \xb8\xb9\
\x91\x12S\x9f\x07c\xf0\xf6\x1c\x22\xaeLbB\x7fI\
L\xc0F\xfc\x021A\xe0\xcf\xc0l\x099=\x88\x93\
\xcd\xe0m\x93\xc8\x0c\x8b\x94\x00\xdan\x0b6\xda\xae\x1e\
b\x0d\x7fw\x9dL\x91\x1d>\xb8\x9bC\xef\xfcvF\
\xae\xbd\x8e\xda\xe4\x14s\xa7O\x11\x87!\xd2QW\x85\
k`\x8c&jZ\xc1\xdf}\xeb\xed\xbc\xe5\x9f\xfe\x18\
\xf7\xfd\xf0\x8f0t\xc0\xf6\xed\xd3\x97i:\x9b\x90\xd6\
\xef\x9f;e\xcd~#A\xe6\xec\xca_\xff\xab9\xc2\
\x17\x9a\xcb\xec\xdd\xb1i\xa2\x0agh2\xce,\x8f1\
\xc3W0\xe8\xcdR\xec\xb3\x1c\x7f\x06\xfc\x0d@\xa7\x02\
\x98\x03\xbe\x03\xd8\xd3\xed\xb3\xdb\x10\xa4DW\xa6\x11\xae\
\x8b\xb7\xebz\xe2\xb9\x89$\xc7w\xbe;\xe0\x8bs4\
\x9b\xe3\x98\xd9\x12bf\x00\xa5\xb3\xb8\xdb\x15N!q\
\x07:\x12\x0a:X\x9fK\x00\xf6\x06\x17R\xb0\xfd\xd0\
A\x0e\xbd\xf3\xdb\x19\xbd\xe1\x10~\xad\xc6\xfc\x99\xd3\x84\
\x8d\xfa\x96\x0d\x16\xea(\x22l6P\x8e\xcb\xbe{\xee\
\xe5\xfe\x1f\xf9(\xf7\xfd\xfd\x7f\xc4\xf6\xc3\xd7\xa2#\xb1\
\xe1A\xbeN\x84\x04a`\xf6\x04\xcc\x1c5\xe0\x82\xf4\
\x04\xc1\xc9\x98\xfa'\xe6\x08\xbfy!\xe1\xb7M>\xea\
\x9cf\x96'\x98\xe6\xcb\x18\xa2\xcd,\xfc\x00\xbf\x00\xbc\
\x04\x8b\x15\x80\x01\xaeeS\x16\x04]\x00)\xd1\xf3\xd3\
\x88L\x0eo\xd7u\xc4s\xe3\xcb*\x01\x01\x84b\x82\
f0\x8e\x99\xcf\x22\xe6\x06\x91\xf5\x0c\xce\x80\xc2\xe9\x17\
\x08\xb3x\xc8\x88\x89\xadK \xb0J`-\xd6@\xab\
n@(\xc9\xe8\x8d\xfb9\xf4\x8eoc\xcf\xedw\x81\
\x11T'\xc6i\xcc\xcd`\xb4\xb6u\x04\x9b\xd8*0\
\xc6\x10\x07>Q\xe0S\x18\x1c\xe6\x86\x07\xbe\x95\xb7|\
\xf4\x9f\xf1\x86\x0f\x7f\x84\xd1\x1b\xf6c\xb4\xb4~\xfee\
\xee\xb9j\x22\x98y\x0d\xe6N\x1a\x84\x07(\x08^\x0e\
i\xfc\xf5<\xe1\xcb\xcb\x09?\xd8a\x1eST8\xce\
,O0\xc5Ch\xfc\xcd.\xfcS\xc0\xcf\x00\xf3\xb0\
X\x01\x805z\x7f\x80M\x18\xd5\xb8\x18z~\x12\x99\
+\xe2\xed8@<7i7\x0e\xc9\xce\xbf\xf8B`\
\xb0\x19\x9c\xc3T2\xc8\xca \xcceqr\x12wD\
\x9e\x17\x1cl\xa7\x0a\xe3\x85t\xd2\x9a0I\x7f\x02`\
\xf0\x9a\x1d\x5c\xff\xb6\xb7r\xdd[\x1e\xa0\x7f\xd7\x1e\x82\
Z\x9d\xda\xe4\x04a\xa3\x8e\xd1f\xd3(\x03c4q\
\x10\x10\x05>\xcau\xd9q\xd3-\xdc\xf9w>\xc8\xfd\
\xff\xf8Gy\xfd\xfb\xdfC\xff\xae\x1d\xe8\xa4\xd1\xc6e\
\x17|\x0dQ\x03f\x8e\x19*\xe3 \xb3\xf6g\xc1\x8b\
>\x8d\xbf\x9e'z-i\x1b\xb4\x8c\xf0\xfb\xcc2\xcf\
1f\xf8*\xd3<\x8c\xa6\xb6Y#\xfe\x9d<\x04\xfc\
\xd7\xf6\xa7\xdc{\xed\x1d\x9d\xbf,\x03O\x03\xfb\xbb}\
\x96\x1bJ\xb2\xff\xd7\xdbs\x08U\x1e&8\xf1\x02q\
m\xd6n\xfbj5}\xb7O\xc4\xa0\xc9\xea\xddl\xf3\
\xde\xcd\x8e=oe\xf0\xe0.\xfan\xcbP\xba]!\
2\x02\xbd\xb4C\xb8\xb1\xcdG\xdd\x82}\x88\xce\xd9%\
kDy6\xce\xe0Wc\xc6^x\x81\xa3\x0f}\x81\
c\x8f~\x85\x89#\xaf\xb4]\x04\xe5\xba\xc8\x1e\xeaH\
\xa4\xa3\x888\x0c1F\xe3\xe5\x0b\x0c\x1f\xbc\x96\xfd\xf7\
\xdc\xcb\x817\xfd-F\x0f\x1d\x22S\xb4\x11\xfd\xcbi\
\xe6\xb7Ib6q`\xc7\xbd\xcd\x9e6\xf8\xf3 3\
\x10\xd7\x0c\xc1s>\x8d\x07\xe7\x89\xc7#\x96\xaf\xdc\x15\
\x04T\x98\xe7\x08\x13|\x91\x19\xbe\x82\xa6\xc1&\x0d\xf8\
-\xe5G\x80_m\x7f\xd2%\x0a\x00\xe0\xbf\x03?\xd8\
\xed\xb3\xdcp\x12\xa9\xf5v\x1eD\xf5o#\xae\xcd\x10\
O\x8f[E\xa0;\x15\x81U\x02\x9e\x19eD=\xc0\
\xce\x1d\xef`p\xdf5\x94n\xcaR\xba\xc3\xc1\x1d\x95\
\x98p\xf9@\x95\xca\x80WJ\x9a\x8c$U\x85\xebA\
H\xab\x0c\xa4\x82\xe6\x5c\xc8\xc4+/s\xea\x99\xa78\
\xf1\xf8cL\x1ey\x85\xca\xf89L\x14\x83\x10\x08%\
\x91\xca\xb9\x22\x9b\x90t\x1c\xa3\xe3\x08\x13\xdb\x19YB\
)J\xdb\xb63r\xdd\xf5\xec\xbd\xf3\x0d\xec\xba\xf5v\
F\x0e^G\xb6\xec\xd8^\xfa\xc1\xea\xe74\xae\x07\x13\
\xdb\xa1\x9d~\x0d\xaa\x13\x86\xa0a\x15s<k\xf0\x9f\
\xac\xd3|\xb8\x8a\x9e\x8aa\x19\xfd)\x10\x04T\x99\xe3\
(\x13<\xc84_A\x13lv\xb3\xbfE\x1d\xb8\x03\
\xda\xf9\xcbe\x15\xc0\x03\xc0g\xba}\xa6\x97\x05c\x9d\
yY\x1a\xc4\x19\xd8\x86*\x0e\xa0\x83&\xd1\xcc9t\
m\x0e\xe3'\xb9'\x01Fh\x1c\xd3\xc7 of\xc7\
\xd0\xbb\x18\xd9w\x88\xe2\xb5y\x8a\xafw\xc8_\xaf0\
\xca\x06\x04Yj\x0d(k\x098\xf9$H\xb8\x01\x8a\
\x00:\x94\x81\xb4\x86\xcb\xdc\xe91fN\x9c\xe0\xdc\xf3\
\xcfq\xf6\xf9\xe7\x98=u\x92\xda\xe4\x04\x8d\x99i\x8c\
Y\xd8\x8b.\x84\xb0\x01\xc5\xe4\xab\x10\x0b\x16O\xa7;\
aZf\x8d1\xf6\xdf\xc6`\xb4\xb6\x0f\xb3\xd0@A\
\x08In`\x90\xe2\xf0\x08}\xbbv\xb1\xfd\xd0M\xec\
\xb8\xf9\x16\x06\xf7\xef\xa7\xbcs\x1b\xcaI\xc6g]a\
\xa1O\xea\xc0\xec \x98\x0a\xf8\x0dh\xcc\x1b\xdb\x18\xd4\
\x08\xa2\xb1\x88\xe6C5\xfc'\xeb\x98\xa6f9K\xde\
\x0e\xf1\xa81\xcb+\x9c\xe3\xaf\x98\xe11\xfb\x99\xb7\x86\
\xf0\x03<\x02\xbc\x99\x8eq\x80\xcb)\x80>\xe0k\xc0\
\xc1n\x9f\xede\xc3h\x90\x0a\x99-\xa0\xfaG\xed\xc8\
1c\x1b\x8c\xc4\xb3\x13\xe8f\x0d\x13\xfa\x18\x13!\xc9\
R6w\xb0\xbd\xf8nF\xafy=\xa5k\xfa)\x5c\
\xe7\x92\xbfY\xe1\x8eHt\xc4\xb2}\xe7\xa5k\x95\x80\
\x93[\xe8J\xbca\xfen\xb2{M:\x0b#\xab\xea\
3\x0d\xaa\x13cT\xc6\xc6\x98>v\x94\xd9S'\x98\
?{\x96\xfa\xcc4A\xbdF\xd8h\x106\x1bD\xcd\
&:\x0c\xd1:F\xc71&\xd6\x89\xf5\xa0\x92\x87\x83\
\x93\xc9\xe0dsx\xf9<^\xa1H~`\x90\xbe\x9d\
;\xe9\xdf\xb5\x87\xc1\xfd\x07(m\xdbNqx\x94\xfc\
@\xce\xc6F\x8c\xb5\x88\xae\x88y\xbf\xcc\xb5h\xc5c\
\xa2:\xf8U\xf0CCP\xb7#\xe2\xe3&\x84\xaf\x06\
4\xbfX!|\xb551f\xf9\x03\x85\xd4\x98\xe1\x1b\
\x9c\xe3\xaf\x98\xe7\xebIw\xdf-#\xfc\x00\xff\x04\x9b\
\xff_\xf8\xd4\xcb(\x00\x80\xff\x04\xfcp\xb7\xcf\xf6\xf2\
b\x12\x8b\x00D6\x8f*\x94Q}\x83\x88l\x11\x13\
\x85\x98\xd0'\xaeL'\x8dG\x03\x0a\xe1~\xb6e\xbe\
\x8dm;\xde@\xdf\xbem\xe4v{\x14\x0e)\xb2\xd7\
+\x84'l o\x895@R8\xe4\xe6\xc1\xc9&\
\xf1\x81\x8dT\x04\x1dH\xb5|02lBPK\x14\
@\xc3*\x808\x0a1q\xa2\x00t\x8c\x90\xaa\xad\x00\
\x84c\x15\x80\xdbR\x00\xc5\x22nv\xc9\x95\x8b\x17\x06\
et\x8d\xe4:\xea\xd0\x06\xf9\x82*\xf8>\xc4\xda\x10\
6 n\x08\xe2\x8a\xc6\x7f\xaa\x8e\xffp\x8dh\x22D\
(\xb1\xac\xbf/\x12\x9f\x7f\x92\xa78\xcb\xc7\xa9\xf32\
\x06\xd9ks\xfc\xd6\xcb<p\x1bpd\xd1\xa7\xbf\x80\
\x02x#\xf0e\xd8\xfc!\xcf\x15\xd1j\x12(%\x22\
S\xb0\x96Aq\x00\x99+\x801\xe8(@7\xe7\xf1\
\x1ae\x06\xfd;\x19\xcd\xdf\xcd\xe0\xde\xfdd\xb7e\xc9\
\x1dp\xc8\xdf\xec\xe0\x8e\x0a\x0c\xc2\xb6\x1d_tl \
1\xdfU\xd6*\x82\x8dt\x0d.\x85\x10I\x0e\x5c\xd8\
\xf3h\xf5\xb3\x13\xb0X\x18Lr:f\xe1r\x18\x9d\
<zi,bkHg\x04q\xc3\x8e}\x0b\x9a\x10\
\xc7\x86HX+ \x9a\x87\xe8tD\xf3\xe1*\xc1\xb3\
\x0d\x08\xcd\x05\xeed+\xfcMf\x19\xe3\x8b\x9c\xe3\x93\
\xf8\x9c\xd9L{\xfaW\xc3'\x80\xef\x5c\xfa\xc3\xa5i\
\xc0\x16g\x81w\x01\xbb\xba}\xd6W\x04\xb1\x10\x00$\
\x0c0\xcd\x1a\xf1\xfc$\xf1\xdc\x14&\xb4\xdb\x02e\xae\
\x84.\x18\x82\xfe:\x91\x17\x81\xef\xe2\xc8\x22\xa6\xa9\x88\
\xa7\x0d\xf8\x02\xa7$\x90\xb9\xe4\xc6\xe9\x98b\x0eI9\
q\xb0\xd87\x96\x92+\x12X6-an\xad\xdc\xd1\
E\x1e\xb1}^/\x0a>XS?\xac\xdaGP\xb3\
\x8d;#\x0c\xb1\x81pN\x10\x8e\x19\xfc'\xea4\x1e\
\xac\x10\xbd\xd4\xb4\x7f\x87e\xfd}\xab\x09\xeb\x8cq\x9a\
O0\xc6'\x09\x98H\xd2|[N\xf8\x01~\x8a\x8e\
\xe0_\x8b\x0b)\x00\x0dx\xd8VaW\x11bA\x19\
\x08\x01:\xc6\xf85tu\xd6\xc6\x06j\x15\xc2\xda\x18\
\x0ds\x92F<F\xdcT\xb8\xb2\x0f%3\x98H\x10\
W\x8c\x9d\x08\xe7\x81\xcc\x5cZ\x11\xb42\x09B&\xc5\
D[\xf2\xbe[\x07\x89\xb5\xa2\x93\xc2\xab`\x1e\xa2\xaa\
\x9d\xce\x1b6\xc1\x0f\x0c\xda\xb1\xd7\xd2\x9f\x16\x04/\xf8\
4?=O\xf3\xb1\x1af&\xd9\xca+\x96;\xac\xc4\
\x00s\xbc\xcaI\xfe\x98\x09>K\xbc5r\xfc\x17\xe2\
U\xe0\xc7\xb1\xe5\xfe\x8b\xb8\x90\x02\x008\x0e|?P\
\xec\xf6\xd9w\x0d\xb1D!\xc4\x11\x84\x01q}\x8ef\
\xed8\xd5\xb9\x17h\x8c\xcd\xa2\xcfe\x10sy\x88\x1d\
t\x03L\xc3 4\xa8\xbc@xb\xb1\xa9\xdf\xba!\
c\xeb\xbf\xc6\xbe\xbd\x81\xd1\xd6\x22h\x99\xeaW\xad2\
\xe8\xa8\xcfj\x05\xf6\xc2\x9a\x15\xfc\xd8\xb7s\xfa|\xdf\
\x10%+{8\x0b\xfe\xb1\x18\xff\xabu\x1a\x9f\x9a#\
:\x11\xd8\x03(q\x81\xc3+\x22|&x\x9c\xe3\xfc\
\x8f\xf6\xa6\x9e-,\xfc\x00\xff\x11xp\xb9_\x5cL\
\x01\xd4\xb0\x9d\x827\xf7\x16\xe1\x8d$Q\x04B\xc8d\
\x16\xdc<u}\x94z\xf3\x0c\xd1\xa4\x81\xb1<\xa6\x9a\
\xb1+|\x1dL#\x09\xce\xe5\x04\xa2\x95s^b\x11\
`\x16v\x1b\xb6\xfa\x0f\xb4\xf6\x1e\xb4\xad\x82\xad\xac\x0c\
:?_+\xa8W\xb7\xa9\xbc\xb0f\xa3\xf8&\xb4\xd7\
%\x08!\x08\x0cZ\x80\xd1\x82\xe61M\xe3\xd1\x06\xfe\
\x97\xab\xf8\x8f\xd7\xec\xb4\x9e\x0b\xac\xfa\xadi\xbdM\xa6\
9\xc3\xa78\xc5\x1f\xd3L\xf6\xf2o\xb1H\xffR\xe6\
\x80\x1f\x02f\x97\xfb\xe5\xc5\x14\x00\xc0\x09\xe0\x83Xw\
 e\x11\xc2\xde8\x22\xc2\x17\xe7\xa8\x89#\xf8\xfe\x0c\
z\xd2EL\xe40\x15\x87\xa8a\x88*\xa0\xebv\xd4\
\x94\xcc\x82X\xee\x06m\xb9\x07-\xab\xa0\xb9\xd0\x87\x80\
\x8e\x5cz{ \xc5fW\x08\x1d\x9f\xc3DV\xf1E\
\xad\x80^\xd5\xfe\xdb$\x9f]\x1b\x08c\xf0\x1b\x86(\
\xb6Y\xf9h\x5cS\xffJ\x93\xfa\xdf\xcc\x13<\xddX\
\xa8\xe8\x93\x17z;\x85\xc10\xcbK\x1c\xe7\x0f\x19\xe7\
SD\xcc\x22X\xc3\xde\xee\xcd\xc7\xff\x04~\xffB\xbf\
\xbc\x94\x02\x98\x04\x0ec\x9b\x85\xa4,\x8bH\xf6\x8b\xcf\
\xd3\x10\xc7h\x98SD\xf5\x18\xa6\xb3\x88\xe9\x0cqE\
\x10V5\xd1\xac\xc1\xd4A*\xdbo@&\x8a\xe0\xbc\
\xcdg\x09-\xc1\x88\xfd\x0e\xeb Z\x88\xd0/R\x06\
\xbdz\x0f/=\xbfV\xe65\xea\x08\xe6\xd5l\xd5^\
K\xe9\xb5\xe6ih \xd4\xd0l\xd8J>\x8d@\xcf\
h\x1a\x8f7\xa9\xfdu\x15\xff\xd1\x1a\xf1xl\x0fx\
A\x97I Q\x04T9\xc7\x178\xc9\x1f&\xf3\xfa\
\xe2\xadn\xf2\xb7\x08\x80\xbf\x0b\x8c]\xe8\x09\x17J\x03\
vr\x07\xf0\x15 \xedjyI4\x06\x8dK?%\
\xf3z\x86\xb9\x8f\x01\xf70\xf9\xfe!\x9cm\x1e\xcev\
Ef\xc4!\xbbM\x91\xd9\xa9p\x86\x04\xaa$0R\
\xb4#\xf5\xcb\xa6\x06;\xdc\x06!l\xae_\xba6\x9d\
\xa82\xf6{\x91\xac\x80R,s\x88\x8d\x8e\xe6\x8b\x0b\
\xff\xb8]P\x98|\x96V\xcaN'\xd9\x0f\x9dX9\
\xc6\xb0`\xddt\x1c/6\xf6\x114!\xaa\x19\x9bV\
\xf55\xcd\xa7\x9b4\x1eo\x10\x9d\x0a0M\x8d\x90\xe2\
\xa2\x19\x14\xbb\xeak\xe68\xc2\x19>\xc9\x0c\x0f\x13S\
E\xe0\xd0\xbb\x1as\xc3\xf9c\xe0\x03\x17{\xc2J\x14\
\x00\xc0\x9f`\xa7\x07\xa5\xac\x00\xdb,B\x90a\x07e\
s\x07\xc3\xdcC\x9f{\x80L_\x1f\xee6\x17gH\
\xe1\x0c;dF\x14\x99Q\x85\xb7S\xdam\xc79a\
e\xb5\x95\x8aKV\xfb\xf3\xee\xd7N\x81N\x9a\x5c\x08\
'\xf9*\x13\x85\xd0\xfaw\xeb\xb1\xd4R\x10\xcb\x1c\xeb\
\x22?o\x9f\x8b\xe9H\x0f\xb6\x8aq\x92\x91\xeb:\x06\
\xf4\x82\xa0\x93\x08\xff\xa2\x92\xe0\xa51\x90\xe4\xdf\x91\xb1\
\xad\xb9\x83\x06DU\x83\xae\x1a\xcc|D\xf8Z@\xf3\
\xa9\x06\xe1\x91\xc0Vi_\x22@\xda\xca\xe17\x99f\
\x8c\x87\x18\xe3\xd349F\xdbe\xbbz\xf0\xb1\xf1\xbb\
g.\xf6\xa4\x95*\x80\xdb\xb0m\x84S+`\xc5\x18\
\x0c1\x12\x8f\x1c\xfb\x190w3\xc0m\x94\x9c=x\
\x85\x22j\xd8A\x0dI\x9c~\x07oP\xe1\x0d)2\
;$\xee\xa8U\x062k\x95A\xab\xd4xic\x92\
%o\xb5\xe8\x9f\xa2#\x80\xd8.\xfci}\x95\x1d\x16\
\x03,*\x0a:O\xc8MG=@\xc7\xa8\xbb\xce\xe7\
al\xed?\x9d\xcaj\xb9\xacG\xe7\xb7\x89\x95\xa2\x05\
\xc4\xda\x0e\xe2\x8cj\x86p\xd2\x10W5z*\x22>\
\xe1\xe3\x7f\xd3':\x19b\x22\xb3|\xecd\xd1q\xad\
\x09\x14\xd2`\x9a\xe7\x18\xe3\xd3\xcc\xf3$\x9a\xc6\xd5\xe2\
\xeb/\xe5\x7f\x00\x7f\xe7ROZ\xa9\x02\x00\xf8\x1dl\
@0eU\xd8\xdd\x85\x92,\xf9\xb6\x22\xb8\x95\xa2\xd8\
\x8d\x97\xcb#\xfb\x14rH\xa2\xfa\x1d\xdc\xb2\xc2)+\
\xdc\xb2\xc0\x1bQx\xdb$\xce\x80@\xe6\x05B\xb1\xa0\
\x10Z\xd5\x86z\xa1z\xef\xa2V\xc22t\x8cP<\
\xff\x8c\xcd\xa5_\xbf\xf8`+x\xaf\x96\xd0'\x8f(\
L\xf2\xf9s\x06\xffH\x80\x9e\x8c\xd0\xb31\xba\xa2\x89\
N\x04DgBLh.P\xbe\xdb\xf9\xd66o\x1a\
\x112\xcf\x11\xc6\xf9<\xd3<B\xc4T\xe2\xe7_U\
\xab~\x8b\x06p'\xf0\xfc\xa5\x9e\xb8\x1a\x05p\x10x\
\x12\xe8\xef\xf6\xa7\xdb\x9ch\x0c1\x8a\x12y\x0e0h\
\xee\xa4\xcc\xeb(\xb0\x1b\xd7\xcd#s\x125\xa0P\xfd\
\x0a\xd9'Q\x05\x07\x95\x178\x05Ev\x87mJ\xe2\
\x0c\x08T\x9f\xb5\x0e\x90\x9c\xb7B\x9b\xa4\xe7`\x9b\x95\
\x08\xf1\xa5\x9e\xb3\x96\x85\xb3eqH+\xec-\xc1\x8f\
\x02\x08\xe74\xe1\x94!\x1a\x8f\x88\xce\xc6DgC\xcc\
|\x8c\xf15\xba\xa6\x89\xc7#LC\xdb<\xfe\x0a\x04\
_\x13S\xe5\x14\xe3|\x99i\x1e\xa1\xc9\x89\xe4\xf7W\
E\x90\xefB\xfcG\xe0\x1f\xaf\xe4\x89\xabQ\x00\x00\xff\
\x12\xf8\xd9n\x7f\xba\xcd\x8cIDB\x92!\xc7>\xca\
\xdc\xca\x80\xb9\x95\xa2\xb9\x06O\x14\x91\xaeB\xe4\x05\xb2\
\x04\xb2\xdfA\x95\x15*\xa7\x90\x19\x81*J\xbc\x01\x89\
;\xa4P%\x81;$QE\x10\x99d\xd8i\xc7f\
\xa0v9\xef\x92\xc0\xe2y\xcdL:~-Zn\x80\
X\x08\xe8\xb5\x83yK\x14E{/A\xb2\xb2w\xfa\
\xe616}\x17\xfb\x107\x0d\xc1\x8c&\x9a\x88\x09\x8f\
\x85Dg\xad\x80\x9bJ\x8c\x8e\x0c\x22\x00\xdd\xd4\xe8y\
\x8dn\xe8Kf5Z\xa6\xbe&\xa4\xca\x19&y\x94\
I\xbe\x94\xf8\xf9f+\x97\xf2\xae\x943\xd8\xc0\xfd\xd9\
\x95<y\xb5\x0a\xa0\x0c<\x01\x5c\xd7\xedO\xb9\xd9Y\
P\x04\x1eY\xf6P\xe2\x10\xfd\xdcJ\xc9\xec'\xc3 \
\x0a\x17\xe1\x0a\xc8\x82\xccId\x9fD\x16\x15\x22'Q\
9i-\x86\xac@e%NY\xe2\x94\x05NY\xa2\
\x8a\xc2V \xe6\x05\xd2K\xb6\x0c;,\xb6\x16\xec\x09\
\xb4\xe5D\xb0\xc4}O\x9e\xd3R&\x9d?oy\x07\
:N\xaa\xa5\xb5\xdd\x06\x1c\x87\xa0CC\xec\x1b\xc2\xb1\
\x98h*&\x9a\x8c\x89\xe75\xf1tls\xf5\xb1i\
\x1f\xdb\xd45\xba\xae1u\x83\x89\xcd\xc2\x1b-\x8b\xe8\
0\xf5\x9bT9\xc5\x14\x8f1\xcdc49\x9a4\xe9\
\xbc\xea\x05\xbf\xc5?\x04\xfe\xf3J\x9f\xbcZ\x05\x00\xf0\
\x7f\x01\x7f\xd4\xedO\xb9u\xb0\xc1B\x81\x83\xcb\x00\x05\
n\xa0\x9fo\xa1\x8f\x1b\xc8\x9b\x1d8&g\xdb\x99K\
\xbb\xa3MdA\xe6%\x22g\x95\x81\xcc\x09dV\xda\
\x87'\x10\xae@\xe5%\xaa PY\xbb9If\xec\
W\x91\x15\xc8\x8c\xdd\xa7 <\x81\xc8\xd8\xee\xc4\xad\x1d\
v\x0b+\x7f\xab)J\x22\xfa\x06\x84\xb6Qz\x0c\x98\
\xd8\x107\x0d\xe1\x9c&\xae\x1bL]\x13NX\x13>\
<\x17a\x9aV\xb0uS[\xa1O\x94\x03\xa1A\xfb\
\xc66\xe4\xb8H\xa0p\xe1\xc7\xad\xbah\xf0\xa9P\xe1\
(\xd3<\xc5,\x8f\xd3\xe4\x14\x86\x08yu\xa5\xf5.\
\xc5\x93\xd8\xa6\xbe\xfeJ_\xb0\x16\x05 \x80\xbf`\x99\
\xad\x85)\xeb\xc1$V\x81H\x02\x86{)p\x1d}\
\xdcD\x89\x83d\x18\xb4\xca\xa0\xb5\x1e\x8b\xa4\x00\xc6\x13\
HW\x80\x0b\xc2\x93\x88\xac\xb0_\xddD\xc8\x1d[\x17\
/\x1c\x81t\x04\xc2\xc3\xfe\xce\xe9(O\xb6u\xcd\x08\
\x17P\x02#@`\xa7\xe4\xea\xba&\xaek\x84\x06\x13\
\x19t\xc3\xa0\xe7bL`Wn]\xd7\x90X\xee:\
0I\xf3T\xbb)\xcah\x93\xa4\x05\xcdB0\xe0\x92\
&\xfe\x82\xd0G\x044\x99d\x96o0\xcd\x93Ty\
\x9e\x88Y\x16j\xf7S\xc1\xef \x06\xde\x8a\xdd\xc6\xbf\
b\xd6\xa2\x00\x00\xae\xc7\xa6\x05\x07\xba\xfd\xa9\xb7\x1e\x06\
\x83\xc1\xfe=\x15.\x03d\xd9M\x1f\x87(q\x88<\
;\xc80\x84C\x16a\xac\x00\x98\xce\xb0\xbd\x12\xed\xa2\
 $6\x8a\xael\x16\xa1\xfd5\xa9\x16je\x16\x80\
vx\xbe-\xac\xa1\xc1D\x89\x00\x1b\x93\xd4&t\x08\
t\x82h\x05\x03.&\xd8\x17\x95\xd3\x96yo\x1f1\
!>3Ty\x8d\x19\x9e\xa5\xc2\xf349\x91\x14\xf1\
\xb4\xea\xf6S\xc1_\x86\x15\x07\xfe:Y\xab\x02\x00\xdb\
1\xe8?u\xfbSomL;V pP\x94\xc8\
\xb1\x9b\x02\xd7R\xe0\x00E\xf6\x93e\x04\x87,\x127\
\x11\x0e\x93\xf4\x04\x5c.j\xc7B\x84~\xf9\xb7[\x88\
\x01,\x13+Xt\x9c5\xb3X\xe0\x0d\x9a\x98\x80&\
ST9N\x85W\xa8\xf0\x0d\x1a\x1c#\xa6\xca\xc2j\
\x7fU\xa6\xf3V\xca\x8b\xc0=\x5c`\xc3\xcf\xc5X\x8f\
\x02P\xc0\xc7\xb9\xeaz\x06t\x8b\x962\x00\x108\x94\
\xc8\xb0\x9d\x0c;\xc8\xb3\x87\x22\xd7\x92c\x14\x97>\x5c\
\x0aH\xbc\x8e\x96V&y=\x8b\xa3|\xcb\xb1a\x8b\
\xabX\xf2\xff\x05\x81\x8fh\x12QK\x84\xfe\x18U^\
\xa6\xceq\x9a\x9cl\x0b\xfdB\xe5^\xba\xda_\x82\x18\
x'\xf0\xb9\xb5\xbcx=\x0a\x00\xec\xfc\x80G\x80\x1d\
\xdd\xbe\x0aW\x17\x0bn\x82\xdd\x16\x9fAQ\xc4e\x80\
\x1c{\xc8\xb1\x97,\xa3d\x18!\xc3`\xa2\x14\xf2m\
\x81\x12\x0b\x91\x84\xf6\xf1X\xf2\xef\x8b\x95\x07\x88e\xbf\
\xeb\xfc\xda:\x86]\xdfC\xaa\x04\xcc\x110C\x83s\
\xd49N\x8d#\x04\x8c\x131OL=y\xb5\xea\xb0\
\x0eRV\xc8\xbf\x05~b\xad/^\xaf\x02\x00\xf8n\
\xe0\x7f\x91\xfe\xd5\xba\xc8\x82\xab\x002\xf1\x95\x1d\x1c\xca\
x\x0c\xe31\x88K?\x1eCd\x19\xc1e\x00\x97\x12\
\x0ey\x14\x99\xe4\xf9\xd6\xbf\x16\xedf\x98\xd6\xe4\xee\x5c\
\xc7\xdbVD\xc7\xfb\x99d\x03\x94&&\xc6O\x84}\
\x96\x80YB\xa6\xf0\x99\xc0g\x8a\x80qB\xa6\x88i\
`\x88\x00;\x8bAp\x85\xfa\xa2mM\x1e\xc1\x06\xfe\
\xd6<D}#\x14\x00\xc0/c[\x0e\xa7t\x9d\x05\
\x11m\xd5\xe0\xb5\xc4V\x92AQ@\x91C\x90E\x91\
\xc5\xa1\x84K?\x0e%\x14\x05\x1c\xf2Hr(<Z\
M4\xec\x0e:\x9b\xae\xd4\x84h\x02b\x024uB\
*D\xcc\x112KL\x8d\x98\x06\x9a\x061ubj\
\x18B:\xcd\xf9N\xff?e]L\x02\xf7a\xfd\xff\
5\xb3Q\x0a\xc0\xc3\x0e\x13\xb9\xbf\xdbW%\xe5b\x98\
\x0e\xc5\xd0z\xa8$\x97\xee$\xab\xbf\xb3(\xc5\xd6i\
\x92/V*\xb6\xb4\xd9\x10%\x8fV_\xf4\x05\x01O\
\xcd\xf9\xcb\x86\x06\xfe6v\xcc\xf7\xba\xd8\xa8\xe1r\x01\
v\xa3\xd0\x17\x80}\xdd\xba*)\x97Bp~\xaf{\
\xd3\x16\xe4\xd6\xf7\x8b\xbf.\x7f\x9c\x85\xe3\xb5\xbe\xf6\xce\
\x9c\xc2\xab\x80\x7f\xcd\x06\x08?l\xac\xf3u\x0c;Y\
\xb8\xd1\x85\x0b\x92\xb2fZ\xabu\xcb\xffWm\xb3\xff\
\xc2\x8f\x85\x98\xc1\xd5\xdd\xc1\xb4+\xfc1\xf0\xaf6\xea\
`\x1b\x1d}\xf92\xf0!\x16u\xb2KII\xd9 \
\xbe\x04|\x98\x0d\x94\xafK\xf5\x04\x5c\x0b\xcfc\xad\x80\
\x07\xae\xdcuII\xd9\xf2\xbc\x00\xbc\x17\x98\xde\xc8\x83\
^\x0e\x05\x00\xb6\x87`?iK\xf1\x94\x94\x8d\xe0,\
\xf0\x1e\xec\x80\x8f\x0d\xe5r)\x00\xb0\x83\x08\xae\x01\xbe\
\xe5\xb2]\x96\x94\x94\xad\xcf\x0c\xf0>\xecN\xbf\x0d\xe7\
rV`h\xe0\x07\xb1A\x8b\x94\x94\x94\xd5S\xc16\
\xe3}\xe4r\xbd\xc1\xe5.\xc1\x0a\xb1\x99\x81?\xb9\xcc\
\xef\x93\x92\xb2\xd5\xa8`s\xfd\x9f\xbd\x9cor%j\
0\x03lw\xd2\xffy\x05\xde+%e+0\x0b\xbc\
\x1f\xf8\xf4\xe5~\xa3+U\x84\xdd*\x14\xfa\xefW\xe8\
\xfdRR6+g\x81\xef\xe02\xaf\xfc-.g\x10\
p)\x1a\xf8+l\xf5\xe1\x9b\xaf\xd4\x9b\xa6\xa4l\x22\
^\xc2\xa6\xfa\x9e\xb8Rox%\x15@\x8b/`\xb5\
\xdc;\xd8\xb8R\xe4\x94\x94\xcd\xce\xc3X\xb3\xff\xa5+\
\xf9\xa6\xdd\xda\x87\xf9\xeb\xd8\x00\xc7T\x97\xde?%\xa5\
\x97\xf8#\xe0\xdd\xc0\xf1+\xfd\xc6\xdd\xdc\x88\xfd\x09\xec\
^\xe6\xcb\x92\xdfLI\xd9\x04D\xc0O\x03\xdf\x87\x8d\
\xfa_q\xba\xdd\x89\xe1Y\xe0\xed\xd89f))W\
\x13\xe3\xd8f:?G\x17\xf7\xcet#\x06\xb0\x14\x1f\
\xf8s`\x1e\xb8\x17\xdb[ %e+\xf3\x05\xac\xf0\
_\xb6\x02\x9f\x95\xd2m\x0b\xa0\x93\xff\x80\xb5\x06R\x97\
 e\xab\x12`\xb7\xf2\xbe\x9b+\x1c\xec\xbb\x10\xbd`\
\x01tr\x1a[:\x9c\xc3N7\xed%\x05\x95\x92\xb2\
\x1e\xbe\x09|?\xf0\xdb\xd0\xee\xbe\xd2uzQ\xc0*\
\xd8\xfe\x82\xdf\x0e|\xa3\xdb'\x93\x92\xb2NB\xe0W\
\xb0#\xbb\xaeHq\xcfj\xe85\x0b\xa0\x93W\xb1\xe9\
\x11\x0d\xdcF\x1a\x1bH\xd9|<\x86\xad\x80\xfd5\xa0\
\xd9\xed\x93Y\x8e^\xb4\x00:\x99\x05~\x0a\xdb\xfd\xf4\
\x13\xdd>\x99\x94\x94\x152\x06|\x14x\x0b6\xe0\xd7\
\xb3\xf4\xba\x02h\xf14v\x18\xe9\xdfN\xfe\x9d\x92\xd2\
\x8b\xd4\x80_\x05\xee\xc0\xb6\xca\xef\xf9\xfe\x98\x9bE\x01\
\xb4\xf8S\xac/\xf5\xf7\xb9\x0c\xddQRR\xd6H\x08\
\xfc\x01\xf0F\xe0G\x80S\xdd>\xa1\x95\xd2\xcb1\x80\
\x0b\x11bS\x85\x7f\x00\x9c\x03\x0e\x02C\xdd>\xa9\x94\
\xab\x12\x1f\xf8\xdf\xd8\xc67\xff\x19k\xfao*6j\
0H7)\x03\xdf\x0b\xfc=l\xb00%\xe5r3\
\x83\x15\xfc_c\x93\xbb\xa4[A\x01\xb4\xf0\xb0;\x0c\
?\x82\xedH\x9c\xef\xf6\x09\xa5l9^\x06\xfe\x10[\
\xba~\xb4\xdb'\xb3\x11l%\x05\xd0\xc9a\xe0\x03\xc0\
w\x01\x87\xba}2)\x9b\x9ay\xe0\x8bX\x97\xf3\xd3\
\xc9\xf7[\x86\xad\xaa\x00Z\x14\xb0\x81\x99\xef\x02\xde\x06\
\x5c\xdb\xed\x13J\xd9\x14\xd4\x80\xc7\xb1\xe3\xb7>\x83]\
\xf9\xb7$[]\x01tR\x06\xee\xc1\xf6W\x7f\x13p\
\x13\xe9L\xab\x94\x05\xc6\x81g\xb0]\xab>\x8b\x1d\xc4\
\xb1\xe5\xb9\x9a\x14@'Y\xac\x02\xb8\x17k\x19\x1c&\
\xb5\x0e\xae6f\xb1+\xfb\xe3X\x81\x7f\x1a8\xd1\xed\
\x93\xba\xd2\x5c\xad\x0a`)\xfdX\x05p\x0bv\x9a\xd1\
M\xc0n`'i\xdb\xb2\xad\xc0\x0cv\xa3\xd9Q\xe0\
)l\xcf\xbdWHkIR\x05p\x11F\x80\x1dX\
%p\x10\xd8\x0f\xec\x05\x86\x81>\xa0\x88\xcd4\xe4\x81\
\x0c\xe0\x02\x8aTa\x5cn4\x10cw\xd4\x05\xd8j\
\xbb\x06P\xc5n$\x9b\xc3\x0a\xfbq\xe0\x08vj\xf5\
9\xe0\x0c6o\x9f\xd2\xc1\xff\x0ffv\xcc5\xc1\xe4\
\xcb\xee\x00\x00\x00\x00IEND\xaeB`\x82\
"

qt_resource_name = b"\
\x00\x06\
\x07\x03}\xc3\
\x00i\
\x00m\x00a\x00g\x00e\x00s\
\x00\x0b\
\x0cj,G\
\x00r\
\x00e\x00f\x00r\x00e\x00s\x00h\x00.\x00p\x00n\x00g\
\x00\x09\
\x0b\x85\x83\x07\
\x00c\
\x00l\x00e\x00a\x00r\x00.\x00p\x00n\x00g\
\x00\x08\
\x08\x01A\xff\
\x00m\
\x00a\x00i\x00n\x00.\x00i\x00c\x00o\
"

qt_resource_struct = b"\
\x00\x00\x00\x00\x00\x02\x00\x00\x00\x01\x00\x00\x00\x01\
\x00\x00\x00\x00\x00\x00\x00\x00\
\x00\x00\x00\x00\x00\x02\x00\x00\x00\x03\x00\x00\x00\x02\
\x00\x00\x00\x00\x00\x00\x00\x00\
\x00\x00\x00F\x00\x00\x00\x00\x00\x01\x00\x00\x13\xfe\
\x00\x00\x01\x89\x9b\xc9\xe8\xef\
\x00\x00\x00.\x00\x00\x00\x00\x00\x01\x00\x00\x0aH\
\x00\x00\x01\x89\x9b\xc9\xe8\xee\
\x00\x00\x00\x12\x00\x00\x00\x00\x00\x01\x00\x00\x00\x00\
\x00\x00\x01\x89\x9b\xc9\xe8\xef\
"

def qInitResources():
    QtCore.qRegisterResourceData(0x03, qt_resource_struct, qt_resource_name, qt_resource_data)

def qCleanupResources():
    QtCore.qUnregisterResourceData(0x03, qt_resource_struct, qt_resource_name, qt_resource_data)

qInitResources()
